ID_Cliente,UF,Regiao,Faixa_Etaria,Data_Cadastro
C00001,SP,Sudeste,25-34,2023-05-29
C00002,GO,Centro-Oeste,55+,2023-11-04
C00003,PE,Nordeste,25-34,2024-07-10
C00004,PA,Norte,55+,2023-08-07
C00005,AM,Norte,55+,2025-07-03
C00006,PR,Sul,35-44,2025-10-20
C00007,CE,Nordeste,25-34,2022-09-29
C00008,SP,Sudeste,35-44,2024-10-04
C00009,DF,Centro-Oeste,35-44,2024-04-01
C00010,SP,Sudeste,55+,2025-07-09
C00011,AM,Norte,55+,2023-04-02
C00012,CE,Nordeste,35-44,2023-05-22
C00013,SP,Sudeste,25-34,2025-10-01
C00014,PR,Sul,35-44,2024-05-25
C00015,GO,Centro-Oeste,35-44,2025-12-27
C00016,SP,Sudeste,55+,2025-11-13
C00017,MG,Sudeste,45-54,2023-08-18
C00018,CE,Nordeste,25-34,2022-07-09
C00019,PR,Sul,45-54,2022-02-27
C00020,RN,Nordeste,45-54,2022-06-17
C00021,CE,Nordeste,35-44,2025-10-12
C00022,SP,Sudeste,55+,2022-06-13
C00023,SP,Sudeste,45-54,2025-09-23
C00024,SP,Sudeste,25-34,2024-11-24
C00025,RS,Sul,45-54,2021-12-11
C00026,SC,Sul,25-34,2023-03-08
C00027,CE,Nordeste,25-34,2025-05-13
C00028,SP,Sudeste,18-24,2023-07-13
C00029,SP,Sudeste,35-44,2023-05-28
C00030,SP,Sudeste,35-44,2025-08-25
C00031,RJ,Sudeste,25-34,2024-08-27
C00032,SP,Sudeste,25-34,2023-09-02
C00033,RS,Sul,25-34,2023-03-12
C00034,RJ,Sudeste,25-34,2023-01-11
C00035,CE,Nordeste,35-44,2023-06-07
C00036,DF,Centro-Oeste,25-34,2024-12-07
C00037,PR,Sul,18-24,2024-08-08
C00038,SP,Sudeste,25-34,2023-04-28
C00039,RS,Sul,35-44,2024-03-27
C00040,GO,Centro-Oeste,45-54,2024-12-12
C00041,DF,Centro-Oeste,25-34,2023-10-13
C00042,SP,Sudeste,25-34,2024-08-15
C00043,SP,Sudeste,18-24,2024-06-30
C00044,SC,Sul,25-34,2025-04-15
C00045,RJ,Sudeste,25-34,2024-01-20
C00046,SP,Sudeste,35-44,2022-01-22
C00047,BA,Nordeste,35-44,2022-09-11
C00048,BA,Nordeste,25-34,2022-04-08
C00049,SP,Sudeste,25-34,2022-12-11
C00050,BA,Nordeste,35-44,2023-01-12
C00051,RJ,Sudeste,35-44,2025-11-21
C00052,PE,Nordeste,25-34,2023-12-06
C00053,PE,Nordeste,25-34,2024-07-19
C00054,CE,Nordeste,25-34,2025-02-26
C00055,CE,Nordeste,18-24,2025-12-26
C00056,RS,Sul,35-44,2023-06-07
C00057,BA,Nordeste,35-44,2022-04-26
C00058,MG,Sudeste,25-34,2023-07-03
C00059,SP,Sudeste,25-34,2023-01-16
C00060,SP,Sudeste,25-34,2024-12-10
C00061,SP,Sudeste,25-34,2024-06-01
C00062,SP,Sudeste,55+,2022-06-14
C00063,SP,Sudeste,35-44,2024-12-08
C00064,CE,Nordeste,25-34,2023-08-10
C00065,SP,Sudeste,35-44,2025-12-31
C00066,SP,Sudeste,35-44,2022-09-10
C00067,GO,Centro-Oeste,35-44,2024-07-25
C00068,MG,Sudeste,45-54,2025-08-04
C00069,ES,Sudeste,55+,2022-11-21
C00070,MG,Sudeste,25-34,2025-11-02
C00071,SP,Sudeste,18-24,2022-05-05
C00072,BA,Nordeste,35-44,2023-10-17
C00073,SP,Sudeste,25-34,2023-02-11
C00074,RS,Sul,25-34,2023-09-08
C00075,PA,Norte,25-34,2023-10-01
C00076,RJ,Sudeste,35-44,2024-10-30
C00077,RS,Sul,25-34,2022-07-29
C00078,MG,Sudeste,45-54,2024-07-01
C00079,MG,Sudeste,55+,2025-06-10
C00080,SP,Sudeste,25-34,2025-02-11
C00081,DF,Centro-Oeste,35-44,2024-12-30
C00082,AM,Norte,35-44,2024-01-11
C00083,MG,Sudeste,35-44,2025-03-23
C00084,SP,Sudeste,55+,2024-05-19
C00085,MG,Sudeste,45-54,2022-03-18
C00086,RJ,Sudeste,35-44,2023-05-28
C00087,SP,Sudeste,35-44,2024-09-14
C00088,CE,Nordeste,45-54,2025-07-09
C00089,BA,Nordeste,45-54,2021-12-25
C00090,RJ,Sudeste,18-24,2022-05-01
C00091,BA,Nordeste,35-44,2025-01-23
C00092,BA,Nordeste,25-34,2024-12-03
C00093,SP,Sudeste,25-34,2022-07-16
C00094,PR,Sul,25-34,2025-05-12
C00095,RJ,Sudeste,55+,2023-11-19
C00096,SP,Sudeste,18-24,2022-11-10
C00097,PR,Sul,35-44,2024-12-16
C00098,RJ,Sudeste,35-44,2023-12-09
C00099,PE,Nordeste,35-44,2024-01-16
C00100,PR,Sul,35-44,2023-05-29
C00101,GO,Centro-Oeste,55+,2025-06-26
C00102,SP,Sudeste,18-24,2025-03-29
C00103,MG,Sudeste,45-54,2023-05-29
C00104,DF,Centro-Oeste,35-44,2025-07-12
C00105,GO,Centro-Oeste,25-34,2025-08-02
C00106,DF,Centro-Oeste,25-34,2025-05-10
C00107,MG,Sudeste,35-44,2024-12-22
C00108,RJ,Sudeste,35-44,2025-06-16
C00109,PA,Norte,35-44,2023-03-04
C00110,SP,Sudeste,25-34,2025-01-16
C00111,SP,Sudeste,25-34,2025-12-15
C00112,SP,Sudeste,25-34,2025-11-10
C00113,SP,Sudeste,45-54,2024-01-03
C00114,MG,Sudeste,35-44,2022-03-21
C00115,MG,Sudeste,55+,2023-06-03
C00116,SP,Sudeste,35-44,2024-10-13
C00117,MG,Sudeste,35-44,2023-07-16
C00118,SP,Sudeste,45-54,2024-04-10
C00119,SP,Sudeste,25-34,2024-08-27
C00120,SP,Sudeste,55+,2024-06-14
C00121,SP,Sudeste,25-34,2022-07-08
C00122,SP,Sudeste,45-54,2022-11-05
C00123,PA,Norte,35-44,2024-03-22
C00124,SP,Sudeste,35-44,2023-02-23
C00125,PE,Nordeste,45-54,2025-09-05
C00126,SP,Sudeste,25-34,2024-03-14
C00127,RS,Sul,35-44,2025-10-02
C00128,SP,Sudeste,45-54,2024-11-14
C00129,SP,Sudeste,35-44,2023-04-25
C00130,SP,Sudeste,25-34,2025-12-17
C00131,SP,Sudeste,25-34,2025-12-05
C00132,RJ,Sudeste,18-24,2023-05-18
C00133,CE,Nordeste,25-34,2023-08-10
C00134,SP,Sudeste,55+,2023-03-25
C00135,SP,Sudeste,25-34,2024-10-26
C00136,RJ,Sudeste,55+,2024-11-03
C00137,RJ,Sudeste,35-44,2025-09-21
C00138,BA,Nordeste,45-54,2023-07-23
C00139,BA,Nordeste,35-44,2023-10-22
C00140,CE,Nordeste,25-34,2025-10-26
C00141,SP,Sudeste,18-24,2022-11-27
C00142,PE,Nordeste,35-44,2022-07-28
C00143,BA,Nordeste,25-34,2025-07-10
C00144,SP,Sudeste,35-44,2023-03-14
C00145,SP,Sudeste,25-34,2023-08-03
C00146,RJ,Sudeste,45-54,2024-02-14
C00147,SC,Sul,55+,2023-11-16
C00148,CE,Nordeste,55+,2025-03-07
C00149,RS,Sul,45-54,2024-05-03
C00150,SC,Sul,35-44,2024-08-27
C00151,RJ,Sudeste,55+,2025-01-23
C00152,MG,Sudeste,25-34,2025-04-26
C00153,BA,Nordeste,45-54,2025-12-17
C00154,SP,Sudeste,45-54,2022-08-08
C00155,SP,Sudeste,35-44,2023-05-06
C00156,SP,Sudeste,45-54,2024-11-06
C00157,MG,Sudeste,55+,2024-07-10
C00158,PE,Nordeste,45-54,2025-03-14
C00159,SP,Sudeste,25-34,2025-01-22
C00160,SP,Sudeste,25-34,2023-02-25
C00161,SP,Sudeste,45-54,2025-08-30
C00162,RS,Sul,45-54,2024-12-31
C00163,MG,Sudeste,25-34,2025-10-16
C00164,SP,Sudeste,55+,2024-02-13
C00165,PR,Sul,35-44,2022-07-04
C00166,PR,Sul,55+,2023-04-05
C00167,MG,Sudeste,25-34,2023-05-12
C00168,SP,Sudeste,25-34,2023-11-03
C00169,SP,Sudeste,35-44,2025-06-05
C00170,RS,Sul,35-44,2025-11-01
C00171,SP,Sudeste,35-44,2024-09-26
C00172,PA,Norte,45-54,2024-10-30
C00173,RJ,Sudeste,35-44,2022-11-08
C00174,BA,Nordeste,18-24,2024-05-07
C00175,SC,Sul,25-34,2023-11-11
C00176,SP,Sudeste,35-44,2022-12-01
C00177,DF,Centro-Oeste,25-34,2025-02-19
C00178,RJ,Sudeste,25-34,2023-09-17
C00179,BA,Nordeste,25-34,2024-10-09
C00180,SP,Sudeste,25-34,2025-03-19
C00181,SP,Sudeste,35-44,2024-11-02
C00182,SP,Sudeste,35-44,2023-01-25
C00183,GO,Centro-Oeste,25-34,2025-11-15
C00184,BA,Nordeste,35-44,2022-05-31
C00185,PR,Sul,45-54,2022-08-03
C00186,SP,Sudeste,45-54,2024-08-18
C00187,PR,Sul,18-24,2023-05-01
C00188,SP,Sudeste,25-34,2023-08-06
C00189,DF,Centro-Oeste,25-34,2023-03-19
C00190,MG,Sudeste,35-44,2023-08-08
C00191,PE,Nordeste,35-44,2023-11-09
C00192,BA,Nordeste,25-34,2023-12-15
C00193,MT,Centro-Oeste,18-24,2023-06-09
C00194,SP,Sudeste,25-34,2025-02-18
C00195,RS,Sul,25-34,2025-04-02
C00196,MG,Sudeste,25-34,2025-04-12
C00197,PR,Sul,35-44,2024-11-06
C00198,SP,Sudeste,25-34,2024-12-14
C00199,SP,Sudeste,35-44,2023-10-06
C00200,MG,Sudeste,45-54,2024-07-24
C00201,BA,Nordeste,35-44,2023-07-12
C00202,SP,Sudeste,35-44,2024-12-31
C00203,SP,Sudeste,25-34,2023-03-08
C00204,RJ,Sudeste,25-34,2023-09-21
C00205,PR,Sul,35-44,2023-08-05
C00206,RS,Sul,55+,2024-01-23
C00207,PR,Sul,45-54,2025-03-02
C00208,BA,Nordeste,35-44,2024-02-17
C00209,PR,Sul,25-34,2022-11-28
C00210,BA,Nordeste,35-44,2023-07-01
C00211,SP,Sudeste,45-54,2023-08-17
C00212,RS,Sul,25-34,2024-03-27
C00213,ES,Sudeste,25-34,2024-01-24
C00214,RS,Sul,35-44,2024-07-09
C00215,RJ,Sudeste,35-44,2022-10-24
C00216,SP,Sudeste,35-44,2023-12-31
C00217,SP,Sudeste,35-44,2025-05-04
C00218,PR,Sul,25-34,2022-05-09
C00219,DF,Centro-Oeste,55+,2023-11-05
C00220,SP,Sudeste,55+,2023-07-17
C00221,SP,Sudeste,55+,2025-09-06
C00222,MT,Centro-Oeste,25-34,2022-10-12
C00223,PA,Norte,25-34,2024-06-13
C00224,SP,Sudeste,45-54,2025-03-29
C00225,ES,Sudeste,25-34,2025-11-30
C00226,SP,Sudeste,45-54,2024-08-06
C00227,DF,Centro-Oeste,35-44,2025-11-29
C00228,SP,Sudeste,55+,2023-02-01
C00229,RS,Sul,25-34,2023-03-14
C00230,SP,Sudeste,35-44,2025-03-04
C00231,MG,Sudeste,45-54,2025-05-30
C00232,SP,Sudeste,18-24,2025-08-25
C00233,MG,Sudeste,35-44,2025-06-13
C00234,SP,Sudeste,45-54,2025-02-26
C00235,MG,Sudeste,45-54,2025-10-13
C00236,RS,Sul,18-24,2022-12-19
C00237,RJ,Sudeste,45-54,2022-09-13
C00238,PA,Norte,35-44,2025-01-10
C00239,MG,Sudeste,35-44,2025-07-26
C00240,RS,Sul,35-44,2022-01-23
C00241,PE,Nordeste,45-54,2024-04-04
C00242,SP,Sudeste,18-24,2024-09-15
C00243,RS,Sul,18-24,2024-12-30
C00244,MG,Sudeste,25-34,2023-03-09
C00245,SP,Sudeste,18-24,2024-01-07
C00246,DF,Centro-Oeste,35-44,2025-02-05
C00247,PA,Norte,35-44,2024-05-30
C00248,CE,Nordeste,35-44,2022-07-19
C00249,PA,Norte,35-44,2025-03-26
C00250,GO,Centro-Oeste,25-34,2023-02-07
C00251,BA,Nordeste,25-34,2024-12-08
C00252,MT,Centro-Oeste,25-34,2022-06-23
C00253,GO,Centro-Oeste,25-34,2024-10-10
C00254,SP,Sudeste,35-44,2025-08-21
C00255,PE,Nordeste,25-34,2025-01-03
C00256,DF,Centro-Oeste,25-34,2025-07-17
C00257,PE,Nordeste,45-54,2023-06-27
C00258,MT,Centro-Oeste,25-34,2025-07-30
C00259,RS,Sul,18-24,2024-01-05
C00260,SP,Sudeste,25-34,2024-10-20
C00261,PE,Nordeste,25-34,2025-11-27
C00262,PR,Sul,18-24,2024-10-03
C00263,MG,Sudeste,18-24,2022-04-29
C00264,PE,Nordeste,45-54,2025-07-24
C00265,SP,Sudeste,55+,2024-03-29
C00266,SP,Sudeste,45-54,2024-03-14
C00267,SP,Sudeste,35-44,2025-02-20
C00268,BA,Nordeste,18-24,2025-09-12
C00269,SP,Sudeste,18-24,2025-05-25
C00270,DF,Centro-Oeste,35-44,2022-08-12
C00271,BA,Nordeste,25-34,2025-07-05
C00272,GO,Centro-Oeste,45-54,2025-03-08
C00273,MG,Sudeste,55+,2024-08-10
C00274,RJ,Sudeste,55+,2023-07-02
C00275,RJ,Sudeste,45-54,2025-10-23
C00276,RS,Sul,45-54,2022-04-02
C00277,SP,Sudeste,25-34,2024-07-04
C00278,MG,Sudeste,18-24,2025-11-29
C00279,PR,Sul,18-24,2024-06-18
C00280,GO,Centro-Oeste,25-34,2025-05-10
C00281,SP,Sudeste,35-44,2025-07-21
C00282,MG,Sudeste,35-44,2023-05-15
C00283,SP,Sudeste,25-34,2022-06-29
C00284,RJ,Sudeste,25-34,2025-07-15
C00285,SP,Sudeste,25-34,2023-07-26
C00286,RJ,Sudeste,35-44,2022-07-31
C00287,MG,Sudeste,45-54,2025-05-21
C00288,BA,Nordeste,35-44,2023-06-05
C00289,RS,Sul,25-34,2023-09-26
C00290,GO,Centro-Oeste,35-44,2025-09-15
C00291,RJ,Sudeste,35-44,2023-11-09
C00292,ES,Sudeste,35-44,2022-12-24
C00293,RJ,Sudeste,25-34,2025-06-13
C00294,SP,Sudeste,35-44,2024-02-18
C00295,RS,Sul,25-34,2023-05-31
C00296,RJ,Sudeste,35-44,2023-05-06
C00297,SP,Sudeste,18-24,2023-06-18
C00298,SP,Sudeste,35-44,2024-08-06
C00299,PR,Sul,45-54,2024-03-05
C00300,PR,Sul,18-24,2025-07-28
C00301,SP,Sudeste,35-44,2024-01-25
C00302,RJ,Sudeste,35-44,2024-03-09
C00303,SC,Sul,18-24,2024-11-03
C00304,RJ,Sudeste,35-44,2025-02-24
C00305,RJ,Sudeste,45-54,2024-11-20
C00306,BA,Nordeste,45-54,2025-08-16
C00307,RJ,Sudeste,35-44,2025-05-23
C00308,RJ,Sudeste,45-54,2023-01-17
C00309,PR,Sul,18-24,2024-03-25
C00310,RJ,Sudeste,25-34,2024-03-05
C00311,SP,Sudeste,45-54,2024-09-13
C00312,SC,Sul,35-44,2025-01-01
C00313,PR,Sul,45-54,2025-12-31
C00314,RS,Sul,35-44,2024-08-08
C00315,SP,Sudeste,25-34,2024-11-11
C00316,PR,Sul,18-24,2024-12-06
C00317,SP,Sudeste,35-44,2025-10-24
C00318,SP,Sudeste,25-34,2024-01-30
C00319,GO,Centro-Oeste,25-34,2023-09-27
C00320,SC,Sul,18-24,2025-02-16
C00321,RS,Sul,18-24,2025-05-06
C00322,RJ,Sudeste,45-54,2025-02-26
C00323,SP,Sudeste,45-54,2023-09-21
C00324,PR,Sul,18-24,2022-07-05
C00325,SP,Sudeste,25-34,2025-04-06
C00326,SP,Sudeste,35-44,2023-04-18
C00327,BA,Nordeste,35-44,2024-03-15
C00328,MG,Sudeste,55+,2025-11-28
C00329,MG,Sudeste,55+,2022-07-27
C00330,PA,Norte,45-54,2022-10-30
C00331,SP,Sudeste,25-34,2022-04-26
C00332,RS,Sul,25-34,2022-05-26
C00333,MG,Sudeste,35-44,2023-01-31
C00334,PE,Nordeste,35-44,2025-10-27
C00335,PR,Sul,25-34,2022-11-18
C00336,DF,Centro-Oeste,25-34,2025-07-20
C00337,RN,Nordeste,35-44,2022-05-18
C00338,RJ,Sudeste,25-34,2024-09-05
C00339,ES,Sudeste,45-54,2024-11-04
C00340,SP,Sudeste,45-54,2025-05-25
C00341,MG,Sudeste,25-34,2024-04-09
C00342,SP,Sudeste,55+,2022-09-11
C00343,SP,Sudeste,25-34,2025-03-13
C00344,PR,Sul,25-34,2024-02-14
C00345,GO,Centro-Oeste,45-54,2022-03-27
C00346,CE,Nordeste,35-44,2024-07-28
C00347,SP,Sudeste,55+,2022-04-21
C00348,SP,Sudeste,45-54,2025-03-13
C00349,RS,Sul,35-44,2025-08-15
C00350,SP,Sudeste,55+,2023-05-03
C00351,SP,Sudeste,35-44,2022-12-13
C00352,SP,Sudeste,35-44,2023-01-25
C00353,SP,Sudeste,25-34,2024-01-20
C00354,SP,Sudeste,25-34,2025-11-04
C00355,PR,Sul,18-24,2025-05-07
C00356,SP,Sudeste,25-34,2025-05-09
C00357,ES,Sudeste,25-34,2023-01-24
C00358,SP,Sudeste,35-44,2025-03-13
C00359,SP,Sudeste,35-44,2024-09-28
C00360,PR,Sul,35-44,2025-06-08
C00361,GO,Centro-Oeste,25-34,2025-05-05
C00362,GO,Centro-Oeste,45-54,2024-06-30
C00363,GO,Centro-Oeste,45-54,2023-04-06
C00364,RJ,Sudeste,45-54,2025-10-17
C00365,RS,Sul,25-34,2024-08-05
C00366,PA,Norte,25-34,2025-05-28
C00367,MG,Sudeste,45-54,2021-11-30
C00368,SP,Sudeste,55+,2021-12-20
C00369,RJ,Sudeste,35-44,2023-12-29
C00370,DF,Centro-Oeste,25-34,2025-02-05
C00371,RS,Sul,55+,2023-06-28
C00372,SP,Sudeste,25-34,2025-07-23
C00373,PA,Norte,35-44,2025-01-15
C00374,RN,Nordeste,18-24,2024-12-12
C00375,RJ,Sudeste,25-34,2025-03-24
C00376,MG,Sudeste,25-34,2025-11-03
C00377,SP,Sudeste,55+,2022-06-17
C00378,SP,Sudeste,55+,2024-07-18
C00379,SP,Sudeste,45-54,2023-11-23
C00380,RS,Sul,25-34,2023-03-12
C00381,RJ,Sudeste,25-34,2023-05-15
C00382,SP,Sudeste,25-34,2025-02-09
C00383,RJ,Sudeste,25-34,2025-08-22
C00384,RN,Nordeste,25-34,2024-09-21
C00385,SP,Sudeste,55+,2022-11-09
C00386,PR,Sul,35-44,2024-03-27
C00387,RN,Nordeste,45-54,2024-02-15
C00388,SC,Sul,35-44,2024-10-25
C00389,AM,Norte,55+,2025-04-26
C00390,SP,Sudeste,35-44,2024-07-10
C00391,CE,Nordeste,25-34,2025-01-03
C00392,SP,Sudeste,25-34,2024-03-28
C00393,MG,Sudeste,35-44,2024-02-27
C00394,SP,Sudeste,18-24,2023-02-08
C00395,RN,Nordeste,55+,2022-10-23
C00396,SP,Sudeste,25-34,2023-10-20
C00397,SP,Sudeste,45-54,2024-04-21
C00398,MG,Sudeste,45-54,2022-12-27
C00399,CE,Nordeste,25-34,2021-12-28
C00400,MG,Sudeste,25-34,2023-06-14
C00401,SP,Sudeste,35-44,2025-02-05
C00402,RJ,Sudeste,25-34,2022-05-29
C00403,RJ,Sudeste,25-34,2022-08-20
C00404,RJ,Sudeste,25-34,2022-07-23
C00405,MT,Centro-Oeste,25-34,2025-01-06
C00406,MG,Sudeste,35-44,2025-01-15
C00407,SC,Sul,18-24,2025-03-31
C00408,PA,Norte,55+,2025-05-02
C00409,SP,Sudeste,45-54,2022-07-24
C00410,SC,Sul,35-44,2025-10-26
C00411,SP,Sudeste,55+,2024-10-10
C00412,SC,Sul,25-34,2022-10-25
C00413,SP,Sudeste,25-34,2022-03-20
C00414,SC,Sul,25-34,2024-03-28
C00415,BA,Nordeste,35-44,2024-06-23
C00416,CE,Nordeste,35-44,2025-10-13
C00417,CE,Nordeste,25-34,2025-09-12
C00418,SP,Sudeste,45-54,2024-08-15
C00419,MG,Sudeste,25-34,2025-04-13
C00420,BA,Nordeste,35-44,2025-08-26
C00421,RJ,Sudeste,25-34,2022-08-28
C00422,SC,Sul,25-34,2023-11-02
C00423,RJ,Sudeste,35-44,2025-02-23
C00424,RJ,Sudeste,25-34,2025-08-30
C00425,SP,Sudeste,25-34,2023-01-11
C00426,RJ,Sudeste,25-34,2023-07-27
C00427,MG,Sudeste,25-34,2023-05-16
C00428,SC,Sul,45-54,2024-04-25
C00429,SP,Sudeste,25-34,2024-02-08
C00430,RS,Sul,55+,2025-12-30
C00431,PE,Nordeste,45-54,2025-10-17
C00432,SP,Sudeste,25-34,2023-07-13
C00433,SP,Sudeste,18-24,2024-04-04
C00434,BA,Nordeste,25-34,2022-03-06
C00435,RJ,Sudeste,25-34,2025-10-01
C00436,RJ,Sudeste,45-54,2022-09-26
C00437,SP,Sudeste,25-34,2022-10-16
C00438,RJ,Sudeste,25-34,2025-01-08
C00439,SP,Sudeste,35-44,2023-10-02
C00440,PA,Norte,18-24,2024-08-19
C00441,SC,Sul,45-54,2022-10-25
C00442,ES,Sudeste,45-54,2023-02-05
C00443,SP,Sudeste,25-34,2025-03-03
C00444,SP,Sudeste,35-44,2024-04-10
C00445,SP,Sudeste,35-44,2025-08-10
C00446,SP,Sudeste,35-44,2022-06-07
C00447,SP,Sudeste,25-34,2025-02-14
C00448,MG,Sudeste,45-54,2024-06-24
C00449,SP,Sudeste,18-24,2023-08-16
C00450,SP,Sudeste,55+,2022-08-23
C00451,RJ,Sudeste,45-54,2024-05-23
C00452,PR,Sul,25-34,2024-07-05
C00453,MG,Sudeste,55+,2024-05-10
C00454,SP,Sudeste,35-44,2025-08-11
C00455,RN,Nordeste,25-34,2024-05-22
C00456,RS,Sul,45-54,2024-03-28
C00457,DF,Centro-Oeste,25-34,2024-02-23
C00458,SC,Sul,35-44,2025-10-03
C00459,ES,Sudeste,25-34,2023-09-20
C00460,PE,Nordeste,45-54,2024-08-13
C00461,SP,Sudeste,18-24,2024-04-27
C00462,PE,Nordeste,45-54,2022-04-09
C00463,ES,Sudeste,25-34,2022-10-26
C00464,MT,Centro-Oeste,45-54,2025-03-12
C00465,CE,Nordeste,45-54,2024-08-01
C00466,MG,Sudeste,25-34,2025-07-02
C00467,SP,Sudeste,25-34,2024-07-03
C00468,PR,Sul,18-24,2024-11-27
C00469,DF,Centro-Oeste,25-34,2024-07-31
C00470,BA,Nordeste,35-44,2023-08-10
C00471,SP,Sudeste,25-34,2023-11-25
C00472,BA,Nordeste,18-24,2022-12-13
C00473,SC,Sul,55+,2023-08-11
C00474,SC,Sul,55+,2023-06-28
C00475,PE,Nordeste,55+,2024-01-08
C00476,SP,Sudeste,35-44,2025-05-27
C00477,SP,Sudeste,35-44,2022-02-16
C00478,SP,Sudeste,45-54,2023-10-04
C00479,SP,Sudeste,25-34,2023-10-19
C00480,RJ,Sudeste,35-44,2025-12-16
C00481,SC,Sul,18-24,2024-04-01
C00482,DF,Centro-Oeste,45-54,2023-05-19
C00483,RJ,Sudeste,25-34,2023-12-24
C00484,RJ,Sudeste,45-54,2024-07-17
C00485,RS,Sul,25-34,2023-08-12
C00486,SP,Sudeste,25-34,2023-06-29
C00487,RJ,Sudeste,45-54,2025-08-07
C00488,SP,Sudeste,55+,2022-03-22
C00489,AM,Norte,35-44,2025-08-01
C00490,RJ,Sudeste,55+,2024-10-02
C00491,SP,Sudeste,35-44,2024-10-10
C00492,RJ,Sudeste,35-44,2024-10-01
C00493,PE,Nordeste,35-44,2023-05-06
C00494,SP,Sudeste,55+,2024-05-21
C00495,SP,Sudeste,35-44,2023-12-02
C00496,GO,Centro-Oeste,45-54,2025-04-13
C00497,SP,Sudeste,35-44,2024-06-24
C00498,CE,Nordeste,35-44,2025-10-09
C00499,SP,Sudeste,18-24,2025-03-03
C00500,RJ,Sudeste,18-24,2022-05-30
C00501,PA,Norte,45-54,2023-07-27
C00502,SP,Sudeste,35-44,2023-09-30
C00503,PE,Nordeste,35-44,2024-10-11
C00504,MG,Sudeste,25-34,2025-10-12
C00505,SP,Sudeste,45-54,2025-05-08
C00506,RS,Sul,45-54,2025-03-12
C00507,SP,Sudeste,18-24,2023-05-25
C00508,ES,Sudeste,35-44,2023-06-22
C00509,ES,Sudeste,18-24,2022-01-18
C00510,MG,Sudeste,45-54,2022-10-11
C00511,SP,Sudeste,35-44,2023-10-23
C00512,PR,Sul,18-24,2023-08-03
C00513,MG,Sudeste,25-34,2025-10-28
C00514,PR,Sul,35-44,2024-03-30
C00515,RJ,Sudeste,45-54,2023-01-16
C00516,RJ,Sudeste,18-24,2023-05-29
C00517,SP,Sudeste,45-54,2025-04-06
C00518,PR,Sul,25-34,2025-03-19
C00519,SC,Sul,25-34,2023-09-02
C00520,SC,Sul,25-34,2025-04-20
C00521,SP,Sudeste,35-44,2022-11-16
C00522,RS,Sul,25-34,2025-04-24
C00523,RJ,Sudeste,35-44,2024-10-04
C00524,MG,Sudeste,25-34,2024-05-08
C00525,SC,Sul,25-34,2022-04-10
C00526,SP,Sudeste,35-44,2023-05-05
C00527,RS,Sul,55+,2023-02-22
C00528,ES,Sudeste,45-54,2024-03-24
C00529,MT,Centro-Oeste,55+,2023-04-29
C00530,MG,Sudeste,55+,2025-09-15
C00531,SC,Sul,25-34,2025-11-24
C00532,SP,Sudeste,35-44,2025-10-29
C00533,RJ,Sudeste,35-44,2024-06-02
C00534,SP,Sudeste,35-44,2022-05-22
C00535,BA,Nordeste,35-44,2024-05-23
C00536,PA,Norte,18-24,2025-03-04
C00537,BA,Nordeste,35-44,2024-02-17
C00538,SP,Sudeste,35-44,2023-10-11
C00539,SP,Sudeste,25-34,2024-06-14
C00540,MG,Sudeste,25-34,2023-09-08
C00541,SP,Sudeste,35-44,2023-09-11
C00542,RJ,Sudeste,25-34,2024-06-21
C00543,MG,Sudeste,25-34,2024-01-09
C00544,RS,Sul,35-44,2022-07-12
C00545,RJ,Sudeste,25-34,2022-06-10
C00546,ES,Sudeste,45-54,2024-01-01
C00547,RN,Nordeste,25-34,2023-05-08
C00548,PE,Nordeste,18-24,2023-06-07
C00549,SP,Sudeste,35-44,2024-02-09
C00550,SP,Sudeste,55+,2024-07-18
C00551,RJ,Sudeste,45-54,2025-12-15
C00552,SP,Sudeste,25-34,2022-12-02
C00553,SP,Sudeste,18-24,2025-02-12
C00554,SC,Sul,35-44,2023-12-25
C00555,PA,Norte,35-44,2024-06-18
C00556,ES,Sudeste,35-44,2024-12-10
C00557,PE,Nordeste,18-24,2024-12-04
C00558,PE,Nordeste,35-44,2024-03-12
C00559,SP,Sudeste,25-34,2023-08-03
C00560,RS,Sul,25-34,2024-10-12
C00561,BA,Nordeste,25-34,2023-10-21
C00562,CE,Nordeste,25-34,2022-09-22
C00563,PR,Sul,45-54,2022-12-21
C00564,SP,Sudeste,45-54,2023-07-04
C00565,AM,Norte,55+,2024-09-19
C00566,SP,Sudeste,45-54,2022-09-26
C00567,SP,Sudeste,35-44,2025-02-15
C00568,PA,Norte,35-44,2024-10-22
C00569,SP,Sudeste,45-54,2024-08-28
C00570,SP,Sudeste,25-34,2023-05-03
C00571,SP,Sudeste,25-34,2022-05-24
C00572,SP,Sudeste,45-54,2025-11-02
C00573,BA,Nordeste,35-44,2022-04-20
C00574,SP,Sudeste,35-44,2025-09-16
C00575,RJ,Sudeste,25-34,2024-11-02
C00576,RS,Sul,25-34,2024-04-11
C00577,SP,Sudeste,35-44,2025-05-22
C00578,MG,Sudeste,35-44,2023-11-12
C00579,SP,Sudeste,45-54,2024-07-18
C00580,SP,Sudeste,35-44,2023-11-23
C00581,MG,Sudeste,18-24,2025-03-08
C00582,DF,Centro-Oeste,25-34,2023-01-14
C00583,RJ,Sudeste,55+,2025-11-10
C00584,MT,Centro-Oeste,35-44,2022-08-19
C00585,SP,Sudeste,25-34,2023-07-30
C00586,PR,Sul,25-34,2023-02-28
C00587,SP,Sudeste,35-44,2025-03-30
C00588,RJ,Sudeste,45-54,2024-04-18
C00589,RJ,Sudeste,45-54,2024-09-05
C00590,DF,Centro-Oeste,45-54,2023-08-02
C00591,PA,Norte,45-54,2025-02-18
C00592,SP,Sudeste,35-44,2025-08-16
C00593,DF,Centro-Oeste,25-34,2024-04-05
C00594,PE,Nordeste,25-34,2022-04-07
C00595,PE,Nordeste,35-44,2025-04-29
C00596,SP,Sudeste,25-34,2022-10-16
C00597,CE,Nordeste,25-34,2025-12-23
C00598,SP,Sudeste,25-34,2023-06-09
C00599,SP,Sudeste,35-44,2025-01-19
C00600,SP,Sudeste,25-34,2023-04-12
C00601,SP,Sudeste,35-44,2023-12-27
C00602,SP,Sudeste,25-34,2023-11-24
C00603,SP,Sudeste,35-44,2023-03-05
C00604,SP,Sudeste,45-54,2023-03-16
C00605,CE,Nordeste,25-34,2025-12-30
C00606,MG,Sudeste,35-44,2022-03-01
C00607,SP,Sudeste,18-24,2025-06-12
C00608,PR,Sul,18-24,2022-05-03
C00609,SC,Sul,35-44,2022-03-29
C00610,CE,Nordeste,25-34,2022-01-21
C00611,PA,Norte,35-44,2023-11-26
C00612,DF,Centro-Oeste,25-34,2022-02-28
C00613,SP,Sudeste,55+,2023-04-09
C00614,MG,Sudeste,25-34,2025-01-03
C00615,GO,Centro-Oeste,35-44,2025-01-13
C00616,PR,Sul,55+,2024-10-26
C00617,RJ,Sudeste,45-54,2025-07-15
C00618,CE,Nordeste,55+,2023-07-05
C00619,PA,Norte,25-34,2022-10-16
C00620,SP,Sudeste,35-44,2025-03-23
C00621,DF,Centro-Oeste,25-34,2025-10-04
C00622,SP,Sudeste,25-34,2025-07-15
C00623,SP,Sudeste,35-44,2024-01-25
C00624,PR,Sul,18-24,2025-09-22
C00625,BA,Nordeste,55+,2022-03-15
C00626,BA,Nordeste,35-44,2022-07-17
C00627,SP,Sudeste,25-34,2023-01-10
C00628,PR,Sul,45-54,2024-11-09
C00629,MG,Sudeste,35-44,2025-10-21
C00630,RJ,Sudeste,18-24,2024-11-10
C00631,SP,Sudeste,18-24,2024-03-07
C00632,MG,Sudeste,25-34,2023-01-28
C00633,BA,Nordeste,35-44,2023-01-15
C00634,RS,Sul,55+,2024-03-07
C00635,BA,Nordeste,25-34,2023-03-15
C00636,BA,Nordeste,45-54,2024-09-03
C00637,GO,Centro-Oeste,25-34,2025-07-13
C00638,RS,Sul,25-34,2023-06-25
C00639,SP,Sudeste,35-44,2024-09-15
C00640,SP,Sudeste,35-44,2024-10-09
C00641,SP,Sudeste,18-24,2024-02-19
C00642,SP,Sudeste,35-44,2023-04-20
C00643,PR,Sul,25-34,2024-10-23
C00644,SP,Sudeste,35-44,2024-10-05
C00645,SP,Sudeste,25-34,2023-07-09
C00646,RS,Sul,55+,2024-08-23
C00647,PA,Norte,55+,2024-03-25
C00648,RJ,Sudeste,35-44,2022-10-27
C00649,SP,Sudeste,25-34,2025-12-07
C00650,CE,Nordeste,35-44,2025-04-25
C00651,PR,Sul,25-34,2022-04-20
C00652,MG,Sudeste,18-24,2023-11-24
C00653,SP,Sudeste,45-54,2023-01-21
C00654,SC,Sul,25-34,2024-09-30
C00655,RS,Sul,35-44,2024-10-07
C00656,BA,Nordeste,35-44,2022-02-21
C00657,RJ,Sudeste,25-34,2023-06-22
C00658,SP,Sudeste,55+,2024-12-10
C00659,SP,Sudeste,55+,2022-08-13
C00660,RJ,Sudeste,55+,2022-03-21
C00661,RS,Sul,45-54,2025-07-01
C00662,DF,Centro-Oeste,45-54,2023-11-12
C00663,MG,Sudeste,18-24,2021-12-12
C00664,MG,Sudeste,35-44,2022-03-09
C00665,SP,Sudeste,25-34,2023-10-27
C00666,SP,Sudeste,25-34,2025-06-14
C00667,SP,Sudeste,35-44,2024-06-06
C00668,SP,Sudeste,35-44,2024-05-21
C00669,PR,Sul,45-54,2024-12-04
C00670,RS,Sul,45-54,2024-10-27
C00671,GO,Centro-Oeste,35-44,2023-05-26
C00672,SP,Sudeste,25-34,2022-11-30
C00673,RS,Sul,25-34,2025-12-06
C00674,MG,Sudeste,25-34,2022-10-08
C00675,PE,Nordeste,25-34,2024-07-15
C00676,PR,Sul,45-54,2024-10-02
C00677,PR,Sul,18-24,2025-08-18
C00678,DF,Centro-Oeste,35-44,2024-02-01
C00679,PE,Nordeste,25-34,2022-04-18
C00680,MG,Sudeste,25-34,2025-10-22
C00681,PR,Sul,55+,2023-11-05
C00682,SP,Sudeste,18-24,2023-04-07
C00683,RS,Sul,25-34,2025-09-30
C00684,SP,Sudeste,35-44,2023-09-03
C00685,SP,Sudeste,35-44,2025-11-28
C00686,RJ,Sudeste,35-44,2024-10-09
C00687,RJ,Sudeste,25-34,2022-12-12
C00688,SP,Sudeste,35-44,2024-07-05
C00689,RJ,Sudeste,55+,2025-06-11
C00690,PA,Norte,18-24,2025-11-19
C00691,MG,Sudeste,45-54,2025-11-11
C00692,SP,Sudeste,45-54,2022-05-31
C00693,RJ,Sudeste,25-34,2025-11-20
C00694,SP,Sudeste,45-54,2025-10-12
C00695,SP,Sudeste,35-44,2022-08-28
C00696,PE,Nordeste,45-54,2023-06-23
C00697,RJ,Sudeste,45-54,2022-08-22
C00698,SP,Sudeste,25-34,2025-02-09
C00699,SC,Sul,45-54,2023-10-08
C00700,MG,Sudeste,45-54,2023-12-05
C00701,SP,Sudeste,18-24,2025-03-19
C00702,SC,Sul,35-44,2022-12-10
C00703,SP,Sudeste,35-44,2025-01-01
C00704,PE,Nordeste,25-34,2023-09-30
C00705,SP,Sudeste,55+,2022-05-15
C00706,PR,Sul,55+,2024-06-10
C00707,RS,Sul,45-54,2023-08-28
C00708,SP,Sudeste,55+,2025-03-11
C00709,PR,Sul,25-34,2024-09-04
C00710,SC,Sul,25-34,2024-08-09
C00711,PR,Sul,35-44,2023-05-22
C00712,RJ,Sudeste,45-54,2025-12-31
C00713,MG,Sudeste,25-34,2024-11-19
C00714,PR,Sul,45-54,2025-09-20
C00715,SC,Sul,35-44,2023-02-14
C00716,RJ,Sudeste,35-44,2023-09-23
C00717,MG,Sudeste,45-54,2022-12-26
C00718,MG,Sudeste,35-44,2022-01-26
C00719,SC,Sul,55+,2023-11-09
C00720,SP,Sudeste,35-44,2023-10-01
C00721,PE,Nordeste,35-44,2022-03-03
C00722,SP,Sudeste,35-44,2022-04-05
C00723,RJ,Sudeste,35-44,2023-01-26
C00724,RJ,Sudeste,18-24,2022-06-25
C00725,MG,Sudeste,35-44,2022-02-21
C00726,SP,Sudeste,35-44,2024-11-25
C00727,SP,Sudeste,18-24,2024-11-13
C00728,RJ,Sudeste,35-44,2025-08-16
C00729,SP,Sudeste,35-44,2022-08-20
C00730,SP,Sudeste,45-54,2024-11-05
C00731,BA,Nordeste,45-54,2023-09-28
C00732,PR,Sul,45-54,2023-01-11
C00733,RJ,Sudeste,35-44,2023-09-10
C00734,RN,Nordeste,25-34,2023-01-29
C00735,RS,Sul,35-44,2025-08-24
C00736,SP,Sudeste,35-44,2023-05-03
C00737,PR,Sul,25-34,2022-06-18
C00738,RJ,Sudeste,35-44,2024-02-07
C00739,SP,Sudeste,35-44,2025-11-08
C00740,BA,Nordeste,55+,2025-11-16
C00741,SP,Sudeste,25-34,2025-05-18
C00742,RS,Sul,45-54,2025-12-25
C00743,CE,Nordeste,35-44,2024-05-27
C00744,CE,Nordeste,55+,2022-09-18
C00745,MG,Sudeste,45-54,2025-11-20
C00746,SP,Sudeste,35-44,2024-04-18
C00747,SP,Sudeste,55+,2025-10-09
C00748,PR,Sul,18-24,2023-02-03
C00749,RJ,Sudeste,35-44,2025-07-09
C00750,MG,Sudeste,45-54,2022-07-20
C00751,DF,Centro-Oeste,55+,2022-08-09
C00752,SP,Sudeste,35-44,2023-06-28
C00753,PR,Sul,25-34,2023-05-24
C00754,RJ,Sudeste,25-34,2025-11-04
C00755,DF,Centro-Oeste,25-34,2025-02-12
C00756,PR,Sul,25-34,2024-12-15
C00757,BA,Nordeste,45-54,2023-02-11
C00758,SP,Sudeste,45-54,2025-02-07
C00759,SP,Sudeste,18-24,2025-09-02
C00760,SP,Sudeste,18-24,2024-02-13
C00761,SP,Sudeste,25-34,2023-07-26
C00762,GO,Centro-Oeste,25-34,2025-04-21
C00763,SP,Sudeste,35-44,2025-05-09
C00764,SP,Sudeste,35-44,2024-03-09
C00765,RS,Sul,25-34,2025-09-28
C00766,RJ,Sudeste,25-34,2025-06-09
C00767,SP,Sudeste,25-34,2024-04-11
C00768,PR,Sul,25-34,2024-04-03
C00769,PA,Norte,55+,2025-06-05
C00770,RJ,Sudeste,45-54,2025-05-23
C00771,PA,Norte,25-34,2022-09-20
C00772,ES,Sudeste,25-34,2025-09-22
C00773,MG,Sudeste,18-24,2022-04-12
C00774,SP,Sudeste,25-34,2022-12-04
C00775,MG,Sudeste,55+,2025-09-28
C00776,SP,Sudeste,35-44,2024-09-27
C00777,MG,Sudeste,45-54,2025-10-12
C00778,SP,Sudeste,25-34,2023-04-15
C00779,SP,Sudeste,25-34,2024-03-29
C00780,SP,Sudeste,35-44,2024-04-29
C00781,RS,Sul,35-44,2022-08-28
C00782,RJ,Sudeste,35-44,2024-04-09
C00783,PE,Nordeste,25-34,2024-02-03
C00784,MG,Sudeste,45-54,2023-02-05
C00785,RN,Nordeste,18-24,2025-01-04
C00786,PE,Nordeste,25-34,2024-11-11
C00787,SP,Sudeste,18-24,2022-02-27
C00788,SP,Sudeste,45-54,2024-07-24
C00789,GO,Centro-Oeste,18-24,2024-07-18
C00790,PE,Nordeste,25-34,2023-09-22
C00791,ES,Sudeste,55+,2023-11-13
C00792,MG,Sudeste,35-44,2022-08-19
C00793,RJ,Sudeste,25-34,2024-11-22
C00794,PA,Norte,18-24,2022-06-04
C00795,RJ,Sudeste,55+,2022-07-27
C00796,RJ,Sudeste,35-44,2025-10-08
C00797,SC,Sul,35-44,2023-02-15
C00798,SC,Sul,25-34,2022-11-19
C00799,DF,Centro-Oeste,45-54,2025-08-24
C00800,SP,Sudeste,35-44,2025-06-09
C00801,RJ,Sudeste,25-34,2024-06-25
C00802,BA,Nordeste,25-34,2022-10-08
C00803,SP,Sudeste,25-34,2025-01-31
C00804,PR,Sul,25-34,2024-05-31
C00805,RJ,Sudeste,25-34,2024-06-05
C00806,MG,Sudeste,25-34,2022-01-31
C00807,RS,Sul,35-44,2023-06-29
C00808,ES,Sudeste,35-44,2024-02-09
C00809,PA,Norte,25-34,2025-09-26
C00810,RJ,Sudeste,55+,2024-02-23
C00811,SP,Sudeste,35-44,2025-11-06
C00812,CE,Nordeste,35-44,2025-03-06
C00813,PA,Norte,25-34,2023-07-22
C00814,SC,Sul,35-44,2023-04-10
C00815,MG,Sudeste,18-24,2025-09-27
C00816,PE,Nordeste,35-44,2024-11-15
C00817,SP,Sudeste,35-44,2025-07-13
C00818,MG,Sudeste,45-54,2022-10-24
C00819,SP,Sudeste,45-54,2022-08-22
C00820,MG,Sudeste,35-44,2024-10-07
C00821,MG,Sudeste,25-34,2025-03-15
C00822,RJ,Sudeste,35-44,2023-12-16
C00823,SP,Sudeste,35-44,2025-04-22
C00824,ES,Sudeste,45-54,2025-05-24
C00825,SC,Sul,18-24,2025-09-27
C00826,PR,Sul,35-44,2025-07-07
C00827,SP,Sudeste,55+,2024-11-03
C00828,DF,Centro-Oeste,45-54,2024-06-14
C00829,RJ,Sudeste,25-34,2024-09-20
C00830,PA,Norte,25-34,2023-09-07
C00831,DF,Centro-Oeste,45-54,2022-12-25
C00832,DF,Centro-Oeste,55+,2023-08-01
C00833,RJ,Sudeste,25-34,2025-07-18
C00834,PA,Norte,55+,2024-08-09
C00835,PR,Sul,45-54,2024-03-30
C00836,CE,Nordeste,25-34,2024-07-24
C00837,PR,Sul,18-24,2025-04-08
C00838,SC,Sul,35-44,2025-08-24
C00839,SP,Sudeste,45-54,2022-08-02
C00840,BA,Nordeste,45-54,2025-01-03
C00841,BA,Nordeste,55+,2024-07-13
C00842,RN,Nordeste,55+,2022-11-21
C00843,SP,Sudeste,25-34,2025-02-03
C00844,SP,Sudeste,35-44,2025-05-14
C00845,GO,Centro-Oeste,25-34,2025-06-29
C00846,CE,Nordeste,25-34,2023-07-03
C00847,SP,Sudeste,25-34,2023-02-14
C00848,SC,Sul,35-44,2025-06-10
C00849,RS,Sul,55+,2025-04-18
C00850,AM,Norte,35-44,2025-11-13
C00851,SP,Sudeste,35-44,2023-07-31
C00852,DF,Centro-Oeste,25-34,2022-10-08
C00853,CE,Nordeste,55+,2025-04-10
C00854,SP,Sudeste,18-24,2022-07-28
C00855,SP,Sudeste,55+,2023-08-25
C00856,SP,Sudeste,45-54,2023-10-23
C00857,CE,Nordeste,35-44,2023-11-26
C00858,PR,Sul,35-44,2025-10-04
C00859,RN,Nordeste,35-44,2022-01-27
C00860,DF,Centro-Oeste,55+,2022-04-29
C00861,PR,Sul,25-34,2021-12-19
C00862,RS,Sul,18-24,2024-09-09
C00863,SC,Sul,25-34,2025-07-16
C00864,RJ,Sudeste,25-34,2022-06-07
C00865,MG,Sudeste,25-34,2024-09-16
C00866,SC,Sul,35-44,2024-04-05
C00867,BA,Nordeste,18-24,2025-04-21
C00868,RJ,Sudeste,35-44,2024-02-10
C00869,SP,Sudeste,25-34,2024-02-05
C00870,GO,Centro-Oeste,35-44,2024-09-03
C00871,SP,Sudeste,35-44,2023-05-22
C00872,SP,Sudeste,25-34,2025-02-20
C00873,PR,Sul,55+,2023-08-07
C00874,CE,Nordeste,45-54,2022-06-20
C00875,SP,Sudeste,45-54,2024-05-22
C00876,MT,Centro-Oeste,25-34,2024-01-26
C00877,SC,Sul,18-24,2025-04-28
C00878,SP,Sudeste,35-44,2022-01-14
C00879,PR,Sul,25-34,2023-08-30
C00880,SP,Sudeste,35-44,2024-11-23
C00881,SP,Sudeste,55+,2023-12-02
C00882,CE,Nordeste,35-44,2024-09-30
C00883,MG,Sudeste,35-44,2023-10-15
C00884,RS,Sul,55+,2024-05-21
C00885,RJ,Sudeste,25-34,2024-02-13
C00886,GO,Centro-Oeste,45-54,2025-03-30
C00887,MT,Centro-Oeste,45-54,2024-06-21
C00888,PE,Nordeste,25-34,2023-07-26
C00889,SP,Sudeste,25-34,2024-10-19
C00890,SP,Sudeste,35-44,2025-03-26
C00891,SP,Sudeste,18-24,2023-11-16
C00892,CE,Nordeste,35-44,2022-10-29
C00893,RS,Sul,55+,2023-08-28
C00894,PE,Nordeste,35-44,2025-03-24
C00895,RS,Sul,45-54,2023-03-15
C00896,RJ,Sudeste,25-34,2024-12-01
C00897,MG,Sudeste,45-54,2022-05-01
C00898,RJ,Sudeste,35-44,2023-08-09
C00899,CE,Nordeste,25-34,2022-03-23
C00900,SP,Sudeste,18-24,2024-07-10
C00901,PR,Sul,25-34,2024-10-12
C00902,SC,Sul,18-24,2023-05-24
C00903,SP,Sudeste,25-34,2023-07-03
C00904,MG,Sudeste,45-54,2024-06-03
C00905,RJ,Sudeste,45-54,2025-08-04
C00906,RS,Sul,35-44,2023-08-06
C00907,MG,Sudeste,45-54,2022-02-25
C00908,RS,Sul,18-24,2022-04-14
C00909,SC,Sul,55+,2022-05-02
C00910,PE,Nordeste,45-54,2024-10-29
C00911,RS,Sul,25-34,2024-08-27
C00912,PR,Sul,35-44,2024-12-16
C00913,MG,Sudeste,25-34,2023-06-22
C00914,SP,Sudeste,35-44,2024-06-02
C00915,PA,Norte,45-54,2024-07-03
C00916,SP,Sudeste,25-34,2022-07-12
C00917,DF,Centro-Oeste,18-24,2025-08-28
C00918,SP,Sudeste,45-54,2024-07-25
C00919,SP,Sudeste,35-44,2025-05-16
C00920,SP,Sudeste,35-44,2024-01-15
C00921,GO,Centro-Oeste,45-54,2024-04-16
C00922,MG,Sudeste,25-34,2024-04-10
C00923,BA,Nordeste,35-44,2025-06-13
C00924,MT,Centro-Oeste,45-54,2023-11-03
C00925,RS,Sul,35-44,2024-03-03
C00926,PR,Sul,55+,2023-05-18
C00927,SP,Sudeste,55+,2022-07-21
C00928,RJ,Sudeste,45-54,2025-05-12
C00929,SP,Sudeste,18-24,2024-12-03
C00930,SP,Sudeste,25-34,2024-12-06
C00931,SP,Sudeste,25-34,2024-11-26
C00932,SP,Sudeste,45-54,2025-05-12
C00933,PR,Sul,18-24,2024-08-07
C00934,MG,Sudeste,55+,2024-04-07
C00935,SP,Sudeste,35-44,2023-09-15
C00936,SP,Sudeste,45-54,2025-12-31
C00937,SP,Sudeste,35-44,2024-11-22
C00938,PR,Sul,25-34,2023-04-15
C00939,RJ,Sudeste,35-44,2022-09-12
C00940,PR,Sul,35-44,2025-05-29
C00941,SP,Sudeste,35-44,2025-12-05
C00942,SP,Sudeste,55+,2023-06-21
C00943,RS,Sul,18-24,2023-11-15
C00944,SP,Sudeste,45-54,2024-09-19
C00945,PE,Nordeste,18-24,2022-10-17
C00946,MG,Sudeste,35-44,2024-01-14
C00947,SP,Sudeste,25-34,2024-11-15
C00948,GO,Centro-Oeste,25-34,2025-08-06
C00949,CE,Nordeste,35-44,2024-03-22
C00950,SC,Sul,25-34,2025-03-12
C00951,MG,Sudeste,25-34,2024-01-05
C00952,ES,Sudeste,18-24,2023-07-12
C00953,DF,Centro-Oeste,35-44,2024-11-06
C00954,RJ,Sudeste,35-44,2025-08-12
C00955,MG,Sudeste,55+,2025-05-31
C00956,RJ,Sudeste,35-44,2023-10-20
C00957,SP,Sudeste,25-34,2023-10-17
C00958,SP,Sudeste,55+,2023-04-08
C00959,BA,Nordeste,18-24,2024-02-06
C00960,SP,Sudeste,35-44,2023-06-11
C00961,SP,Sudeste,25-34,2023-11-27
C00962,RJ,Sudeste,35-44,2023-08-11
C00963,SP,Sudeste,45-54,2024-06-16
C00964,MG,Sudeste,18-24,2025-05-15
C00965,BA,Nordeste,35-44,2022-10-04
C00966,RS,Sul,55+,2024-09-26
C00967,BA,Nordeste,25-34,2024-05-07
C00968,SP,Sudeste,45-54,2025-10-29
C00969,CE,Nordeste,45-54,2025-02-10
C00970,RJ,Sudeste,55+,2025-03-15
C00971,PR,Sul,18-24,2024-02-16
C00972,SP,Sudeste,25-34,2022-02-18
C00973,RS,Sul,18-24,2023-08-07
C00974,SP,Sudeste,18-24,2023-03-26
C00975,SP,Sudeste,25-34,2023-10-04
C00976,SP,Sudeste,25-34,2025-12-25
C00977,BA,Nordeste,45-54,2023-05-26
C00978,SC,Sul,35-44,2023-05-01
C00979,PA,Norte,25-34,2024-06-04
C00980,SP,Sudeste,55+,2023-08-12
C00981,SP,Sudeste,35-44,2022-08-06
C00982,MG,Sudeste,35-44,2024-11-02
C00983,RS,Sul,35-44,2024-07-19
C00984,SP,Sudeste,35-44,2024-01-02
C00985,DF,Centro-Oeste,35-44,2024-01-08
C00986,MG,Sudeste,45-54,2024-09-03
C00987,SP,Sudeste,25-34,2024-11-17
C00988,SP,Sudeste,25-34,2025-07-01
C00989,SP,Sudeste,55+,2025-08-13
C00990,AM,Norte,45-54,2025-06-14
C00991,RJ,Sudeste,35-44,2023-05-02
C00992,BA,Nordeste,35-44,2024-01-09
C00993,MG,Sudeste,45-54,2024-04-20
C00994,SP,Sudeste,25-34,2023-04-19
C00995,PR,Sul,45-54,2025-10-28
C00996,RJ,Sudeste,35-44,2024-04-26
C00997,SP,Sudeste,35-44,2022-02-04
C00998,CE,Nordeste,55+,2023-08-10
C00999,SP,Sudeste,35-44,2025-05-27
C01000,SP,Sudeste,35-44,2023-02-19
C01001,SP,Sudeste,25-34,2023-07-18
C01002,SP,Sudeste,55+,2022-10-31
C01003,CE,Nordeste,35-44,2023-01-26
C01004,PR,Sul,35-44,2024-07-29
C01005,GO,Centro-Oeste,35-44,2025-02-16
C01006,RS,Sul,25-34,2024-06-15
C01007,SP,Sudeste,25-34,2025-04-01
C01008,DF,Centro-Oeste,25-34,2024-03-27
C01009,GO,Centro-Oeste,55+,2025-07-15
C01010,MG,Sudeste,25-34,2023-04-11
C01011,MG,Sudeste,25-34,2023-05-05
C01012,RS,Sul,25-34,2025-11-19
C01013,DF,Centro-Oeste,25-34,2023-08-23
C01014,SP,Sudeste,25-34,2025-09-30
C01015,SP,Sudeste,45-54,2023-12-27
C01016,PR,Sul,18-24,2025-02-27
C01017,SP,Sudeste,25-34,2025-03-23
C01018,SP,Sudeste,25-34,2025-08-12
C01019,RJ,Sudeste,55+,2025-05-08
C01020,SP,Sudeste,25-34,2024-08-23
C01021,RJ,Sudeste,25-34,2024-07-25
C01022,SP,Sudeste,55+,2025-09-16
C01023,CE,Nordeste,35-44,2022-10-13
C01024,SC,Sul,35-44,2024-04-23
C01025,RJ,Sudeste,25-34,2024-04-24
C01026,PR,Sul,25-34,2025-04-02
C01027,SP,Sudeste,45-54,2022-03-17
C01028,RJ,Sudeste,55+,2022-08-22
C01029,SC,Sul,45-54,2024-05-13
C01030,PR,Sul,25-34,2025-01-20
C01031,SP,Sudeste,25-34,2022-02-11
C01032,SP,Sudeste,25-34,2025-08-29
C01033,MG,Sudeste,35-44,2025-07-27
C01034,RS,Sul,45-54,2025-04-15
C01035,GO,Centro-Oeste,25-34,2024-08-12
C01036,PR,Sul,35-44,2024-02-09
C01037,DF,Centro-Oeste,25-34,2023-04-17
C01038,SP,Sudeste,55+,2024-08-15
C01039,RS,Sul,35-44,2023-07-02
C01040,DF,Centro-Oeste,35-44,2022-02-26
C01041,SC,Sul,35-44,2022-11-02
C01042,DF,Centro-Oeste,35-44,2024-10-05
C01043,SP,Sudeste,55+,2024-11-27
C01044,SC,Sul,45-54,2024-03-04
C01045,SP,Sudeste,45-54,2025-02-03
C01046,DF,Centro-Oeste,35-44,2023-02-27
C01047,RS,Sul,35-44,2024-05-25
C01048,PE,Nordeste,25-34,2024-01-16
C01049,PR,Sul,25-34,2025-07-24
C01050,SP,Sudeste,25-34,2023-10-16
C01051,SP,Sudeste,18-24,2025-09-16
C01052,PR,Sul,55+,2024-03-08
C01053,PE,Nordeste,25-34,2024-05-17
C01054,MG,Sudeste,25-34,2024-06-13
C01055,RS,Sul,25-34,2024-08-22
C01056,PA,Norte,25-34,2023-12-06
C01057,RJ,Sudeste,35-44,2024-02-09
C01058,DF,Centro-Oeste,45-54,2024-07-02
C01059,SP,Sudeste,45-54,2023-02-07
C01060,MG,Sudeste,35-44,2023-07-13
C01061,CE,Nordeste,25-34,2024-10-30
C01062,SP,Sudeste,45-54,2025-11-06
C01063,SP,Sudeste,45-54,2025-01-07
C01064,SP,Sudeste,25-34,2024-06-07
C01065,RS,Sul,45-54,2024-06-07
C01066,PE,Nordeste,45-54,2022-07-27
C01067,SP,Sudeste,55+,2023-08-29
C01068,SP,Sudeste,25-34,2023-05-30
C01069,MG,Sudeste,35-44,2024-02-01
C01070,SP,Sudeste,25-34,2023-12-04
C01071,AM,Norte,45-54,2022-05-21
C01072,MG,Sudeste,45-54,2023-12-04
C01073,SP,Sudeste,35-44,2022-09-27
C01074,RJ,Sudeste,35-44,2024-08-23
C01075,SP,Sudeste,45-54,2022-09-04
C01076,RS,Sul,25-34,2025-06-04
C01077,SP,Sudeste,35-44,2022-08-06
C01078,PA,Norte,55+,2023-03-07
C01079,SP,Sudeste,55+,2022-03-22
C01080,PR,Sul,35-44,2024-11-27
C01081,DF,Centro-Oeste,35-44,2023-12-07
C01082,BA,Nordeste,18-24,2023-12-22
C01083,MG,Sudeste,35-44,2025-12-13
C01084,SP,Sudeste,35-44,2025-09-04
C01085,RJ,Sudeste,45-54,2025-10-19
C01086,SP,Sudeste,45-54,2024-04-21
C01087,BA,Nordeste,25-34,2024-02-16
C01088,ES,Sudeste,45-54,2024-04-14
C01089,SP,Sudeste,18-24,2024-01-26
C01090,SP,Sudeste,35-44,2025-03-13
C01091,MG,Sudeste,25-34,2025-08-29
C01092,SP,Sudeste,25-34,2024-09-22
C01093,PR,Sul,25-34,2022-11-09
C01094,SP,Sudeste,18-24,2022-10-11
C01095,RS,Sul,35-44,2022-09-14
C01096,RJ,Sudeste,35-44,2023-03-10
C01097,SP,Sudeste,25-34,2023-10-25
C01098,SP,Sudeste,25-34,2022-10-30
C01099,RS,Sul,45-54,2023-08-16
C01100,CE,Nordeste,55+,2024-11-21
C01101,MG,Sudeste,18-24,2024-07-26
C01102,MG,Sudeste,18-24,2023-05-23
C01103,RS,Sul,35-44,2023-05-16
C01104,DF,Centro-Oeste,18-24,2024-04-23
C01105,RS,Sul,45-54,2022-05-18
C01106,MT,Centro-Oeste,35-44,2023-02-03
C01107,AM,Norte,45-54,2023-02-09
C01108,SP,Sudeste,35-44,2023-07-26
C01109,PR,Sul,35-44,2023-11-09
C01110,SP,Sudeste,35-44,2022-07-20
C01111,RJ,Sudeste,25-34,2023-08-31
C01112,SP,Sudeste,25-34,2022-09-29
C01113,SP,Sudeste,35-44,2024-02-19
C01114,RJ,Sudeste,35-44,2023-10-12
C01115,SP,Sudeste,25-34,2024-04-16
C01116,RJ,Sudeste,25-34,2024-11-21
C01117,RJ,Sudeste,25-34,2024-04-14
C01118,SP,Sudeste,25-34,2022-01-30
C01119,SP,Sudeste,35-44,2024-12-28
C01120,BA,Nordeste,35-44,2023-10-21
C01121,GO,Centro-Oeste,25-34,2025-02-20
C01122,PA,Norte,45-54,2025-06-11
C01123,SP,Sudeste,45-54,2023-12-05
C01124,AM,Norte,45-54,2024-08-20
C01125,RS,Sul,25-34,2023-09-12
C01126,SP,Sudeste,35-44,2024-04-29
C01127,SP,Sudeste,25-34,2023-08-26
C01128,SP,Sudeste,18-24,2023-10-18
C01129,SP,Sudeste,55+,2023-04-01
C01130,SP,Sudeste,18-24,2023-08-07
C01131,SP,Sudeste,25-34,2024-12-08
C01132,BA,Nordeste,25-34,2023-09-18
C01133,RN,Nordeste,55+,2024-08-06
C01134,SC,Sul,45-54,2023-01-02
C01135,AM,Norte,45-54,2023-01-13
C01136,CE,Nordeste,18-24,2024-12-22
C01137,RJ,Sudeste,45-54,2024-02-25
C01138,RS,Sul,55+,2024-04-12
C01139,SP,Sudeste,25-34,2025-07-04
C01140,SP,Sudeste,25-34,2024-01-06
C01141,SP,Sudeste,55+,2025-09-13
C01142,SP,Sudeste,35-44,2025-08-13
C01143,SP,Sudeste,45-54,2024-03-23
C01144,MG,Sudeste,18-24,2024-07-01
C01145,PE,Nordeste,35-44,2024-06-04
C01146,MG,Sudeste,25-34,2022-06-25
C01147,SP,Sudeste,45-54,2025-08-26
C01148,SP,Sudeste,25-34,2025-05-19
C01149,PR,Sul,45-54,2023-04-10
C01150,PR,Sul,18-24,2025-10-28
C01151,MT,Centro-Oeste,35-44,2024-12-19
C01152,SP,Sudeste,35-44,2025-08-21
C01153,SP,Sudeste,35-44,2023-10-27
C01154,SP,Sudeste,55+,2022-07-11
C01155,GO,Centro-Oeste,25-34,2022-10-22
C01156,SC,Sul,55+,2024-02-24
C01157,SC,Sul,25-34,2022-02-26
C01158,RJ,Sudeste,35-44,2024-12-06
C01159,MT,Centro-Oeste,35-44,2023-12-01
C01160,RS,Sul,35-44,2024-07-27
C01161,SP,Sudeste,45-54,2023-10-30
C01162,RJ,Sudeste,45-54,2024-02-29
C01163,RS,Sul,45-54,2024-11-22
C01164,PE,Nordeste,55+,2022-05-22
C01165,SP,Sudeste,18-24,2022-06-07
C01166,MT,Centro-Oeste,18-24,2022-07-27
C01167,RJ,Sudeste,45-54,2025-07-15
C01168,RS,Sul,45-54,2025-01-21
C01169,RS,Sul,18-24,2022-09-08
C01170,PE,Nordeste,55+,2024-07-23
C01171,MG,Sudeste,35-44,2025-09-06
C01172,PA,Norte,25-34,2022-07-26
C01173,RS,Sul,45-54,2025-01-05
C01174,SP,Sudeste,45-54,2025-11-24
C01175,SP,Sudeste,45-54,2025-07-06
C01176,SP,Sudeste,55+,2025-11-21
C01177,ES,Sudeste,55+,2025-11-07
C01178,SP,Sudeste,45-54,2024-02-21
C01179,RS,Sul,35-44,2022-07-08
C01180,CE,Nordeste,18-24,2023-08-30
C01181,RS,Sul,35-44,2025-08-11
C01182,RS,Sul,25-34,2025-02-19
C01183,RJ,Sudeste,25-34,2023-06-12
C01184,PR,Sul,35-44,2025-06-18
C01185,PA,Norte,18-24,2023-05-17
C01186,SP,Sudeste,45-54,2023-11-12
C01187,RJ,Sudeste,45-54,2025-11-13
C01188,DF,Centro-Oeste,45-54,2023-10-16
C01189,SC,Sul,18-24,2025-07-30
C01190,RJ,Sudeste,55+,2024-03-20
C01191,MG,Sudeste,55+,2023-02-12
C01192,MG,Sudeste,35-44,2025-09-04
C01193,SP,Sudeste,25-34,2022-06-15
C01194,RJ,Sudeste,35-44,2022-08-14
C01195,SP,Sudeste,25-34,2025-10-27
C01196,RS,Sul,35-44,2025-02-26
C01197,RS,Sul,25-34,2023-07-05
C01198,SP,Sudeste,35-44,2025-11-20
C01199,SP,Sudeste,35-44,2025-05-24
C01200,SP,Sudeste,25-34,2024-06-12
C01201,MG,Sudeste,25-34,2023-07-16
C01202,RJ,Sudeste,18-24,2025-11-27
C01203,GO,Centro-Oeste,35-44,2023-06-08
C01204,RJ,Sudeste,25-34,2023-08-28
C01205,SP,Sudeste,25-34,2023-08-18
C01206,PE,Nordeste,55+,2025-05-14
C01207,CE,Nordeste,35-44,2022-06-28
C01208,BA,Nordeste,35-44,2025-11-05
C01209,SP,Sudeste,25-34,2025-03-13
C01210,PA,Norte,25-34,2025-06-13
C01211,CE,Nordeste,25-34,2024-06-25
C01212,SP,Sudeste,35-44,2022-04-01
C01213,RJ,Sudeste,45-54,2024-08-24
C01214,BA,Nordeste,25-34,2023-12-03
C01215,GO,Centro-Oeste,35-44,2025-08-21
C01216,PR,Sul,35-44,2024-09-03
C01217,DF,Centro-Oeste,35-44,2023-05-31
C01218,SP,Sudeste,45-54,2025-11-04
C01219,SP,Sudeste,55+,2024-08-03
C01220,SP,Sudeste,45-54,2023-03-04
C01221,SC,Sul,35-44,2023-01-17
C01222,SP,Sudeste,55+,2025-07-18
C01223,SP,Sudeste,18-24,2024-03-21
C01224,MT,Centro-Oeste,55+,2022-11-22
C01225,PE,Nordeste,35-44,2023-02-23
C01226,SP,Sudeste,25-34,2025-12-18
C01227,CE,Nordeste,45-54,2023-05-04
C01228,DF,Centro-Oeste,45-54,2023-04-09
C01229,MG,Sudeste,35-44,2025-04-24
C01230,RN,Nordeste,25-34,2023-03-17
C01231,BA,Nordeste,35-44,2024-07-19
C01232,ES,Sudeste,35-44,2025-10-20
C01233,SP,Sudeste,25-34,2025-07-22
C01234,SP,Sudeste,45-54,2025-03-08
C01235,GO,Centro-Oeste,25-34,2024-01-04
C01236,SP,Sudeste,45-54,2025-02-06
C01237,MG,Sudeste,35-44,2023-05-27
C01238,SP,Sudeste,25-34,2025-04-11
C01239,GO,Centro-Oeste,35-44,2022-07-27
C01240,RJ,Sudeste,25-34,2023-04-04
C01241,RJ,Sudeste,25-34,2022-05-13
C01242,SP,Sudeste,25-34,2025-10-15
C01243,DF,Centro-Oeste,25-34,2022-05-17
C01244,SP,Sudeste,45-54,2024-08-05
C01245,RN,Nordeste,35-44,2023-12-09
C01246,PA,Norte,25-34,2024-09-30
C01247,SP,Sudeste,25-34,2023-10-08
C01248,SP,Sudeste,35-44,2022-12-30
C01249,MG,Sudeste,25-34,2025-08-22
C01250,MG,Sudeste,25-34,2024-08-23
C01251,CE,Nordeste,25-34,2025-05-27
C01252,SP,Sudeste,18-24,2025-05-12
C01253,RJ,Sudeste,25-34,2022-12-13
C01254,SP,Sudeste,25-34,2024-11-22
C01255,PR,Sul,35-44,2024-07-13
C01256,MT,Centro-Oeste,45-54,2022-12-08
C01257,RJ,Sudeste,25-34,2023-10-20
C01258,SP,Sudeste,45-54,2025-09-23
C01259,MG,Sudeste,18-24,2024-08-21
C01260,SP,Sudeste,25-34,2022-04-04
C01261,SP,Sudeste,35-44,2024-05-31
C01262,MG,Sudeste,25-34,2023-04-15
C01263,SP,Sudeste,55+,2023-10-03
C01264,SP,Sudeste,45-54,2025-12-11
C01265,GO,Centro-Oeste,45-54,2025-10-28
C01266,SP,Sudeste,45-54,2024-09-07
C01267,PA,Norte,35-44,2024-12-29
C01268,MT,Centro-Oeste,25-34,2023-09-28
C01269,SP,Sudeste,35-44,2023-11-03
C01270,PA,Norte,35-44,2025-09-02
C01271,SC,Sul,35-44,2025-09-13
C01272,SP,Sudeste,25-34,2024-07-31
C01273,CE,Nordeste,25-34,2025-05-09
C01274,PR,Sul,45-54,2022-09-02
C01275,PR,Sul,25-34,2025-07-15
C01276,SP,Sudeste,35-44,2024-12-29
C01277,SP,Sudeste,35-44,2023-08-01
C01278,PR,Sul,25-34,2025-07-17
C01279,DF,Centro-Oeste,25-34,2025-01-18
C01280,SP,Sudeste,35-44,2024-08-28
C01281,SP,Sudeste,35-44,2025-01-09
C01282,SP,Sudeste,35-44,2023-09-23
C01283,SP,Sudeste,18-24,2022-03-26
C01284,SP,Sudeste,35-44,2025-10-01
C01285,RS,Sul,35-44,2023-09-03
C01286,SP,Sudeste,55+,2025-04-19
C01287,SP,Sudeste,18-24,2023-10-07
C01288,SP,Sudeste,25-34,2024-05-01
C01289,RJ,Sudeste,25-34,2025-05-03
C01290,PE,Nordeste,35-44,2023-09-20
C01291,SP,Sudeste,25-34,2024-09-22
C01292,RS,Sul,35-44,2022-12-17
C01293,ES,Sudeste,35-44,2022-01-03
C01294,SP,Sudeste,25-34,2025-07-18
C01295,PA,Norte,45-54,2023-09-30
C01296,RJ,Sudeste,25-34,2022-11-04
C01297,RS,Sul,35-44,2023-05-03
C01298,SC,Sul,25-34,2023-04-21
C01299,SP,Sudeste,25-34,2025-11-17
C01300,SP,Sudeste,55+,2022-10-24
C01301,PE,Nordeste,45-54,2023-07-16
C01302,SP,Sudeste,25-34,2023-07-20
C01303,RS,Sul,25-34,2023-07-21
C01304,RJ,Sudeste,45-54,2024-12-14
C01305,SP,Sudeste,45-54,2023-10-20
C01306,GO,Centro-Oeste,25-34,2023-08-05
C01307,RS,Sul,25-34,2023-12-06
C01308,PR,Sul,25-34,2025-10-12
C01309,SP,Sudeste,25-34,2023-03-01
C01310,PR,Sul,18-24,2024-08-29
C01311,CE,Nordeste,35-44,2024-10-09
C01312,SP,Sudeste,25-34,2024-09-16
C01313,BA,Nordeste,35-44,2022-05-18
C01314,CE,Nordeste,55+,2025-12-06
C01315,PR,Sul,25-34,2024-05-10
C01316,SP,Sudeste,25-34,2022-02-22
C01317,CE,Nordeste,18-24,2022-02-19
C01318,BA,Nordeste,35-44,2025-01-02
C01319,GO,Centro-Oeste,45-54,2022-11-22
C01320,RN,Nordeste,18-24,2024-05-06
C01321,SP,Sudeste,35-44,2024-09-30
C01322,MG,Sudeste,25-34,2023-05-26
C01323,GO,Centro-Oeste,35-44,2024-01-25
C01324,SP,Sudeste,45-54,2025-11-21
C01325,PR,Sul,25-34,2025-01-26
C01326,RS,Sul,25-34,2022-10-12
C01327,MG,Sudeste,18-24,2022-06-22
C01328,SP,Sudeste,18-24,2025-06-29
C01329,SP,Sudeste,55+,2025-11-28
C01330,GO,Centro-Oeste,35-44,2024-12-31
C01331,RJ,Sudeste,35-44,2025-03-13
C01332,CE,Nordeste,25-34,2024-05-09
C01333,RS,Sul,25-34,2022-06-16
C01334,RJ,Sudeste,45-54,2023-12-13
C01335,PR,Sul,25-34,2023-06-05
C01336,MG,Sudeste,25-34,2025-09-22
C01337,PR,Sul,25-34,2024-12-10
C01338,CE,Nordeste,18-24,2024-05-17
C01339,SP,Sudeste,18-24,2024-08-24
C01340,RS,Sul,25-34,2022-11-02
C01341,RS,Sul,35-44,2025-10-11
C01342,SP,Sudeste,25-34,2023-02-24
C01343,RJ,Sudeste,35-44,2024-01-12
C01344,SP,Sudeste,35-44,2022-03-26
C01345,BA,Nordeste,45-54,2024-10-14
C01346,SP,Sudeste,25-34,2025-11-09
C01347,MG,Sudeste,45-54,2024-09-16
C01348,MG,Sudeste,25-34,2022-05-21
C01349,PE,Nordeste,25-34,2024-07-29
C01350,MG,Sudeste,55+,2023-11-25
C01351,SC,Sul,45-54,2024-10-15
C01352,SP,Sudeste,25-34,2024-08-23
C01353,SP,Sudeste,55+,2025-06-01
C01354,ES,Sudeste,55+,2025-04-24
C01355,RS,Sul,55+,2022-07-21
C01356,RJ,Sudeste,55+,2023-07-24
C01357,SP,Sudeste,35-44,2025-01-23
C01358,PE,Nordeste,55+,2022-08-25
C01359,SP,Sudeste,35-44,2024-04-04
C01360,PR,Sul,35-44,2023-04-30
C01361,PE,Nordeste,25-34,2024-08-30
C01362,PE,Nordeste,35-44,2025-08-09
C01363,PR,Sul,35-44,2024-05-23
C01364,RN,Nordeste,45-54,2025-01-27
C01365,BA,Nordeste,35-44,2022-11-16
C01366,RS,Sul,45-54,2024-12-26
C01367,PE,Nordeste,55+,2024-12-02
C01368,RS,Sul,45-54,2024-11-19
C01369,RJ,Sudeste,45-54,2023-09-23
C01370,RS,Sul,45-54,2023-11-11
C01371,SP,Sudeste,45-54,2023-10-02
C01372,RS,Sul,45-54,2022-04-20
C01373,RS,Sul,25-34,2025-06-08
C01374,RJ,Sudeste,25-34,2024-07-05
C01375,SP,Sudeste,25-34,2023-05-13
C01376,RJ,Sudeste,45-54,2025-07-21
C01377,SP,Sudeste,25-34,2024-10-19
C01378,RS,Sul,35-44,2024-11-12
C01379,RJ,Sudeste,45-54,2023-04-19
C01380,SP,Sudeste,55+,2023-11-03
C01381,SP,Sudeste,25-34,2025-02-19
C01382,SP,Sudeste,35-44,2024-03-01
C01383,SP,Sudeste,55+,2025-10-29
C01384,BA,Nordeste,25-34,2024-04-18
C01385,SP,Sudeste,55+,2025-03-26
C01386,RJ,Sudeste,25-34,2025-10-13
C01387,RJ,Sudeste,45-54,2024-11-16
C01388,SP,Sudeste,25-34,2022-07-23
C01389,RS,Sul,45-54,2025-06-07
C01390,RJ,Sudeste,45-54,2022-01-20
C01391,BA,Nordeste,35-44,2023-11-10
C01392,SP,Sudeste,35-44,2024-05-30
C01393,SP,Sudeste,55+,2022-07-20
C01394,MG,Sudeste,25-34,2024-08-27
C01395,SP,Sudeste,25-34,2023-02-09
C01396,PE,Nordeste,25-34,2023-02-01
C01397,PR,Sul,45-54,2023-11-16
C01398,SP,Sudeste,35-44,2025-01-30
C01399,RJ,Sudeste,35-44,2021-12-11
C01400,SP,Sudeste,45-54,2023-11-08
C01401,AM,Norte,18-24,2024-12-26
C01402,RJ,Sudeste,35-44,2023-02-06
C01403,RJ,Sudeste,35-44,2024-05-11
C01404,MG,Sudeste,35-44,2023-12-26
C01405,SP,Sudeste,35-44,2024-06-23
C01406,DF,Centro-Oeste,25-34,2025-12-19
C01407,SP,Sudeste,18-24,2023-01-07
C01408,MG,Sudeste,35-44,2022-10-31
C01409,DF,Centro-Oeste,25-34,2024-03-25
C01410,SP,Sudeste,25-34,2023-03-23
C01411,PE,Nordeste,18-24,2023-01-01
C01412,BA,Nordeste,35-44,2022-12-02
C01413,RJ,Sudeste,25-34,2023-12-25
C01414,MG,Sudeste,45-54,2023-06-30
C01415,DF,Centro-Oeste,45-54,2024-08-22
C01416,RS,Sul,35-44,2024-11-02
C01417,RS,Sul,45-54,2023-08-30
C01418,SP,Sudeste,18-24,2025-12-23
C01419,RJ,Sudeste,18-24,2024-04-14
C01420,RS,Sul,55+,2022-04-19
C01421,PR,Sul,25-34,2025-11-18
C01422,RS,Sul,18-24,2025-09-21
C01423,SP,Sudeste,18-24,2025-05-12
C01424,PE,Nordeste,35-44,2024-07-17
C01425,DF,Centro-Oeste,25-34,2024-02-13
C01426,MG,Sudeste,25-34,2023-12-04
C01427,ES,Sudeste,18-24,2024-11-26
C01428,RS,Sul,45-54,2023-07-24
C01429,SP,Sudeste,25-34,2022-11-10
C01430,RN,Nordeste,35-44,2022-07-23
C01431,PR,Sul,45-54,2023-12-02
C01432,SP,Sudeste,45-54,2023-07-11
C01433,BA,Nordeste,45-54,2023-03-16
C01434,SP,Sudeste,25-34,2025-07-10
C01435,SP,Sudeste,18-24,2024-11-14
C01436,RS,Sul,25-34,2025-12-26
C01437,SC,Sul,25-34,2023-04-25
C01438,SP,Sudeste,25-34,2024-10-10
C01439,RJ,Sudeste,45-54,2024-06-22
C01440,BA,Nordeste,55+,2025-11-08
C01441,RN,Nordeste,55+,2023-10-15
C01442,SP,Sudeste,18-24,2025-02-11
C01443,SP,Sudeste,45-54,2023-05-30
C01444,RJ,Sudeste,35-44,2024-03-30
C01445,GO,Centro-Oeste,18-24,2023-12-03
C01446,SP,Sudeste,35-44,2023-09-23
C01447,RJ,Sudeste,25-34,2022-03-08
C01448,PR,Sul,35-44,2025-05-25
C01449,BA,Nordeste,25-34,2024-01-15
C01450,SC,Sul,18-24,2024-05-26
C01451,MT,Centro-Oeste,35-44,2023-04-11
C01452,SP,Sudeste,35-44,2025-12-30
C01453,RJ,Sudeste,35-44,2024-12-17
C01454,BA,Nordeste,35-44,2024-02-25
C01455,RJ,Sudeste,35-44,2024-12-24
C01456,SP,Sudeste,45-54,2023-05-14
C01457,RS,Sul,35-44,2024-11-15
C01458,RJ,Sudeste,35-44,2024-03-08
C01459,SP,Sudeste,18-24,2023-04-22
C01460,RS,Sul,35-44,2025-04-01
C01461,RJ,Sudeste,45-54,2022-11-06
C01462,PE,Nordeste,25-34,2025-01-07
C01463,SP,Sudeste,45-54,2023-05-23
C01464,RJ,Sudeste,35-44,2023-08-20
C01465,CE,Nordeste,45-54,2023-10-28
C01466,RJ,Sudeste,35-44,2025-06-27
C01467,GO,Centro-Oeste,25-34,2024-12-29
C01468,PR,Sul,45-54,2024-06-25
C01469,PR,Sul,18-24,2024-12-16
C01470,RJ,Sudeste,25-34,2023-11-12
C01471,RS,Sul,55+,2025-12-05
C01472,PR,Sul,25-34,2025-05-07
C01473,SP,Sudeste,25-34,2025-10-15
C01474,RJ,Sudeste,35-44,2025-11-19
C01475,MG,Sudeste,45-54,2024-12-21
C01476,SP,Sudeste,25-34,2023-01-13
C01477,BA,Nordeste,25-34,2025-02-27
C01478,PR,Sul,55+,2025-05-03
C01479,BA,Nordeste,35-44,2024-01-12
C01480,MG,Sudeste,25-34,2024-02-28
C01481,GO,Centro-Oeste,25-34,2023-05-04
C01482,PR,Sul,35-44,2025-05-09
C01483,MG,Sudeste,35-44,2022-03-26
C01484,MG,Sudeste,45-54,2025-11-02
C01485,SP,Sudeste,35-44,2023-10-14
C01486,AM,Norte,35-44,2025-02-07
C01487,RJ,Sudeste,55+,2023-05-30
C01488,CE,Nordeste,25-34,2023-03-30
C01489,BA,Nordeste,45-54,2025-12-11
C01490,SP,Sudeste,35-44,2023-01-30
C01491,RJ,Sudeste,45-54,2023-09-06
C01492,SP,Sudeste,45-54,2023-08-12
C01493,SP,Sudeste,35-44,2024-10-23
C01494,SP,Sudeste,35-44,2023-08-14
C01495,ES,Sudeste,25-34,2025-07-28
C01496,RJ,Sudeste,35-44,2023-04-15
C01497,SP,Sudeste,25-34,2025-09-27
C01498,PR,Sul,25-34,2022-07-28
C01499,RS,Sul,25-34,2025-03-11
C01500,RJ,Sudeste,45-54,2023-08-25
C01501,MG,Sudeste,18-24,2024-06-06
C01502,DF,Centro-Oeste,45-54,2024-10-24
C01503,BA,Nordeste,55+,2024-10-13
C01504,PE,Nordeste,25-34,2025-03-19
C01505,SC,Sul,35-44,2024-07-16
C01506,MG,Sudeste,25-34,2024-09-20
C01507,RS,Sul,35-44,2025-06-17
C01508,SP,Sudeste,35-44,2024-03-21
C01509,MG,Sudeste,25-34,2025-06-29
C01510,MG,Sudeste,35-44,2025-05-26
C01511,MG,Sudeste,25-34,2021-12-01
C01512,MG,Sudeste,25-34,2024-12-14
C01513,SP,Sudeste,55+,2024-08-06
C01514,MG,Sudeste,18-24,2023-09-27
C01515,RJ,Sudeste,35-44,2023-10-16
C01516,SP,Sudeste,25-34,2025-08-29
C01517,MG,Sudeste,25-34,2022-07-01
C01518,SP,Sudeste,55+,2025-09-28
C01519,SC,Sul,35-44,2025-07-30
C01520,CE,Nordeste,45-54,2024-03-20
C01521,MG,Sudeste,25-34,2024-04-14
C01522,PA,Norte,25-34,2025-11-16
C01523,RS,Sul,25-34,2024-03-27
C01524,ES,Sudeste,25-34,2023-03-05
C01525,SP,Sudeste,55+,2022-11-17
C01526,SP,Sudeste,25-34,2025-04-27
C01527,SP,Sudeste,25-34,2025-01-11
C01528,SP,Sudeste,18-24,2025-06-13
C01529,SP,Sudeste,25-34,2025-03-16
C01530,SP,Sudeste,55+,2025-06-27
C01531,MG,Sudeste,45-54,2024-09-20
C01532,SP,Sudeste,18-24,2023-02-14
C01533,MG,Sudeste,45-54,2024-04-03
C01534,BA,Nordeste,35-44,2023-09-01
C01535,PA,Norte,18-24,2023-11-20
C01536,GO,Centro-Oeste,35-44,2023-07-08
C01537,SP,Sudeste,18-24,2023-02-17
C01538,SC,Sul,35-44,2023-01-05
C01539,SP,Sudeste,35-44,2024-03-30
C01540,RJ,Sudeste,25-34,2023-01-08
C01541,CE,Nordeste,55+,2023-05-11
C01542,RJ,Sudeste,35-44,2024-10-22
C01543,SP,Sudeste,45-54,2023-12-18
C01544,RJ,Sudeste,45-54,2025-02-21
C01545,SP,Sudeste,45-54,2023-02-11
C01546,SP,Sudeste,35-44,2024-02-08
C01547,SP,Sudeste,18-24,2024-10-01
C01548,SC,Sul,25-34,2023-04-26
C01549,SP,Sudeste,45-54,2025-07-06
C01550,SP,Sudeste,25-34,2024-08-17
C01551,SP,Sudeste,25-34,2024-07-12
C01552,PR,Sul,18-24,2024-04-15
C01553,CE,Nordeste,18-24,2023-09-23
C01554,GO,Centro-Oeste,55+,2024-05-20
C01555,CE,Nordeste,25-34,2023-12-05
C01556,MG,Sudeste,35-44,2024-04-07
C01557,RS,Sul,25-34,2023-08-09
C01558,SP,Sudeste,35-44,2023-09-28
C01559,MG,Sudeste,35-44,2024-09-14
C01560,DF,Centro-Oeste,25-34,2022-06-23
C01561,SP,Sudeste,35-44,2023-09-13
C01562,PE,Nordeste,35-44,2025-05-09
C01563,SP,Sudeste,35-44,2023-04-27
C01564,RJ,Sudeste,55+,2024-09-27
C01565,SP,Sudeste,25-34,2025-01-29
C01566,CE,Nordeste,55+,2023-12-22
C01567,SP,Sudeste,25-34,2022-04-19
C01568,CE,Nordeste,55+,2024-10-06
C01569,MG,Sudeste,35-44,2025-02-26
C01570,PE,Nordeste,55+,2023-09-01
C01571,SP,Sudeste,35-44,2024-02-11
C01572,MT,Centro-Oeste,45-54,2023-10-06
C01573,PE,Nordeste,45-54,2025-05-01
C01574,SP,Sudeste,35-44,2025-09-22
C01575,BA,Nordeste,35-44,2023-02-25
C01576,SP,Sudeste,55+,2022-12-22
C01577,GO,Centro-Oeste,45-54,2023-10-30
C01578,RS,Sul,45-54,2024-10-22
C01579,SC,Sul,45-54,2025-05-27
C01580,SP,Sudeste,25-34,2025-07-02
C01581,PE,Nordeste,35-44,2023-08-09
C01582,SC,Sul,45-54,2022-04-29
C01583,RJ,Sudeste,35-44,2024-09-05
C01584,BA,Nordeste,55+,2023-03-26
C01585,RJ,Sudeste,45-54,2024-06-16
C01586,ES,Sudeste,18-24,2023-02-24
C01587,ES,Sudeste,45-54,2023-06-16
C01588,RS,Sul,25-34,2024-03-12
C01589,BA,Nordeste,25-34,2023-01-27
C01590,RJ,Sudeste,45-54,2024-11-02
C01591,SP,Sudeste,25-34,2025-05-12
C01592,RJ,Sudeste,55+,2024-01-01
C01593,BA,Nordeste,35-44,2022-08-21
C01594,RJ,Sudeste,45-54,2025-10-23
C01595,RJ,Sudeste,55+,2023-04-27
C01596,SP,Sudeste,35-44,2025-11-14
C01597,SP,Sudeste,25-34,2025-03-02
C01598,SP,Sudeste,35-44,2024-10-27
C01599,RJ,Sudeste,45-54,2023-10-12
C01600,SP,Sudeste,25-34,2024-05-06
C01601,CE,Nordeste,25-34,2024-04-17
C01602,PE,Nordeste,35-44,2023-08-29
C01603,PA,Norte,35-44,2025-10-08
C01604,RJ,Sudeste,45-54,2025-10-24
C01605,SP,Sudeste,45-54,2024-01-26
C01606,DF,Centro-Oeste,35-44,2023-05-23
C01607,CE,Nordeste,25-34,2023-11-29
C01608,SP,Sudeste,25-34,2023-11-29
C01609,SP,Sudeste,25-34,2024-12-09
C01610,RJ,Sudeste,35-44,2022-04-20
C01611,SP,Sudeste,35-44,2024-07-05
C01612,SP,Sudeste,25-34,2025-10-31
C01613,MT,Centro-Oeste,25-34,2022-10-08
C01614,PR,Sul,55+,2023-08-28
C01615,PR,Sul,25-34,2023-08-13
C01616,SP,Sudeste,25-34,2022-10-04
C01617,MG,Sudeste,25-34,2024-11-17
C01618,ES,Sudeste,25-34,2024-09-25
C01619,RJ,Sudeste,25-34,2023-09-08
C01620,MG,Sudeste,25-34,2024-10-15
C01621,SP,Sudeste,18-24,2024-04-15
C01622,SP,Sudeste,45-54,2025-01-15
C01623,BA,Nordeste,25-34,2025-11-30
C01624,PR,Sul,25-34,2024-07-04
C01625,SP,Sudeste,25-34,2024-05-31
C01626,RJ,Sudeste,55+,2025-10-17
C01627,RS,Sul,18-24,2023-07-12
C01628,GO,Centro-Oeste,45-54,2024-04-01
C01629,PA,Norte,55+,2024-10-19
C01630,RJ,Sudeste,45-54,2023-12-10
C01631,RS,Sul,25-34,2023-10-10
C01632,GO,Centro-Oeste,35-44,2024-11-06
C01633,SC,Sul,35-44,2025-01-14
C01634,SP,Sudeste,55+,2024-08-17
C01635,RJ,Sudeste,25-34,2024-01-20
C01636,PE,Nordeste,25-34,2025-04-18
C01637,AM,Norte,25-34,2025-02-07
C01638,BA,Nordeste,18-24,2025-08-12
C01639,DF,Centro-Oeste,25-34,2023-01-05
C01640,DF,Centro-Oeste,25-34,2023-07-27
C01641,SP,Sudeste,45-54,2022-09-04
C01642,SP,Sudeste,55+,2023-03-06
C01643,SP,Sudeste,25-34,2024-08-23
C01644,DF,Centro-Oeste,25-34,2025-06-08
C01645,ES,Sudeste,35-44,2025-11-05
C01646,ES,Sudeste,35-44,2022-04-27
C01647,MG,Sudeste,55+,2024-08-03
C01648,MG,Sudeste,25-34,2025-07-06
C01649,MT,Centro-Oeste,25-34,2023-12-05
C01650,PE,Nordeste,45-54,2024-01-15
C01651,RJ,Sudeste,45-54,2024-07-10
C01652,SP,Sudeste,35-44,2024-07-15
C01653,PR,Sul,25-34,2024-07-14
C01654,SP,Sudeste,35-44,2023-03-21
C01655,SP,Sudeste,35-44,2024-10-03
C01656,SP,Sudeste,25-34,2024-06-15
C01657,RS,Sul,25-34,2024-09-25
C01658,RJ,Sudeste,25-34,2025-06-20
C01659,DF,Centro-Oeste,18-24,2025-12-25
C01660,CE,Nordeste,25-34,2024-10-29
C01661,PE,Nordeste,35-44,2023-06-21
C01662,RS,Sul,25-34,2023-04-24
C01663,RJ,Sudeste,35-44,2025-06-17
C01664,PA,Norte,45-54,2025-09-07
C01665,SP,Sudeste,55+,2023-02-21
C01666,PR,Sul,55+,2022-11-29
C01667,RN,Nordeste,45-54,2025-01-22
C01668,SC,Sul,45-54,2025-11-01
C01669,SP,Sudeste,35-44,2024-04-30
C01670,GO,Centro-Oeste,25-34,2025-10-15
C01671,MG,Sudeste,35-44,2023-01-15
C01672,SP,Sudeste,25-34,2024-10-09
C01673,SP,Sudeste,45-54,2025-03-13
C01674,BA,Nordeste,25-34,2023-09-21
C01675,GO,Centro-Oeste,45-54,2024-09-02
C01676,PE,Nordeste,45-54,2022-09-15
C01677,SP,Sudeste,45-54,2022-09-14
C01678,MG,Sudeste,18-24,2025-10-24
C01679,BA,Nordeste,25-34,2022-07-18
C01680,PA,Norte,45-54,2025-03-11
C01681,SP,Sudeste,55+,2024-08-31
C01682,RS,Sul,35-44,2022-09-29
C01683,MG,Sudeste,35-44,2022-06-17
C01684,SC,Sul,45-54,2022-03-01
C01685,SP,Sudeste,18-24,2025-12-27
C01686,PR,Sul,45-54,2025-11-08
C01687,MG,Sudeste,25-34,2024-12-06
C01688,AM,Norte,35-44,2025-07-10
C01689,MG,Sudeste,25-34,2023-03-06
C01690,SP,Sudeste,25-34,2025-09-29
C01691,SP,Sudeste,55+,2024-04-10
C01692,MG,Sudeste,55+,2022-08-17
C01693,SP,Sudeste,55+,2024-06-21
C01694,BA,Nordeste,35-44,2024-09-03
C01695,SC,Sul,45-54,2025-05-31
C01696,PE,Nordeste,25-34,2025-02-16
C01697,CE,Nordeste,25-34,2023-05-30
C01698,SP,Sudeste,25-34,2022-07-18
C01699,PR,Sul,18-24,2023-05-16
C01700,MG,Sudeste,35-44,2022-06-11
C01701,PR,Sul,45-54,2025-10-05
C01702,BA,Nordeste,25-34,2024-07-02
C01703,PE,Nordeste,55+,2024-12-21
C01704,PR,Sul,35-44,2023-10-03
C01705,SP,Sudeste,25-34,2025-08-20
C01706,BA,Nordeste,25-34,2025-12-12
C01707,SP,Sudeste,55+,2025-10-22
C01708,SP,Sudeste,25-34,2024-03-29
C01709,SP,Sudeste,25-34,2023-08-24
C01710,DF,Centro-Oeste,25-34,2022-09-17
C01711,RS,Sul,25-34,2023-10-18
C01712,PE,Nordeste,55+,2022-03-22
C01713,SP,Sudeste,25-34,2022-05-14
C01714,RJ,Sudeste,35-44,2024-10-27
C01715,RJ,Sudeste,25-34,2024-10-08
C01716,SP,Sudeste,25-34,2025-11-14
C01717,SP,Sudeste,35-44,2024-10-15
C01718,SP,Sudeste,35-44,2025-12-22
C01719,SC,Sul,25-34,2025-12-01
C01720,PR,Sul,55+,2021-12-31
C01721,SP,Sudeste,35-44,2024-01-31
C01722,SP,Sudeste,25-34,2023-10-19
C01723,SP,Sudeste,25-34,2024-06-21
C01724,SP,Sudeste,45-54,2024-12-08
C01725,SC,Sul,55+,2023-04-23
C01726,SP,Sudeste,25-34,2025-03-25
C01727,MG,Sudeste,45-54,2024-12-26
C01728,GO,Centro-Oeste,55+,2022-12-19
C01729,SP,Sudeste,45-54,2025-12-31
C01730,MT,Centro-Oeste,45-54,2022-05-29
C01731,RJ,Sudeste,55+,2023-08-25
C01732,GO,Centro-Oeste,55+,2022-05-05
C01733,RS,Sul,25-34,2023-08-24
C01734,RJ,Sudeste,18-24,2022-05-15
C01735,GO,Centro-Oeste,55+,2025-05-07
C01736,SP,Sudeste,35-44,2024-07-23
C01737,RS,Sul,45-54,2025-11-16
C01738,MG,Sudeste,25-34,2022-12-25
C01739,PR,Sul,45-54,2024-05-26
C01740,SP,Sudeste,55+,2024-01-26
C01741,SP,Sudeste,35-44,2023-07-27
C01742,RN,Nordeste,45-54,2024-04-27
C01743,CE,Nordeste,25-34,2023-03-20
C01744,PE,Nordeste,35-44,2025-04-21
C01745,SP,Sudeste,45-54,2023-05-25
C01746,MG,Sudeste,35-44,2024-02-18
C01747,PE,Nordeste,25-34,2023-08-03
C01748,PR,Sul,35-44,2025-12-31
C01749,SP,Sudeste,45-54,2023-10-04
C01750,SP,Sudeste,55+,2025-04-02
C01751,RJ,Sudeste,25-34,2023-01-16
C01752,SP,Sudeste,18-24,2024-01-25
C01753,MG,Sudeste,45-54,2024-10-06
C01754,RJ,Sudeste,25-34,2023-08-03
C01755,PA,Norte,55+,2025-11-04
C01756,MG,Sudeste,55+,2023-06-12
C01757,MG,Sudeste,45-54,2025-03-12
C01758,DF,Centro-Oeste,25-34,2024-03-04
C01759,DF,Centro-Oeste,25-34,2024-06-28
C01760,SP,Sudeste,45-54,2023-07-31
C01761,PE,Nordeste,45-54,2022-09-07
C01762,SP,Sudeste,55+,2025-05-25
C01763,ES,Sudeste,35-44,2023-12-03
C01764,SP,Sudeste,18-24,2023-11-29
C01765,SP,Sudeste,35-44,2023-08-21
C01766,AM,Norte,25-34,2025-08-16
C01767,RJ,Sudeste,25-34,2025-10-21
C01768,SC,Sul,35-44,2025-08-05
C01769,MG,Sudeste,35-44,2022-10-28
C01770,SP,Sudeste,25-34,2025-04-26
C01771,SP,Sudeste,25-34,2023-05-06
C01772,PR,Sul,35-44,2022-03-31
C01773,BA,Nordeste,35-44,2023-10-09
C01774,SP,Sudeste,45-54,2024-12-17
C01775,GO,Centro-Oeste,55+,2024-03-30
C01776,MG,Sudeste,55+,2023-02-26
C01777,PR,Sul,35-44,2024-10-13
C01778,RJ,Sudeste,25-34,2025-02-14
C01779,SP,Sudeste,25-34,2023-12-31
C01780,PE,Nordeste,35-44,2025-01-30
C01781,BA,Nordeste,45-54,2024-08-15
C01782,PR,Sul,45-54,2024-04-10
C01783,SP,Sudeste,25-34,2025-05-21
C01784,ES,Sudeste,55+,2023-12-01
C01785,PE,Nordeste,25-34,2023-12-28
C01786,SP,Sudeste,25-34,2023-08-17
C01787,SP,Sudeste,45-54,2022-12-17
C01788,DF,Centro-Oeste,35-44,2025-12-26
C01789,SP,Sudeste,25-34,2023-07-18
C01790,MG,Sudeste,45-54,2025-04-19
C01791,SP,Sudeste,55+,2025-10-01
C01792,SP,Sudeste,25-34,2024-04-24
C01793,SP,Sudeste,35-44,2023-05-12
C01794,RJ,Sudeste,35-44,2025-03-31
C01795,RS,Sul,25-34,2024-04-20
C01796,RN,Nordeste,35-44,2024-02-03
C01797,PR,Sul,25-34,2023-06-09
C01798,BA,Nordeste,25-34,2023-07-18
C01799,SP,Sudeste,25-34,2025-12-06
C01800,RS,Sul,25-34,2024-06-21
C01801,MG,Sudeste,25-34,2025-10-31
C01802,RJ,Sudeste,45-54,2022-08-29
C01803,PE,Nordeste,45-54,2022-09-16
C01804,SP,Sudeste,45-54,2025-08-21
C01805,DF,Centro-Oeste,25-34,2025-08-30
C01806,SP,Sudeste,45-54,2025-12-18
C01807,MG,Sudeste,45-54,2023-01-29
C01808,ES,Sudeste,45-54,2024-07-03
C01809,SP,Sudeste,35-44,2023-05-28
C01810,RJ,Sudeste,45-54,2023-11-18
C01811,BA,Nordeste,45-54,2024-04-06
C01812,SP,Sudeste,25-34,2025-02-23
C01813,RJ,Sudeste,25-34,2024-01-20
C01814,CE,Nordeste,25-34,2024-08-15
C01815,SP,Sudeste,35-44,2023-05-04
C01816,RN,Nordeste,55+,2025-10-10
C01817,GO,Centro-Oeste,35-44,2023-07-06
C01818,RJ,Sudeste,25-34,2024-04-26
C01819,GO,Centro-Oeste,25-34,2024-08-08
C01820,SP,Sudeste,45-54,2025-09-29
C01821,MG,Sudeste,25-34,2025-11-11
C01822,RJ,Sudeste,45-54,2025-11-07
C01823,ES,Sudeste,45-54,2022-04-09
C01824,SP,Sudeste,25-34,2024-11-21
C01825,SP,Sudeste,25-34,2024-11-02
C01826,PE,Nordeste,18-24,2023-11-22
C01827,SP,Sudeste,55+,2024-04-08
C01828,MG,Sudeste,45-54,2022-06-28
C01829,RJ,Sudeste,35-44,2024-01-29
C01830,SC,Sul,35-44,2025-08-24
C01831,SP,Sudeste,45-54,2022-05-11
C01832,RJ,Sudeste,55+,2025-01-26
C01833,SP,Sudeste,25-34,2023-11-07
C01834,MG,Sudeste,45-54,2023-06-16
C01835,MG,Sudeste,25-34,2024-09-23
C01836,SP,Sudeste,18-24,2023-07-06
C01837,PA,Norte,25-34,2024-07-22
C01838,ES,Sudeste,35-44,2022-03-28
C01839,PE,Nordeste,25-34,2023-07-13
C01840,PR,Sul,25-34,2025-10-27
C01841,SC,Sul,35-44,2025-11-28
C01842,RS,Sul,45-54,2023-06-05
C01843,SP,Sudeste,25-34,2025-06-30
C01844,SP,Sudeste,35-44,2025-09-02
C01845,PR,Sul,55+,2025-10-05
C01846,MG,Sudeste,18-24,2025-05-21
C01847,SP,Sudeste,35-44,2022-10-08
C01848,SC,Sul,25-34,2024-07-23
C01849,MT,Centro-Oeste,25-34,2022-11-18
C01850,MG,Sudeste,35-44,2024-10-15
C01851,RS,Sul,35-44,2022-02-09
C01852,RS,Sul,35-44,2022-07-26
C01853,PR,Sul,35-44,2023-03-03
C01854,BA,Nordeste,45-54,2022-07-16
C01855,MG,Sudeste,35-44,2025-10-11
C01856,MG,Sudeste,18-24,2024-07-01
C01857,DF,Centro-Oeste,45-54,2024-04-23
C01858,SP,Sudeste,55+,2025-05-08
C01859,BA,Nordeste,55+,2024-04-06
C01860,SP,Sudeste,55+,2025-09-22
C01861,ES,Sudeste,18-24,2024-11-19
C01862,SC,Sul,35-44,2023-09-28
C01863,RJ,Sudeste,45-54,2025-10-06
C01864,CE,Nordeste,55+,2021-12-05
C01865,MT,Centro-Oeste,45-54,2024-06-22
C01866,MG,Sudeste,55+,2023-03-02
C01867,RS,Sul,25-34,2024-04-11
C01868,BA,Nordeste,45-54,2023-11-30
C01869,RS,Sul,55+,2023-05-11
C01870,MG,Sudeste,18-24,2024-07-25
C01871,MG,Sudeste,45-54,2021-12-13
C01872,PA,Norte,55+,2025-07-27
C01873,RS,Sul,25-34,2025-10-14
C01874,SP,Sudeste,25-34,2025-02-15
C01875,SP,Sudeste,18-24,2025-07-17
C01876,SP,Sudeste,25-34,2025-10-23
C01877,RN,Nordeste,35-44,2023-12-17
C01878,MG,Sudeste,35-44,2025-03-16
C01879,SP,Sudeste,35-44,2025-11-11
C01880,SC,Sul,35-44,2022-05-20
C01881,MG,Sudeste,35-44,2024-09-10
C01882,BA,Nordeste,45-54,2022-05-07
C01883,PR,Sul,18-24,2022-02-18
C01884,MG,Sudeste,25-34,2023-04-21
C01885,SC,Sul,35-44,2023-09-18
C01886,GO,Centro-Oeste,35-44,2023-10-25
C01887,PA,Norte,25-34,2024-11-11
C01888,PR,Sul,25-34,2022-05-01
C01889,SP,Sudeste,25-34,2025-09-27
C01890,RS,Sul,35-44,2025-06-19
C01891,SC,Sul,25-34,2023-07-09
C01892,CE,Nordeste,35-44,2024-05-27
C01893,SP,Sudeste,25-34,2024-02-28
C01894,SP,Sudeste,35-44,2024-11-17
C01895,BA,Nordeste,25-34,2023-01-09
C01896,CE,Nordeste,35-44,2025-08-31
C01897,SP,Sudeste,35-44,2025-05-01
C01898,SC,Sul,18-24,2023-05-12
C01899,CE,Nordeste,55+,2024-08-07
C01900,SP,Sudeste,55+,2023-02-11
C01901,PR,Sul,25-34,2025-04-24
C01902,PE,Nordeste,35-44,2023-10-23
C01903,RJ,Sudeste,35-44,2022-11-17
C01904,RJ,Sudeste,25-34,2025-09-02
C01905,CE,Nordeste,35-44,2022-09-05
C01906,SP,Sudeste,35-44,2024-08-08
C01907,SP,Sudeste,25-34,2022-08-14
C01908,MG,Sudeste,55+,2022-08-24
C01909,MG,Sudeste,45-54,2023-06-14
C01910,ES,Sudeste,45-54,2022-08-04
C01911,SP,Sudeste,18-24,2022-06-19
C01912,RS,Sul,45-54,2023-11-18
C01913,RJ,Sudeste,25-34,2025-08-27
C01914,SP,Sudeste,25-34,2023-05-05
C01915,SP,Sudeste,55+,2023-02-19
C01916,MG,Sudeste,35-44,2023-02-05
C01917,SP,Sudeste,35-44,2024-06-02
C01918,SP,Sudeste,45-54,2023-07-02
C01919,ES,Sudeste,18-24,2023-02-01
C01920,SP,Sudeste,18-24,2024-07-03
C01921,SP,Sudeste,45-54,2025-11-07
C01922,SP,Sudeste,35-44,2025-03-23
C01923,SP,Sudeste,25-34,2024-05-15
C01924,SP,Sudeste,45-54,2024-02-17
C01925,PR,Sul,45-54,2025-05-10
C01926,MG,Sudeste,25-34,2024-12-24
C01927,SC,Sul,25-34,2024-03-30
C01928,PE,Nordeste,18-24,2025-09-03
C01929,RJ,Sudeste,25-34,2022-09-13
C01930,RJ,Sudeste,25-34,2024-08-04
C01931,SP,Sudeste,25-34,2024-02-21
C01932,PE,Nordeste,45-54,2023-02-12
C01933,ES,Sudeste,35-44,2025-12-16
C01934,DF,Centro-Oeste,25-34,2022-10-01
C01935,ES,Sudeste,45-54,2023-10-25
C01936,SP,Sudeste,25-34,2023-09-20
C01937,SP,Sudeste,25-34,2022-04-27
C01938,ES,Sudeste,25-34,2024-12-28
C01939,RJ,Sudeste,25-34,2024-01-04
C01940,SP,Sudeste,25-34,2025-09-12
C01941,RJ,Sudeste,35-44,2025-03-18
C01942,RJ,Sudeste,25-34,2025-02-10
C01943,SP,Sudeste,45-54,2024-05-30
C01944,RS,Sul,55+,2023-10-16
C01945,RJ,Sudeste,25-34,2025-06-11
C01946,SP,Sudeste,45-54,2022-08-19
C01947,MG,Sudeste,25-34,2024-03-07
C01948,SP,Sudeste,45-54,2024-12-20
C01949,RS,Sul,35-44,2024-11-25
C01950,RJ,Sudeste,55+,2025-05-28
C01951,SP,Sudeste,25-34,2022-07-16
C01952,RJ,Sudeste,55+,2024-12-24
C01953,SP,Sudeste,25-34,2025-12-31
C01954,RJ,Sudeste,25-34,2022-06-04
C01955,MG,Sudeste,35-44,2023-05-14
C01956,BA,Nordeste,35-44,2023-01-30
C01957,MG,Sudeste,18-24,2022-12-28
C01958,DF,Centro-Oeste,25-34,2025-05-09
C01959,RS,Sul,35-44,2025-03-25
C01960,BA,Nordeste,55+,2023-03-18
C01961,SP,Sudeste,18-24,2023-08-11
C01962,SP,Sudeste,35-44,2023-10-15
C01963,SP,Sudeste,35-44,2024-03-12
C01964,PA,Norte,45-54,2022-08-04
C01965,RJ,Sudeste,25-34,2023-03-28
C01966,SC,Sul,35-44,2025-09-20
C01967,SP,Sudeste,45-54,2022-05-21
C01968,MG,Sudeste,35-44,2023-10-04
C01969,DF,Centro-Oeste,35-44,2022-10-11
C01970,PE,Nordeste,45-54,2023-08-24
C01971,CE,Nordeste,35-44,2024-02-04
C01972,PR,Sul,45-54,2024-03-03
C01973,RN,Nordeste,55+,2022-11-13
C01974,SP,Sudeste,45-54,2025-09-24
C01975,RJ,Sudeste,18-24,2025-10-28
C01976,ES,Sudeste,55+,2023-02-14
C01977,SC,Sul,25-34,2022-11-23
C01978,PR,Sul,18-24,2023-02-05
C01979,PE,Nordeste,55+,2023-02-16
C01980,ES,Sudeste,25-34,2022-10-27
C01981,BA,Nordeste,25-34,2024-02-25
C01982,PR,Sul,55+,2025-09-07
C01983,BA,Nordeste,45-54,2025-04-18
C01984,RJ,Sudeste,25-34,2022-04-28
C01985,GO,Centro-Oeste,18-24,2025-10-28
C01986,SC,Sul,45-54,2025-04-25
C01987,PE,Nordeste,35-44,2022-05-23
C01988,SP,Sudeste,35-44,2024-11-21
C01989,SP,Sudeste,45-54,2024-10-02
C01990,SP,Sudeste,45-54,2024-12-21
C01991,MG,Sudeste,35-44,2022-09-03
C01992,SP,Sudeste,18-24,2025-01-12
C01993,BA,Nordeste,55+,2022-01-23
C01994,SP,Sudeste,25-34,2025-06-09
C01995,DF,Centro-Oeste,55+,2023-07-16
C01996,MG,Sudeste,35-44,2023-08-19
C01997,PE,Nordeste,55+,2025-03-29
C01998,MG,Sudeste,45-54,2023-04-23
C01999,SP,Sudeste,18-24,2022-06-24
C02000,MG,Sudeste,55+,2025-01-19
C02001,GO,Centro-Oeste,18-24,2024-11-20
C02002,PE,Nordeste,55+,2025-07-05
C02003,SP,Sudeste,35-44,2024-05-16
C02004,SP,Sudeste,25-34,2025-03-19
C02005,SP,Sudeste,45-54,2022-06-18
C02006,RJ,Sudeste,25-34,2024-11-20
C02007,DF,Centro-Oeste,18-24,2025-12-25
C02008,PE,Nordeste,55+,2023-09-21
C02009,SC,Sul,18-24,2024-01-16
C02010,SC,Sul,35-44,2024-10-06
C02011,SP,Sudeste,35-44,2025-03-21
C02012,SP,Sudeste,18-24,2025-06-24
C02013,RJ,Sudeste,35-44,2022-01-26
C02014,PA,Norte,25-34,2024-06-21
C02015,RN,Nordeste,35-44,2023-08-25
C02016,SP,Sudeste,55+,2024-03-19
C02017,RS,Sul,25-34,2025-03-27
C02018,RJ,Sudeste,45-54,2022-10-29
C02019,MT,Centro-Oeste,25-34,2022-06-13
C02020,PR,Sul,35-44,2023-06-05
C02021,SC,Sul,25-34,2021-12-01
C02022,RS,Sul,18-24,2024-07-04
C02023,SC,Sul,45-54,2024-06-02
C02024,SP,Sudeste,25-34,2023-03-29
C02025,PE,Nordeste,35-44,2025-04-27
C02026,RS,Sul,25-34,2025-11-21
C02027,SC,Sul,35-44,2024-04-27
C02028,RS,Sul,18-24,2022-04-25
C02029,SC,Sul,35-44,2025-12-11
C02030,SC,Sul,35-44,2024-11-27
C02031,PR,Sul,45-54,2025-10-21
C02032,PR,Sul,25-34,2023-10-05
C02033,SP,Sudeste,35-44,2024-12-16
C02034,SP,Sudeste,25-34,2025-10-10
C02035,PE,Nordeste,45-54,2025-10-09
C02036,SP,Sudeste,25-34,2023-04-29
C02037,PR,Sul,25-34,2024-03-15
C02038,PE,Nordeste,25-34,2024-10-26
C02039,RJ,Sudeste,25-34,2025-04-24
C02040,BA,Nordeste,25-34,2024-05-28
C02041,SP,Sudeste,35-44,2024-10-08
C02042,MG,Sudeste,35-44,2024-05-29
C02043,SP,Sudeste,45-54,2023-05-31
C02044,RN,Nordeste,35-44,2022-08-06
C02045,SP,Sudeste,45-54,2024-03-30
C02046,SP,Sudeste,25-34,2021-12-20
C02047,SP,Sudeste,35-44,2023-06-27
C02048,AM,Norte,25-34,2022-09-26
C02049,MG,Sudeste,45-54,2025-01-12
C02050,SP,Sudeste,45-54,2023-08-20
C02051,SP,Sudeste,18-24,2023-10-25
C02052,SP,Sudeste,25-34,2023-07-10
C02053,RS,Sul,35-44,2025-04-30
C02054,SP,Sudeste,25-34,2024-09-25
C02055,PR,Sul,25-34,2022-08-30
C02056,PR,Sul,55+,2023-08-01
C02057,MG,Sudeste,35-44,2024-09-26
C02058,SP,Sudeste,45-54,2023-05-22
C02059,RS,Sul,45-54,2022-11-16
C02060,RN,Nordeste,25-34,2024-11-14
C02061,MG,Sudeste,25-34,2022-11-06
C02062,PR,Sul,35-44,2024-08-29
C02063,RS,Sul,35-44,2022-06-16
C02064,RS,Sul,35-44,2022-04-12
C02065,SP,Sudeste,25-34,2022-05-29
C02066,MG,Sudeste,45-54,2025-07-20
C02067,SP,Sudeste,55+,2024-12-13
C02068,SP,Sudeste,35-44,2024-04-19
C02069,RJ,Sudeste,35-44,2022-08-19
C02070,SP,Sudeste,45-54,2025-11-04
C02071,AM,Norte,35-44,2022-06-23
C02072,SP,Sudeste,45-54,2023-09-20
C02073,GO,Centro-Oeste,35-44,2022-04-24
C02074,RJ,Sudeste,45-54,2022-03-27
C02075,SP,Sudeste,35-44,2025-12-29
C02076,SP,Sudeste,25-34,2025-07-24
C02077,RS,Sul,18-24,2024-11-26
C02078,PR,Sul,35-44,2024-06-22
C02079,RS,Sul,25-34,2023-08-23
C02080,PR,Sul,35-44,2024-12-18
C02081,MG,Sudeste,35-44,2022-03-10
C02082,SP,Sudeste,25-34,2025-08-25
C02083,PE,Nordeste,45-54,2024-12-02
C02084,PE,Nordeste,25-34,2022-04-10
C02085,SC,Sul,18-24,2023-09-26
C02086,SP,Sudeste,25-34,2024-01-04
C02087,SP,Sudeste,55+,2024-10-25
C02088,RJ,Sudeste,18-24,2024-11-02
C02089,PR,Sul,25-34,2023-04-16
C02090,SC,Sul,45-54,2022-12-15
C02091,SP,Sudeste,25-34,2023-01-01
C02092,MG,Sudeste,55+,2024-01-04
C02093,RJ,Sudeste,25-34,2024-12-08
C02094,PE,Nordeste,45-54,2025-02-25
C02095,BA,Nordeste,45-54,2025-11-24
C02096,MG,Sudeste,35-44,2024-01-26
C02097,MG,Sudeste,18-24,2025-04-11
C02098,RS,Sul,25-34,2025-10-24
C02099,MG,Sudeste,25-34,2022-09-03
C02100,SP,Sudeste,25-34,2024-04-14
C02101,RJ,Sudeste,25-34,2023-05-05
C02102,RJ,Sudeste,35-44,2025-04-29
C02103,RJ,Sudeste,55+,2024-07-18
C02104,RJ,Sudeste,45-54,2024-08-12
C02105,BA,Nordeste,35-44,2022-03-17
C02106,DF,Centro-Oeste,35-44,2022-02-25
C02107,SP,Sudeste,45-54,2021-12-13
C02108,SP,Sudeste,35-44,2024-12-06
C02109,SC,Sul,25-34,2022-08-25
C02110,ES,Sudeste,25-34,2023-12-25
C02111,SP,Sudeste,25-34,2022-12-23
C02112,SP,Sudeste,55+,2022-11-02
C02113,AM,Norte,25-34,2023-03-25
C02114,RJ,Sudeste,35-44,2022-03-20
C02115,SP,Sudeste,35-44,2025-08-15
C02116,SP,Sudeste,35-44,2022-07-27
C02117,RN,Nordeste,35-44,2024-03-27
C02118,MT,Centro-Oeste,35-44,2025-10-27
C02119,CE,Nordeste,35-44,2023-12-23
C02120,SP,Sudeste,18-24,2023-02-24
C02121,PE,Nordeste,18-24,2024-07-10
C02122,SP,Sudeste,55+,2024-02-08
C02123,SP,Sudeste,25-34,2025-04-09
C02124,BA,Nordeste,55+,2025-01-22
C02125,RS,Sul,55+,2024-10-19
C02126,PR,Sul,55+,2024-02-10
C02127,RS,Sul,25-34,2023-12-09
C02128,PR,Sul,25-34,2025-04-25
C02129,SP,Sudeste,25-34,2025-03-24
C02130,MG,Sudeste,35-44,2025-04-29
C02131,MG,Sudeste,35-44,2025-08-16
C02132,AM,Norte,35-44,2024-09-24
C02133,SP,Sudeste,25-34,2022-09-13
C02134,BA,Nordeste,55+,2025-05-24
C02135,RJ,Sudeste,45-54,2025-04-07
C02136,SP,Sudeste,25-34,2023-11-11
C02137,SP,Sudeste,18-24,2022-07-23
C02138,BA,Nordeste,25-34,2023-03-08
C02139,SP,Sudeste,55+,2023-10-28
C02140,RS,Sul,35-44,2025-09-26
C02141,AM,Norte,35-44,2024-09-13
C02142,DF,Centro-Oeste,25-34,2024-03-14
C02143,PA,Norte,25-34,2024-02-09
C02144,SP,Sudeste,25-34,2024-06-04
C02145,PR,Sul,35-44,2025-11-21
C02146,RJ,Sudeste,18-24,2024-01-27
C02147,SP,Sudeste,25-34,2025-08-30
C02148,RS,Sul,18-24,2023-09-15
C02149,MG,Sudeste,25-34,2022-03-16
C02150,MG,Sudeste,25-34,2025-02-14
C02151,CE,Nordeste,35-44,2024-11-27
C02152,SP,Sudeste,25-34,2022-04-27
C02153,BA,Nordeste,25-34,2023-06-10
C02154,SP,Sudeste,25-34,2024-12-06
C02155,BA,Nordeste,25-34,2025-09-23
C02156,PR,Sul,25-34,2025-08-29
C02157,SP,Sudeste,25-34,2023-04-01
C02158,BA,Nordeste,35-44,2024-12-15
C02159,MT,Centro-Oeste,45-54,2024-09-12
C02160,PA,Norte,45-54,2022-02-10
C02161,AM,Norte,55+,2024-03-15
C02162,RJ,Sudeste,18-24,2022-09-11
C02163,MG,Sudeste,25-34,2023-05-17
C02164,PR,Sul,55+,2025-09-25
C02165,PR,Sul,25-34,2023-09-28
C02166,ES,Sudeste,18-24,2024-01-04
C02167,SC,Sul,25-34,2024-06-26
C02168,SP,Sudeste,25-34,2024-12-23
C02169,RS,Sul,55+,2023-08-11
C02170,SC,Sul,45-54,2025-10-09
C02171,BA,Nordeste,35-44,2022-11-26
C02172,SP,Sudeste,45-54,2025-08-08
C02173,SC,Sul,25-34,2022-04-26
C02174,SP,Sudeste,45-54,2025-10-09
C02175,SP,Sudeste,25-34,2025-09-19
C02176,PE,Nordeste,35-44,2024-05-06
C02177,RS,Sul,45-54,2024-09-14
C02178,RJ,Sudeste,45-54,2023-12-23
C02179,SP,Sudeste,25-34,2025-10-08
C02180,RS,Sul,45-54,2023-08-21
C02181,SC,Sul,35-44,2024-11-24
C02182,SC,Sul,35-44,2025-04-20
C02183,SP,Sudeste,25-34,2022-12-10
C02184,MG,Sudeste,18-24,2025-01-20
C02185,SP,Sudeste,55+,2025-07-05
C02186,PE,Nordeste,35-44,2025-08-07
C02187,SP,Sudeste,55+,2025-01-05
C02188,ES,Sudeste,25-34,2023-12-16
C02189,SP,Sudeste,25-34,2025-10-31
C02190,RJ,Sudeste,35-44,2022-10-11
C02191,ES,Sudeste,25-34,2022-12-15
C02192,GO,Centro-Oeste,35-44,2023-04-16
C02193,RJ,Sudeste,25-34,2024-06-29
C02194,CE,Nordeste,18-24,2025-06-02
C02195,PE,Nordeste,55+,2024-05-26
C02196,DF,Centro-Oeste,55+,2023-09-26
C02197,SC,Sul,55+,2025-12-07
C02198,SP,Sudeste,45-54,2025-09-24
C02199,MG,Sudeste,45-54,2022-09-02
C02200,BA,Nordeste,35-44,2024-10-06
C02201,ES,Sudeste,35-44,2024-03-06
C02202,MG,Sudeste,35-44,2023-11-12
C02203,SC,Sul,35-44,2025-01-19
C02204,GO,Centro-Oeste,25-34,2023-03-14
C02205,RN,Nordeste,25-34,2024-10-07
C02206,SP,Sudeste,25-34,2022-01-12
C02207,MT,Centro-Oeste,25-34,2023-04-16
C02208,SP,Sudeste,45-54,2025-09-22
C02209,MG,Sudeste,35-44,2023-03-06
C02210,SP,Sudeste,35-44,2023-06-24
C02211,PE,Nordeste,25-34,2025-09-30
C02212,SP,Sudeste,18-24,2025-11-09
C02213,RJ,Sudeste,25-34,2024-01-30
C02214,PE,Nordeste,25-34,2025-05-07
C02215,RS,Sul,45-54,2023-10-30
C02216,SP,Sudeste,55+,2023-03-31
C02217,BA,Nordeste,35-44,2025-08-31
C02218,RS,Sul,55+,2024-01-06
C02219,SP,Sudeste,18-24,2023-01-26
C02220,SP,Sudeste,25-34,2025-12-05
C02221,RS,Sul,25-34,2023-12-27
C02222,PE,Nordeste,35-44,2023-01-07
C02223,CE,Nordeste,45-54,2024-11-11
C02224,RJ,Sudeste,45-54,2025-09-27
C02225,PE,Nordeste,35-44,2023-01-05
C02226,SP,Sudeste,45-54,2023-11-14
C02227,RS,Sul,25-34,2023-11-26
C02228,MG,Sudeste,55+,2023-02-19
C02229,AM,Norte,55+,2025-06-05
C02230,SP,Sudeste,45-54,2022-06-06
C02231,RJ,Sudeste,18-24,2023-11-21
C02232,RJ,Sudeste,25-34,2024-12-30
C02233,SP,Sudeste,45-54,2025-02-03
C02234,SP,Sudeste,35-44,2023-04-12
C02235,RN,Nordeste,55+,2023-03-25
C02236,SC,Sul,25-34,2022-02-25
C02237,PE,Nordeste,25-34,2024-02-09
C02238,BA,Nordeste,55+,2024-09-08
C02239,SP,Sudeste,35-44,2022-01-29
C02240,RS,Sul,35-44,2024-04-10
C02241,BA,Nordeste,55+,2024-12-03
C02242,RS,Sul,55+,2025-12-22
C02243,PR,Sul,45-54,2022-03-24
C02244,RJ,Sudeste,55+,2024-01-24
C02245,DF,Centro-Oeste,25-34,2024-12-15
C02246,RJ,Sudeste,55+,2024-10-13
C02247,PE,Nordeste,18-24,2022-03-03
C02248,RS,Sul,45-54,2024-04-10
C02249,DF,Centro-Oeste,55+,2025-04-20
C02250,RJ,Sudeste,35-44,2024-10-18
C02251,PE,Nordeste,55+,2022-11-07
C02252,SP,Sudeste,45-54,2023-12-14
C02253,SP,Sudeste,25-34,2022-06-20
C02254,SP,Sudeste,55+,2025-08-02
C02255,SP,Sudeste,25-34,2025-04-28
C02256,SC,Sul,35-44,2025-08-14
C02257,RJ,Sudeste,25-34,2023-06-24
C02258,RJ,Sudeste,18-24,2024-05-28
C02259,PR,Sul,25-34,2022-02-26
C02260,RS,Sul,18-24,2024-08-06
C02261,BA,Nordeste,35-44,2023-01-26
C02262,BA,Nordeste,18-24,2024-09-04
C02263,PR,Sul,45-54,2022-12-13
C02264,SP,Sudeste,25-34,2025-10-31
C02265,SP,Sudeste,35-44,2023-12-02
C02266,RJ,Sudeste,45-54,2024-05-26
C02267,SP,Sudeste,35-44,2022-04-10
C02268,PE,Nordeste,25-34,2024-10-22
C02269,MG,Sudeste,35-44,2025-02-06
C02270,SP,Sudeste,25-34,2024-06-28
C02271,SP,Sudeste,45-54,2022-05-17
C02272,SP,Sudeste,25-34,2025-02-16
C02273,SC,Sul,25-34,2025-06-14
C02274,SP,Sudeste,25-34,2023-07-11
C02275,PR,Sul,25-34,2025-10-17
C02276,PE,Nordeste,25-34,2025-11-19
C02277,ES,Sudeste,35-44,2022-10-24
C02278,RJ,Sudeste,25-34,2024-06-05
C02279,RS,Sul,25-34,2024-09-25
C02280,BA,Nordeste,55+,2023-08-11
C02281,RS,Sul,18-24,2025-05-16
C02282,SC,Sul,25-34,2025-04-20
C02283,SP,Sudeste,45-54,2023-03-26
C02284,RJ,Sudeste,35-44,2025-05-06
C02285,CE,Nordeste,55+,2024-06-29
C02286,DF,Centro-Oeste,45-54,2025-05-08
C02287,SP,Sudeste,25-34,2025-04-02
C02288,SP,Sudeste,35-44,2023-04-26
C02289,SP,Sudeste,25-34,2022-06-11
C02290,SP,Sudeste,25-34,2025-02-27
C02291,RS,Sul,35-44,2022-12-19
C02292,SP,Sudeste,45-54,2023-05-11
C02293,SP,Sudeste,25-34,2024-08-05
C02294,SP,Sudeste,18-24,2023-10-16
C02295,SP,Sudeste,35-44,2024-02-03
C02296,GO,Centro-Oeste,25-34,2025-01-24
C02297,BA,Nordeste,25-34,2024-11-01
C02298,CE,Nordeste,55+,2023-10-30
C02299,SP,Sudeste,55+,2024-09-03
C02300,SC,Sul,45-54,2025-01-21
C02301,SP,Sudeste,35-44,2025-12-11
C02302,SP,Sudeste,55+,2022-09-14
C02303,SP,Sudeste,35-44,2023-11-24
C02304,SC,Sul,35-44,2022-03-19
C02305,PE,Nordeste,45-54,2022-01-01
C02306,SP,Sudeste,25-34,2023-09-29
C02307,SP,Sudeste,45-54,2025-10-18
C02308,PE,Nordeste,25-34,2025-12-03
C02309,SC,Sul,55+,2023-06-16
C02310,SP,Sudeste,45-54,2023-04-23
C02311,MG,Sudeste,35-44,2025-06-24
C02312,RJ,Sudeste,35-44,2024-05-06
C02313,SP,Sudeste,25-34,2024-01-27
C02314,GO,Centro-Oeste,35-44,2025-06-08
C02315,BA,Nordeste,35-44,2025-03-12
C02316,SP,Sudeste,45-54,2023-01-27
C02317,BA,Nordeste,55+,2023-07-18
C02318,MG,Sudeste,45-54,2023-02-12
C02319,RJ,Sudeste,55+,2022-06-01
C02320,SP,Sudeste,35-44,2025-10-07
C02321,PE,Nordeste,45-54,2024-11-24
C02322,MG,Sudeste,55+,2025-03-19
C02323,SP,Sudeste,45-54,2024-09-30
C02324,SP,Sudeste,45-54,2023-10-08
C02325,SP,Sudeste,25-34,2023-05-22
C02326,SC,Sul,35-44,2025-09-22
C02327,SP,Sudeste,35-44,2025-10-09
C02328,SP,Sudeste,25-34,2024-06-03
C02329,SP,Sudeste,18-24,2025-01-12
C02330,BA,Nordeste,45-54,2025-02-05
C02331,BA,Nordeste,55+,2022-04-14
C02332,SC,Sul,25-34,2023-07-20
C02333,RJ,Sudeste,35-44,2023-04-12
C02334,SP,Sudeste,35-44,2024-03-07
C02335,SP,Sudeste,18-24,2023-02-06
C02336,PR,Sul,35-44,2025-03-26
C02337,BA,Nordeste,35-44,2024-05-08
C02338,RJ,Sudeste,35-44,2025-05-02
C02339,MG,Sudeste,18-24,2022-05-02
C02340,MT,Centro-Oeste,35-44,2024-09-04
C02341,RJ,Sudeste,18-24,2025-08-10
C02342,BA,Nordeste,25-34,2022-09-01
C02343,SP,Sudeste,35-44,2022-10-29
C02344,MG,Sudeste,35-44,2024-05-09
C02345,RJ,Sudeste,55+,2023-07-21
C02346,SP,Sudeste,18-24,2025-10-13
C02347,RJ,Sudeste,45-54,2023-11-08
C02348,PA,Norte,35-44,2025-08-26
C02349,SP,Sudeste,35-44,2025-07-23
C02350,RS,Sul,25-34,2023-05-21
C02351,PA,Norte,55+,2024-12-10
C02352,RJ,Sudeste,55+,2024-08-21
C02353,GO,Centro-Oeste,35-44,2025-03-21
C02354,BA,Nordeste,55+,2023-07-11
C02355,CE,Nordeste,35-44,2022-11-10
C02356,SP,Sudeste,35-44,2022-07-17
C02357,DF,Centro-Oeste,25-34,2024-03-22
C02358,SP,Sudeste,18-24,2024-08-18
C02359,RJ,Sudeste,45-54,2023-03-30
C02360,SP,Sudeste,25-34,2024-04-01
C02361,PR,Sul,25-34,2025-07-23
C02362,SP,Sudeste,45-54,2022-11-25
C02363,MG,Sudeste,45-54,2024-03-09
C02364,MT,Centro-Oeste,35-44,2023-02-05
C02365,DF,Centro-Oeste,25-34,2024-03-17
C02366,RJ,Sudeste,55+,2022-07-19
C02367,SP,Sudeste,25-34,2024-08-11
C02368,CE,Nordeste,35-44,2024-07-04
C02369,SP,Sudeste,35-44,2023-01-21
C02370,BA,Nordeste,35-44,2022-10-16
C02371,RS,Sul,55+,2022-12-13
C02372,SP,Sudeste,18-24,2024-03-15
C02373,SP,Sudeste,25-34,2025-07-26
C02374,BA,Nordeste,35-44,2025-10-01
C02375,SP,Sudeste,25-34,2023-03-16
C02376,CE,Nordeste,18-24,2024-04-15
C02377,RS,Sul,18-24,2024-11-06
C02378,CE,Nordeste,25-34,2022-08-25
C02379,GO,Centro-Oeste,55+,2022-09-26
C02380,SP,Sudeste,25-34,2022-07-05
C02381,SP,Sudeste,55+,2023-04-27
C02382,BA,Nordeste,25-34,2025-04-03
C02383,BA,Nordeste,45-54,2025-07-28
C02384,GO,Centro-Oeste,25-34,2023-07-19
C02385,GO,Centro-Oeste,25-34,2025-03-04
C02386,BA,Nordeste,35-44,2024-12-18
C02387,GO,Centro-Oeste,45-54,2022-08-25
C02388,SP,Sudeste,45-54,2022-07-08
C02389,SP,Sudeste,35-44,2022-08-25
C02390,PR,Sul,55+,2025-10-14
C02391,SP,Sudeste,45-54,2024-08-14
C02392,SP,Sudeste,45-54,2025-12-16
C02393,MG,Sudeste,35-44,2025-03-15
C02394,SP,Sudeste,25-34,2022-11-26
C02395,SP,Sudeste,25-34,2024-01-20
C02396,SP,Sudeste,25-34,2022-05-28
C02397,CE,Nordeste,25-34,2025-12-31
C02398,PA,Norte,35-44,2023-07-15
C02399,PR,Sul,25-34,2024-02-19
C02400,PR,Sul,25-34,2024-04-23
C02401,PR,Sul,25-34,2022-12-03
C02402,SP,Sudeste,25-34,2024-01-26
C02403,SP,Sudeste,45-54,2025-08-19
C02404,RS,Sul,25-34,2024-01-16
C02405,RJ,Sudeste,18-24,2024-09-21
C02406,RJ,Sudeste,35-44,2023-08-19
C02407,SP,Sudeste,18-24,2022-09-30
C02408,SP,Sudeste,25-34,2022-12-07
C02409,SP,Sudeste,45-54,2023-11-17
C02410,MG,Sudeste,18-24,2024-11-29
C02411,SP,Sudeste,35-44,2023-08-04
C02412,PE,Nordeste,45-54,2025-01-11
C02413,BA,Nordeste,25-34,2024-06-13
C02414,PR,Sul,18-24,2025-08-20
C02415,SP,Sudeste,55+,2023-08-12
C02416,ES,Sudeste,35-44,2025-11-30
C02417,PE,Nordeste,25-34,2025-03-29
C02418,MG,Sudeste,35-44,2022-08-13
C02419,SP,Sudeste,18-24,2024-09-08
C02420,PR,Sul,25-34,2024-09-05
C02421,RS,Sul,18-24,2022-05-05
C02422,MG,Sudeste,55+,2022-12-18
C02423,CE,Nordeste,35-44,2023-01-31
C02424,RN,Nordeste,35-44,2023-07-10
C02425,PR,Sul,35-44,2025-06-26
C02426,MT,Centro-Oeste,45-54,2023-12-15
C02427,SP,Sudeste,35-44,2025-02-26
C02428,PA,Norte,18-24,2022-11-18
C02429,MG,Sudeste,35-44,2025-02-24
C02430,PR,Sul,35-44,2025-12-19
C02431,SP,Sudeste,35-44,2023-07-26
C02432,RJ,Sudeste,55+,2023-12-01
C02433,RJ,Sudeste,35-44,2023-09-16
C02434,AM,Norte,45-54,2024-04-21
C02435,ES,Sudeste,35-44,2023-10-01
C02436,RN,Nordeste,35-44,2022-09-29
C02437,SP,Sudeste,18-24,2025-05-29
C02438,SP,Sudeste,55+,2024-06-14
C02439,SP,Sudeste,35-44,2024-01-27
C02440,PR,Sul,35-44,2024-07-27
C02441,ES,Sudeste,45-54,2023-11-18
C02442,PE,Nordeste,55+,2023-06-24
C02443,RJ,Sudeste,35-44,2024-05-05
C02444,SP,Sudeste,45-54,2025-01-05
C02445,CE,Nordeste,25-34,2022-06-30
C02446,SP,Sudeste,18-24,2024-11-08
C02447,PE,Nordeste,45-54,2024-01-22
C02448,SP,Sudeste,35-44,2025-07-15
C02449,MG,Sudeste,45-54,2023-06-04
C02450,SP,Sudeste,55+,2024-10-10
C02451,BA,Nordeste,25-34,2022-08-06
C02452,PR,Sul,45-54,2023-10-07
C02453,AM,Norte,45-54,2023-12-27
C02454,SP,Sudeste,18-24,2023-01-22
C02455,SP,Sudeste,25-34,2025-08-02
C02456,PA,Norte,35-44,2025-05-10
C02457,DF,Centro-Oeste,25-34,2025-07-19
C02458,GO,Centro-Oeste,35-44,2024-08-11
C02459,SP,Sudeste,35-44,2025-05-28
C02460,RJ,Sudeste,35-44,2022-04-13
C02461,SC,Sul,18-24,2023-04-17
C02462,PE,Nordeste,55+,2025-12-08
C02463,SP,Sudeste,35-44,2022-06-06
C02464,DF,Centro-Oeste,25-34,2024-05-25
C02465,BA,Nordeste,25-34,2025-03-06
C02466,SC,Sul,35-44,2024-01-20
C02467,RJ,Sudeste,25-34,2025-02-09
C02468,RJ,Sudeste,35-44,2024-06-07
C02469,SP,Sudeste,25-34,2023-08-04
C02470,RJ,Sudeste,45-54,2024-10-18
C02471,ES,Sudeste,35-44,2023-10-17
C02472,SP,Sudeste,35-44,2024-11-21
C02473,SP,Sudeste,35-44,2025-11-27
C02474,SP,Sudeste,45-54,2025-02-27
C02475,RJ,Sudeste,25-34,2024-12-09
C02476,RJ,Sudeste,45-54,2023-10-16
C02477,MG,Sudeste,35-44,2024-07-04
C02478,SP,Sudeste,45-54,2025-03-26
C02479,PR,Sul,35-44,2023-06-04
C02480,ES,Sudeste,35-44,2024-08-01
C02481,BA,Nordeste,35-44,2024-05-17
C02482,SP,Sudeste,35-44,2022-11-30
C02483,GO,Centro-Oeste,45-54,2023-11-23
C02484,SP,Sudeste,35-44,2024-05-19
C02485,RJ,Sudeste,25-34,2023-01-09
C02486,RS,Sul,35-44,2025-03-15
C02487,RS,Sul,45-54,2023-01-09
C02488,SP,Sudeste,25-34,2024-12-02
C02489,MT,Centro-Oeste,45-54,2025-09-08
C02490,MG,Sudeste,35-44,2025-07-26
C02491,SP,Sudeste,55+,2025-09-08
C02492,MG,Sudeste,45-54,2023-02-09
C02493,PE,Nordeste,25-34,2024-02-20
C02494,CE,Nordeste,25-34,2025-03-19
C02495,MG,Sudeste,45-54,2025-01-20
C02496,SC,Sul,25-34,2025-10-05
C02497,SP,Sudeste,25-34,2025-08-20
C02498,SP,Sudeste,45-54,2022-01-22
C02499,RS,Sul,35-44,2024-04-02
C02500,BA,Nordeste,18-24,2024-07-19
C02501,RS,Sul,25-34,2023-12-24
C02502,PR,Sul,55+,2024-09-02
C02503,PE,Nordeste,45-54,2024-12-12
C02504,PE,Nordeste,45-54,2024-09-03
C02505,SP,Sudeste,25-34,2025-02-12
C02506,MG,Sudeste,45-54,2023-11-27
C02507,RJ,Sudeste,25-34,2022-02-09
C02508,SP,Sudeste,25-34,2022-09-24
C02509,AM,Norte,35-44,2023-07-30
C02510,PE,Nordeste,25-34,2022-11-19
C02511,PA,Norte,35-44,2025-07-07
C02512,MG,Sudeste,55+,2023-12-12
C02513,ES,Sudeste,45-54,2024-06-12
C02514,GO,Centro-Oeste,25-34,2022-10-03
C02515,SP,Sudeste,55+,2023-10-07
C02516,SP,Sudeste,45-54,2023-01-07
C02517,PE,Nordeste,25-34,2025-12-13
C02518,MG,Sudeste,35-44,2024-04-18
C02519,RS,Sul,45-54,2022-07-16
C02520,SP,Sudeste,55+,2024-06-10
C02521,SP,Sudeste,18-24,2025-08-25
C02522,SP,Sudeste,25-34,2024-04-09
C02523,MG,Sudeste,45-54,2021-12-20
C02524,SP,Sudeste,45-54,2024-11-02
C02525,SC,Sul,35-44,2022-04-19
C02526,SP,Sudeste,45-54,2025-01-19
C02527,MG,Sudeste,18-24,2025-08-18
C02528,MG,Sudeste,55+,2024-05-21
C02529,SC,Sul,18-24,2025-01-22
C02530,SP,Sudeste,35-44,2023-02-23
C02531,SP,Sudeste,25-34,2025-03-10
C02532,SP,Sudeste,25-34,2025-04-27
C02533,SP,Sudeste,35-44,2025-12-21
C02534,SP,Sudeste,55+,2023-03-06
C02535,SP,Sudeste,18-24,2025-08-14
C02536,MG,Sudeste,55+,2025-11-09
C02537,SC,Sul,25-34,2025-11-25
C02538,GO,Centro-Oeste,25-34,2023-11-22
C02539,SP,Sudeste,25-34,2025-03-15
C02540,SP,Sudeste,25-34,2022-01-18
C02541,BA,Nordeste,25-34,2025-10-03
C02542,PR,Sul,25-34,2024-01-16
C02543,PE,Nordeste,25-34,2025-09-27
C02544,SP,Sudeste,35-44,2025-10-05
C02545,SP,Sudeste,25-34,2024-08-14
C02546,SP,Sudeste,35-44,2024-07-06
C02547,GO,Centro-Oeste,45-54,2022-08-01
C02548,SP,Sudeste,35-44,2024-10-23
C02549,CE,Nordeste,35-44,2022-11-09
C02550,SP,Sudeste,55+,2024-06-04
C02551,SP,Sudeste,25-34,2022-05-16
C02552,RS,Sul,25-34,2023-12-25
C02553,PR,Sul,35-44,2024-04-05
C02554,SP,Sudeste,45-54,2023-11-02
C02555,SP,Sudeste,55+,2022-02-28
C02556,SP,Sudeste,25-34,2024-09-07
C02557,SP,Sudeste,35-44,2025-12-31
C02558,BA,Nordeste,45-54,2025-08-03
C02559,RJ,Sudeste,45-54,2024-12-24
C02560,PR,Sul,35-44,2023-05-27
C02561,RJ,Sudeste,55+,2025-01-06
C02562,DF,Centro-Oeste,25-34,2023-06-07
C02563,SP,Sudeste,25-34,2024-10-08
C02564,SP,Sudeste,18-24,2025-01-22
C02565,RJ,Sudeste,25-34,2023-12-22
C02566,DF,Centro-Oeste,45-54,2024-03-24
C02567,RJ,Sudeste,35-44,2025-01-17
C02568,GO,Centro-Oeste,55+,2024-04-26
C02569,SP,Sudeste,25-34,2025-10-02
C02570,SP,Sudeste,25-34,2022-11-13
C02571,DF,Centro-Oeste,25-34,2025-10-25
C02572,SP,Sudeste,35-44,2024-11-15
C02573,RS,Sul,25-34,2024-07-16
C02574,SP,Sudeste,18-24,2025-10-04
C02575,SP,Sudeste,45-54,2024-07-15
C02576,RS,Sul,55+,2024-10-12
C02577,RJ,Sudeste,35-44,2023-03-06
C02578,RJ,Sudeste,55+,2022-12-01
C02579,BA,Nordeste,45-54,2023-10-30
C02580,SP,Sudeste,45-54,2025-12-27
C02581,PR,Sul,25-34,2023-03-26
C02582,ES,Sudeste,55+,2024-04-20
C02583,BA,Nordeste,35-44,2024-06-21
C02584,PE,Nordeste,25-34,2025-03-25
C02585,SP,Sudeste,45-54,2023-01-15
C02586,RJ,Sudeste,25-34,2024-04-17
C02587,SP,Sudeste,25-34,2024-04-18
C02588,SP,Sudeste,25-34,2025-08-28
C02589,RS,Sul,25-34,2024-10-16
C02590,RJ,Sudeste,45-54,2025-02-28
C02591,BA,Nordeste,35-44,2022-09-28
C02592,MG,Sudeste,45-54,2025-06-22
C02593,MG,Sudeste,25-34,2024-09-07
C02594,BA,Nordeste,18-24,2024-08-25
C02595,PE,Nordeste,45-54,2025-10-04
C02596,SP,Sudeste,45-54,2024-12-23
C02597,MG,Sudeste,45-54,2021-12-29
C02598,CE,Nordeste,35-44,2024-01-18
C02599,GO,Centro-Oeste,35-44,2024-09-05
C02600,SP,Sudeste,35-44,2022-04-08
C02601,SC,Sul,25-34,2025-06-30
C02602,DF,Centro-Oeste,45-54,2024-05-12
C02603,SP,Sudeste,35-44,2023-08-29
C02604,PE,Nordeste,25-34,2024-11-09
C02605,MG,Sudeste,25-34,2024-08-27
C02606,MG,Sudeste,25-34,2025-01-27
C02607,SP,Sudeste,35-44,2025-07-31
C02608,CE,Nordeste,25-34,2025-04-07
C02609,SP,Sudeste,45-54,2023-11-22
C02610,GO,Centro-Oeste,45-54,2022-01-04
C02611,RJ,Sudeste,35-44,2023-09-27
C02612,SC,Sul,55+,2025-02-12
C02613,SP,Sudeste,35-44,2022-03-16
C02614,PE,Nordeste,35-44,2025-10-26
C02615,RJ,Sudeste,55+,2024-12-19
C02616,RJ,Sudeste,45-54,2025-10-02
C02617,PE,Nordeste,25-34,2022-10-24
C02618,CE,Nordeste,35-44,2024-05-25
C02619,SP,Sudeste,25-34,2025-05-09
C02620,SP,Sudeste,45-54,2024-07-17
C02621,SP,Sudeste,25-34,2024-07-15
C02622,PE,Nordeste,25-34,2024-06-22
C02623,SP,Sudeste,35-44,2023-07-10
C02624,MG,Sudeste,25-34,2024-06-27
C02625,SP,Sudeste,25-34,2025-02-04
C02626,SP,Sudeste,45-54,2024-03-25
C02627,RJ,Sudeste,18-24,2024-08-12
C02628,SP,Sudeste,55+,2022-11-07
C02629,BA,Nordeste,25-34,2025-03-04
C02630,SP,Sudeste,45-54,2022-03-08
C02631,MG,Sudeste,45-54,2023-06-03
C02632,RJ,Sudeste,18-24,2024-03-25
C02633,RJ,Sudeste,18-24,2025-06-30
C02634,PE,Nordeste,25-34,2022-07-25
C02635,RJ,Sudeste,45-54,2024-01-02
C02636,PE,Nordeste,35-44,2025-04-07
C02637,RJ,Sudeste,45-54,2024-01-06
C02638,SP,Sudeste,55+,2023-12-27
C02639,RJ,Sudeste,45-54,2023-10-22
C02640,MG,Sudeste,45-54,2023-12-08
C02641,SP,Sudeste,45-54,2024-02-07
C02642,MG,Sudeste,45-54,2022-05-29
C02643,SC,Sul,25-34,2025-05-17
C02644,RN,Nordeste,25-34,2023-08-10
C02645,SP,Sudeste,25-34,2025-02-02
C02646,SP,Sudeste,55+,2022-12-15
C02647,SP,Sudeste,35-44,2024-08-01
C02648,RN,Nordeste,35-44,2023-11-28
C02649,DF,Centro-Oeste,25-34,2024-11-07
C02650,GO,Centro-Oeste,25-34,2025-05-27
C02651,SP,Sudeste,45-54,2025-01-26
C02652,BA,Nordeste,25-34,2023-04-01
C02653,RS,Sul,55+,2024-12-12
C02654,MG,Sudeste,18-24,2024-09-20
C02655,PA,Norte,25-34,2025-08-08
C02656,RJ,Sudeste,35-44,2024-06-08
C02657,SP,Sudeste,35-44,2025-12-18
C02658,MG,Sudeste,18-24,2023-12-29
C02659,SP,Sudeste,45-54,2022-11-10
C02660,PR,Sul,18-24,2023-12-15
C02661,SP,Sudeste,45-54,2022-05-02
C02662,RJ,Sudeste,25-34,2022-12-02
C02663,RJ,Sudeste,25-34,2023-12-29
C02664,SP,Sudeste,35-44,2023-05-15
C02665,SP,Sudeste,35-44,2023-05-01
C02666,SP,Sudeste,25-34,2024-03-28
C02667,GO,Centro-Oeste,25-34,2025-05-01
C02668,MG,Sudeste,25-34,2025-01-10
C02669,PR,Sul,18-24,2024-12-08
C02670,SP,Sudeste,25-34,2024-12-07
C02671,RJ,Sudeste,55+,2022-11-30
C02672,SP,Sudeste,35-44,2022-05-02
C02673,MG,Sudeste,25-34,2023-06-13
C02674,CE,Nordeste,25-34,2022-10-31
C02675,SP,Sudeste,25-34,2025-01-12
C02676,SP,Sudeste,35-44,2024-03-04
C02677,PA,Norte,45-54,2025-06-29
C02678,SP,Sudeste,35-44,2024-04-27
C02679,PR,Sul,35-44,2024-08-23
C02680,RJ,Sudeste,45-54,2025-08-29
C02681,SC,Sul,45-54,2023-04-15
C02682,MG,Sudeste,18-24,2025-05-27
C02683,MG,Sudeste,25-34,2023-07-29
C02684,SP,Sudeste,25-34,2024-10-18
C02685,SP,Sudeste,45-54,2023-08-12
C02686,DF,Centro-Oeste,45-54,2023-09-20
C02687,RN,Nordeste,25-34,2025-05-21
C02688,ES,Sudeste,25-34,2024-02-05
C02689,PE,Nordeste,45-54,2024-05-30
C02690,RJ,Sudeste,18-24,2025-07-09
C02691,PE,Nordeste,25-34,2024-07-07
C02692,SP,Sudeste,18-24,2023-09-30
C02693,SP,Sudeste,25-34,2025-06-20
C02694,GO,Centro-Oeste,45-54,2025-11-28
C02695,RJ,Sudeste,25-34,2023-01-11
C02696,SP,Sudeste,35-44,2022-05-12
C02697,SP,Sudeste,25-34,2023-09-28
C02698,SP,Sudeste,25-34,2024-07-23
C02699,SP,Sudeste,35-44,2024-01-10
C02700,GO,Centro-Oeste,25-34,2022-12-09
C02701,PR,Sul,25-34,2022-07-02
C02702,RJ,Sudeste,25-34,2024-04-05
C02703,SP,Sudeste,25-34,2023-11-30
C02704,BA,Nordeste,45-54,2023-07-07
C02705,BA,Nordeste,55+,2025-01-28
C02706,SP,Sudeste,35-44,2023-07-31
C02707,SP,Sudeste,55+,2025-01-26
C02708,SP,Sudeste,35-44,2024-04-28
C02709,DF,Centro-Oeste,35-44,2023-11-28
C02710,SP,Sudeste,25-34,2025-09-04
C02711,RJ,Sudeste,25-34,2023-02-09
C02712,MG,Sudeste,35-44,2023-11-11
C02713,MG,Sudeste,35-44,2024-12-05
C02714,RJ,Sudeste,18-24,2022-05-30
C02715,SC,Sul,55+,2025-08-29
C02716,SP,Sudeste,45-54,2023-06-26
C02717,RJ,Sudeste,18-24,2023-11-09
C02718,GO,Centro-Oeste,35-44,2024-03-20
C02719,SP,Sudeste,55+,2024-03-30
C02720,SP,Sudeste,35-44,2022-03-19
C02721,BA,Nordeste,35-44,2024-09-15
C02722,SP,Sudeste,25-34,2025-01-24
C02723,SP,Sudeste,35-44,2024-07-19
C02724,MG,Sudeste,25-34,2024-08-07
C02725,SP,Sudeste,35-44,2025-09-07
C02726,SP,Sudeste,35-44,2023-07-28
C02727,RJ,Sudeste,55+,2022-11-20
C02728,GO,Centro-Oeste,35-44,2021-12-24
C02729,SC,Sul,55+,2025-07-09
C02730,BA,Nordeste,25-34,2023-06-03
C02731,SP,Sudeste,55+,2024-03-08
C02732,SP,Sudeste,35-44,2025-06-25
C02733,SP,Sudeste,18-24,2023-02-14
C02734,RJ,Sudeste,55+,2022-10-17
C02735,SP,Sudeste,45-54,2022-06-26
C02736,RS,Sul,55+,2025-12-24
C02737,SP,Sudeste,45-54,2022-10-24
C02738,GO,Centro-Oeste,45-54,2025-12-31
C02739,SP,Sudeste,18-24,2023-08-10
C02740,CE,Nordeste,55+,2023-01-28
C02741,MT,Centro-Oeste,45-54,2022-04-11
C02742,PE,Nordeste,35-44,2025-02-18
C02743,RJ,Sudeste,18-24,2024-07-07
C02744,MG,Sudeste,55+,2025-06-23
C02745,CE,Nordeste,35-44,2025-10-09
C02746,PR,Sul,55+,2025-04-24
C02747,SP,Sudeste,35-44,2023-09-07
C02748,RJ,Sudeste,25-34,2024-04-29
C02749,RS,Sul,35-44,2023-01-03
C02750,RJ,Sudeste,55+,2025-07-21
C02751,MG,Sudeste,45-54,2023-09-21
C02752,SP,Sudeste,25-34,2025-12-31
C02753,RJ,Sudeste,35-44,2023-05-08
C02754,MG,Sudeste,55+,2022-09-27
C02755,SC,Sul,35-44,2022-06-07
C02756,MG,Sudeste,55+,2023-10-22
C02757,SP,Sudeste,55+,2022-05-20
C02758,RJ,Sudeste,35-44,2024-02-28
C02759,GO,Centro-Oeste,25-34,2025-10-07
C02760,SP,Sudeste,18-24,2025-12-10
C02761,MG,Sudeste,55+,2023-07-05
C02762,DF,Centro-Oeste,45-54,2025-06-25
C02763,CE,Nordeste,25-34,2023-02-09
C02764,GO,Centro-Oeste,18-24,2024-12-15
C02765,DF,Centro-Oeste,25-34,2025-09-20
C02766,BA,Nordeste,55+,2022-11-16
C02767,SP,Sudeste,25-34,2022-02-27
C02768,PR,Sul,45-54,2024-08-01
C02769,RS,Sul,45-54,2025-08-17
C02770,MG,Sudeste,35-44,2022-11-09
C02771,MG,Sudeste,45-54,2024-12-31
C02772,DF,Centro-Oeste,35-44,2023-06-19
C02773,SP,Sudeste,35-44,2024-03-06
C02774,RJ,Sudeste,55+,2024-01-28
C02775,RJ,Sudeste,25-34,2025-12-27
C02776,MG,Sudeste,35-44,2024-12-17
C02777,ES,Sudeste,45-54,2024-07-17
C02778,SP,Sudeste,25-34,2023-05-29
C02779,SP,Sudeste,25-34,2022-04-17
C02780,SP,Sudeste,55+,2023-11-28
C02781,SP,Sudeste,18-24,2023-09-26
C02782,SP,Sudeste,18-24,2023-04-14
C02783,SP,Sudeste,55+,2025-06-02
C02784,GO,Centro-Oeste,45-54,2023-01-07
C02785,PR,Sul,55+,2025-11-28
C02786,SP,Sudeste,55+,2025-02-10
C02787,SP,Sudeste,45-54,2025-06-27
C02788,PE,Nordeste,35-44,2024-08-03
C02789,SC,Sul,18-24,2023-05-28
C02790,SP,Sudeste,55+,2025-11-16
C02791,SP,Sudeste,18-24,2025-09-13
C02792,SP,Sudeste,18-24,2022-11-08
C02793,MG,Sudeste,18-24,2023-06-01
C02794,RJ,Sudeste,25-34,2024-12-10
C02795,PA,Norte,45-54,2025-01-03
C02796,SP,Sudeste,45-54,2022-06-10
C02797,RJ,Sudeste,55+,2022-03-24
C02798,PR,Sul,18-24,2023-09-08
C02799,PE,Nordeste,25-34,2025-06-04
C02800,SP,Sudeste,25-34,2025-02-01
C02801,SP,Sudeste,35-44,2025-02-22
C02802,PA,Norte,18-24,2022-09-09
C02803,MG,Sudeste,55+,2024-04-06
C02804,SP,Sudeste,55+,2023-03-13
C02805,SP,Sudeste,35-44,2024-09-19
C02806,RJ,Sudeste,45-54,2025-04-24
C02807,PR,Sul,35-44,2024-08-11
C02808,ES,Sudeste,25-34,2024-06-18
C02809,PE,Nordeste,18-24,2024-04-08
C02810,SP,Sudeste,25-34,2025-11-02
C02811,SP,Sudeste,18-24,2023-12-29
C02812,RS,Sul,25-34,2025-08-28
C02813,RS,Sul,35-44,2025-04-30
C02814,SP,Sudeste,18-24,2024-01-01
C02815,RS,Sul,45-54,2024-10-05
C02816,PA,Norte,55+,2025-01-24
C02817,SP,Sudeste,18-24,2023-06-18
C02818,ES,Sudeste,25-34,2025-04-09
C02819,RN,Nordeste,45-54,2025-06-21
C02820,PR,Sul,25-34,2024-10-12
C02821,RJ,Sudeste,45-54,2022-03-01
C02822,SP,Sudeste,25-34,2024-09-26
C02823,RJ,Sudeste,18-24,2025-05-10
C02824,RJ,Sudeste,35-44,2023-07-07
C02825,SP,Sudeste,25-34,2024-03-12
C02826,SP,Sudeste,25-34,2023-01-13
C02827,RS,Sul,55+,2022-08-26
C02828,MG,Sudeste,18-24,2023-11-11
C02829,SC,Sul,55+,2024-08-23
C02830,PE,Nordeste,35-44,2024-07-22
C02831,SP,Sudeste,35-44,2024-07-30
C02832,MG,Sudeste,35-44,2022-03-29
C02833,MG,Sudeste,25-34,2024-05-31
C02834,PR,Sul,35-44,2025-03-05
C02835,PR,Sul,45-54,2025-06-21
C02836,SP,Sudeste,55+,2022-01-24
C02837,GO,Centro-Oeste,25-34,2023-09-24
C02838,MG,Sudeste,45-54,2024-10-24
C02839,SC,Sul,25-34,2023-04-29
C02840,AM,Norte,35-44,2023-05-02
C02841,SP,Sudeste,35-44,2022-10-04
C02842,RN,Nordeste,18-24,2022-03-09
C02843,PE,Nordeste,35-44,2024-01-29
C02844,PR,Sul,55+,2022-04-19
C02845,SP,Sudeste,45-54,2023-03-14
C02846,GO,Centro-Oeste,25-34,2025-03-10
C02847,RS,Sul,25-34,2023-09-03
C02848,SP,Sudeste,35-44,2024-07-14
C02849,SP,Sudeste,25-34,2025-12-09
C02850,SC,Sul,25-34,2025-03-04
C02851,DF,Centro-Oeste,45-54,2023-12-28
C02852,SC,Sul,35-44,2024-02-02
C02853,SP,Sudeste,25-34,2025-05-26
C02854,PR,Sul,45-54,2024-02-09
C02855,PE,Nordeste,35-44,2024-02-19
C02856,PR,Sul,35-44,2025-02-23
C02857,BA,Nordeste,55+,2024-05-07
C02858,SP,Sudeste,35-44,2022-07-15
C02859,SC,Sul,55+,2025-03-10
C02860,SP,Sudeste,45-54,2022-09-08
C02861,PA,Norte,55+,2023-01-22
C02862,SP,Sudeste,35-44,2025-10-19
C02863,MG,Sudeste,55+,2023-01-31
C02864,SP,Sudeste,25-34,2023-06-15
C02865,RJ,Sudeste,25-34,2022-02-17
C02866,SP,Sudeste,25-34,2024-11-02
C02867,SP,Sudeste,35-44,2024-01-17
C02868,BA,Nordeste,25-34,2022-10-20
C02869,RJ,Sudeste,25-34,2025-02-11
C02870,RJ,Sudeste,25-34,2022-11-01
C02871,SP,Sudeste,55+,2024-03-23
C02872,SP,Sudeste,25-34,2022-10-13
C02873,MG,Sudeste,25-34,2023-05-04
C02874,SP,Sudeste,35-44,2022-05-05
C02875,SP,Sudeste,55+,2024-02-17
C02876,AM,Norte,45-54,2021-12-17
C02877,RS,Sul,35-44,2024-05-26
C02878,PE,Nordeste,25-34,2023-05-28
C02879,BA,Nordeste,18-24,2023-04-11
C02880,PR,Sul,35-44,2025-11-11
C02881,PE,Nordeste,35-44,2022-09-25
C02882,MG,Sudeste,25-34,2024-02-20
C02883,SP,Sudeste,25-34,2023-08-21
C02884,MG,Sudeste,18-24,2025-03-08
C02885,RJ,Sudeste,35-44,2025-12-13
C02886,SP,Sudeste,18-24,2023-12-27
C02887,SP,Sudeste,25-34,2022-06-17
C02888,SP,Sudeste,35-44,2022-06-26
C02889,MG,Sudeste,35-44,2024-10-15
C02890,SP,Sudeste,35-44,2023-09-24
C02891,PE,Nordeste,25-34,2024-12-10
C02892,PA,Norte,45-54,2024-07-05
C02893,BA,Nordeste,25-34,2023-02-05
C02894,CE,Nordeste,35-44,2024-06-18
C02895,SC,Sul,35-44,2025-01-11
C02896,GO,Centro-Oeste,25-34,2024-12-30
C02897,RJ,Sudeste,35-44,2024-07-01
C02898,SP,Sudeste,25-34,2025-05-20
C02899,MG,Sudeste,55+,2023-10-03
C02900,SP,Sudeste,45-54,2025-12-03
C02901,RJ,Sudeste,35-44,2024-07-06
C02902,SC,Sul,35-44,2024-12-29
C02903,PA,Norte,18-24,2024-01-03
C02904,MG,Sudeste,45-54,2022-10-02
C02905,PR,Sul,35-44,2024-03-21
C02906,RJ,Sudeste,35-44,2024-08-22
C02907,SC,Sul,35-44,2022-05-13
C02908,RJ,Sudeste,35-44,2022-07-22
C02909,BA,Nordeste,35-44,2023-09-04
C02910,SP,Sudeste,25-34,2025-03-03
C02911,BA,Nordeste,25-34,2024-06-05
C02912,ES,Sudeste,45-54,2024-11-27
C02913,SC,Sul,18-24,2025-11-14
C02914,MG,Sudeste,25-34,2022-08-11
C02915,RJ,Sudeste,45-54,2024-04-03
C02916,PE,Nordeste,35-44,2025-10-05
C02917,SC,Sul,35-44,2024-07-19
C02918,SC,Sul,18-24,2024-02-28
C02919,RJ,Sudeste,18-24,2024-11-29
C02920,GO,Centro-Oeste,25-34,2023-09-12
C02921,SP,Sudeste,25-34,2025-06-08
C02922,DF,Centro-Oeste,45-54,2025-11-12
C02923,MG,Sudeste,35-44,2023-07-23
C02924,SP,Sudeste,55+,2023-10-28
C02925,PE,Nordeste,25-34,2023-12-05
C02926,MG,Sudeste,25-34,2025-02-14
C02927,RS,Sul,25-34,2022-07-29
C02928,MG,Sudeste,35-44,2024-03-07
C02929,SC,Sul,45-54,2025-12-07
C02930,MG,Sudeste,25-34,2025-12-05
C02931,SP,Sudeste,25-34,2024-10-19
C02932,RS,Sul,35-44,2023-11-06
C02933,RS,Sul,55+,2024-08-03
C02934,SP,Sudeste,55+,2024-07-08
C02935,RN,Nordeste,35-44,2023-05-01
C02936,RS,Sul,18-24,2022-07-01
C02937,AM,Norte,35-44,2025-08-20
C02938,AM,Norte,25-34,2024-10-27
C02939,RN,Nordeste,55+,2025-06-02
C02940,RJ,Sudeste,25-34,2025-10-27
C02941,SC,Sul,25-34,2024-09-06
C02942,RJ,Sudeste,35-44,2025-06-19
C02943,RJ,Sudeste,18-24,2024-12-01
C02944,SP,Sudeste,25-34,2025-06-19
C02945,RJ,Sudeste,35-44,2025-11-08
C02946,SP,Sudeste,35-44,2022-11-28
C02947,SP,Sudeste,45-54,2023-07-17
C02948,SP,Sudeste,45-54,2022-09-17
C02949,SP,Sudeste,35-44,2025-08-02
C02950,SP,Sudeste,25-34,2021-12-23
C02951,RJ,Sudeste,25-34,2025-07-18
C02952,PE,Nordeste,35-44,2023-07-28
C02953,SP,Sudeste,35-44,2022-12-10
C02954,RJ,Sudeste,35-44,2022-04-24
C02955,SP,Sudeste,25-34,2025-07-20
C02956,PR,Sul,25-34,2023-06-01
C02957,SP,Sudeste,35-44,2025-08-27
C02958,SP,Sudeste,45-54,2024-12-05
C02959,SP,Sudeste,35-44,2024-04-20
C02960,RJ,Sudeste,25-34,2025-03-03
C02961,RS,Sul,18-24,2025-06-11
C02962,SP,Sudeste,55+,2023-03-07
C02963,RJ,Sudeste,25-34,2025-06-11
C02964,PA,Norte,35-44,2025-04-21
C02965,SP,Sudeste,25-34,2025-04-04
C02966,SP,Sudeste,45-54,2023-06-28
C02967,SP,Sudeste,25-34,2025-06-13
C02968,MG,Sudeste,18-24,2023-03-06
C02969,SP,Sudeste,45-54,2025-01-21
C02970,PR,Sul,35-44,2023-12-05
C02971,CE,Nordeste,25-34,2023-03-09
C02972,MG,Sudeste,55+,2024-09-10
C02973,RJ,Sudeste,25-34,2024-08-05
C02974,SP,Sudeste,25-34,2025-01-16
C02975,SP,Sudeste,45-54,2023-12-07
C02976,RS,Sul,55+,2022-05-03
C02977,RJ,Sudeste,35-44,2025-04-18
C02978,RS,Sul,55+,2025-04-10
C02979,BA,Nordeste,35-44,2023-12-14
C02980,SC,Sul,55+,2025-08-04
C02981,SP,Sudeste,18-24,2024-08-07
C02982,BA,Nordeste,35-44,2024-08-28
C02983,PR,Sul,35-44,2025-11-02
C02984,MG,Sudeste,35-44,2022-09-10
C02985,SP,Sudeste,35-44,2022-03-25
C02986,SP,Sudeste,35-44,2022-11-21
C02987,RS,Sul,25-34,2023-06-13
C02988,PA,Norte,45-54,2024-07-05
C02989,RS,Sul,55+,2024-06-14
C02990,SP,Sudeste,18-24,2022-07-26
C02991,RJ,Sudeste,25-34,2023-10-15
C02992,SC,Sul,35-44,2025-05-16
C02993,MG,Sudeste,18-24,2025-03-21
C02994,DF,Centro-Oeste,35-44,2023-01-12
C02995,SP,Sudeste,25-34,2025-10-03
C02996,SP,Sudeste,35-44,2025-03-15
C02997,SP,Sudeste,45-54,2022-02-11
C02998,MG,Sudeste,35-44,2024-03-28
C02999,SC,Sul,25-34,2025-01-10
C03000,ES,Sudeste,55+,2025-04-22
C03001,CE,Nordeste,45-54,2025-08-04
C03002,SP,Sudeste,25-34,2025-09-23
C03003,SP,Sudeste,55+,2025-08-03
C03004,SP,Sudeste,25-34,2025-11-20
C03005,SP,Sudeste,35-44,2025-06-27
C03006,SP,Sudeste,25-34,2022-10-23
C03007,SP,Sudeste,55+,2023-01-28
C03008,MG,Sudeste,35-44,2024-12-17
C03009,SP,Sudeste,25-34,2024-04-07
C03010,SP,Sudeste,55+,2025-07-18
C03011,SP,Sudeste,25-34,2022-07-19
C03012,RJ,Sudeste,45-54,2024-10-28
C03013,MG,Sudeste,35-44,2025-02-21
C03014,PE,Nordeste,55+,2025-02-04
C03015,RJ,Sudeste,45-54,2025-09-13
C03016,RJ,Sudeste,55+,2024-07-24
C03017,CE,Nordeste,25-34,2023-06-11
C03018,RJ,Sudeste,18-24,2023-07-01
C03019,CE,Nordeste,45-54,2023-11-24
C03020,CE,Nordeste,55+,2021-12-16
C03021,BA,Nordeste,25-34,2024-03-22
C03022,MG,Sudeste,25-34,2023-10-02
C03023,ES,Sudeste,35-44,2023-08-11
C03024,RJ,Sudeste,18-24,2025-11-28
C03025,BA,Nordeste,45-54,2025-03-01
C03026,RS,Sul,55+,2022-02-13
C03027,SP,Sudeste,55+,2025-01-21
C03028,PR,Sul,45-54,2025-06-22
C03029,SP,Sudeste,35-44,2024-03-22
C03030,CE,Nordeste,35-44,2022-06-29
C03031,BA,Nordeste,35-44,2025-05-25
C03032,PR,Sul,35-44,2022-05-28
C03033,RS,Sul,25-34,2022-04-05
C03034,SP,Sudeste,25-34,2022-08-10
C03035,GO,Centro-Oeste,25-34,2022-06-28
C03036,BA,Nordeste,45-54,2024-01-21
C03037,PR,Sul,25-34,2023-04-09
C03038,PR,Sul,25-34,2024-11-30
C03039,BA,Nordeste,35-44,2025-07-16
C03040,SP,Sudeste,35-44,2025-05-14
C03041,SP,Sudeste,35-44,2023-11-14
C03042,CE,Nordeste,55+,2022-08-21
C03043,SP,Sudeste,25-34,2022-09-12
C03044,SP,Sudeste,25-34,2023-02-22
C03045,DF,Centro-Oeste,25-34,2023-10-05
C03046,MT,Centro-Oeste,25-34,2025-03-03
C03047,BA,Nordeste,25-34,2022-06-04
C03048,SP,Sudeste,18-24,2025-08-25
C03049,SP,Sudeste,35-44,2025-06-08
C03050,PR,Sul,25-34,2024-10-16
C03051,SP,Sudeste,55+,2023-06-03
C03052,RJ,Sudeste,35-44,2023-09-08
C03053,AM,Norte,18-24,2022-06-02
C03054,SP,Sudeste,18-24,2023-01-29
C03055,SP,Sudeste,35-44,2025-10-03
C03056,SP,Sudeste,18-24,2024-08-08
C03057,SC,Sul,25-34,2023-09-07
C03058,PE,Nordeste,35-44,2024-09-02
C03059,RJ,Sudeste,25-34,2024-06-24
C03060,SP,Sudeste,35-44,2025-08-16
C03061,MG,Sudeste,45-54,2023-03-04
C03062,RJ,Sudeste,55+,2024-10-23
C03063,GO,Centro-Oeste,35-44,2024-12-07
C03064,SP,Sudeste,25-34,2024-10-19
C03065,SP,Sudeste,18-24,2024-08-25
C03066,RS,Sul,35-44,2023-08-25
C03067,RJ,Sudeste,35-44,2022-12-09
C03068,SP,Sudeste,35-44,2022-11-13
C03069,RJ,Sudeste,35-44,2025-10-08
C03070,RJ,Sudeste,35-44,2025-07-01
C03071,SP,Sudeste,25-34,2022-11-25
C03072,PR,Sul,25-34,2024-09-19
C03073,SC,Sul,18-24,2025-01-19
C03074,SP,Sudeste,25-34,2022-06-21
C03075,RJ,Sudeste,55+,2024-02-17
C03076,MG,Sudeste,35-44,2025-08-02
C03077,PA,Norte,25-34,2024-03-24
C03078,PE,Nordeste,18-24,2024-10-03
C03079,RJ,Sudeste,25-34,2023-06-09
C03080,SP,Sudeste,35-44,2024-02-29
C03081,PR,Sul,45-54,2025-10-12
C03082,SP,Sudeste,25-34,2025-12-09
C03083,CE,Nordeste,25-34,2025-07-21
C03084,MG,Sudeste,45-54,2023-06-21
C03085,RJ,Sudeste,35-44,2025-07-04
C03086,SP,Sudeste,35-44,2025-05-23
C03087,RS,Sul,25-34,2025-01-08
C03088,RJ,Sudeste,45-54,2022-09-06
C03089,PE,Nordeste,25-34,2025-02-21
C03090,RJ,Sudeste,45-54,2023-04-01
C03091,RJ,Sudeste,25-34,2025-11-22
C03092,PA,Norte,35-44,2023-06-10
C03093,RJ,Sudeste,18-24,2024-04-05
C03094,CE,Nordeste,18-24,2022-10-11
C03095,SC,Sul,45-54,2023-01-26
C03096,MG,Sudeste,25-34,2025-11-15
C03097,MG,Sudeste,18-24,2025-01-01
C03098,RJ,Sudeste,25-34,2025-07-31
C03099,MG,Sudeste,25-34,2023-12-07
C03100,PR,Sul,25-34,2022-01-30
C03101,SP,Sudeste,35-44,2022-11-30
C03102,RS,Sul,25-34,2023-11-12
C03103,MG,Sudeste,18-24,2023-10-18
C03104,ES,Sudeste,25-34,2023-09-04
C03105,SP,Sudeste,35-44,2023-01-08
C03106,RJ,Sudeste,25-34,2023-05-31
C03107,SC,Sul,35-44,2025-07-09
C03108,SP,Sudeste,25-34,2023-01-15
C03109,RJ,Sudeste,45-54,2025-04-29
C03110,SP,Sudeste,35-44,2024-05-07
C03111,ES,Sudeste,45-54,2025-10-29
C03112,SP,Sudeste,25-34,2024-02-15
C03113,SP,Sudeste,35-44,2023-01-14
C03114,RN,Nordeste,55+,2025-05-25
C03115,SP,Sudeste,55+,2022-05-20
C03116,SP,Sudeste,45-54,2025-08-31
C03117,SP,Sudeste,55+,2023-03-12
C03118,RJ,Sudeste,35-44,2023-12-14
C03119,BA,Nordeste,35-44,2024-09-16
C03120,RJ,Sudeste,35-44,2024-12-18
C03121,RS,Sul,18-24,2025-01-13
C03122,PR,Sul,35-44,2025-04-07
C03123,RJ,Sudeste,35-44,2025-12-22
C03124,SP,Sudeste,25-34,2025-07-23
C03125,RS,Sul,18-24,2025-01-23
C03126,RJ,Sudeste,55+,2023-09-25
C03127,PR,Sul,35-44,2025-10-15
C03128,RS,Sul,35-44,2023-05-24
C03129,MG,Sudeste,35-44,2023-07-10
C03130,RJ,Sudeste,25-34,2023-12-04
C03131,CE,Nordeste,35-44,2022-09-08
C03132,RJ,Sudeste,25-34,2023-08-10
C03133,RN,Nordeste,18-24,2025-06-23
C03134,PE,Nordeste,25-34,2025-02-02
C03135,RS,Sul,25-34,2025-01-02
C03136,CE,Nordeste,35-44,2023-01-14
C03137,SP,Sudeste,25-34,2022-04-27
C03138,RS,Sul,35-44,2023-08-08
C03139,SP,Sudeste,45-54,2025-12-27
C03140,MG,Sudeste,25-34,2022-02-20
C03141,RN,Nordeste,25-34,2023-10-19
C03142,GO,Centro-Oeste,45-54,2025-01-22
C03143,RJ,Sudeste,25-34,2024-04-06
C03144,SP,Sudeste,45-54,2025-01-29
C03145,SP,Sudeste,18-24,2024-12-23
C03146,RJ,Sudeste,35-44,2025-12-17
C03147,SP,Sudeste,55+,2025-08-16
C03148,RS,Sul,45-54,2023-12-08
C03149,RJ,Sudeste,35-44,2022-05-19
C03150,CE,Nordeste,25-34,2024-02-13
C03151,DF,Centro-Oeste,18-24,2023-05-17
C03152,SC,Sul,35-44,2023-04-05
C03153,RS,Sul,18-24,2022-06-27
C03154,RJ,Sudeste,55+,2023-09-03
C03155,SP,Sudeste,35-44,2025-04-11
C03156,MG,Sudeste,25-34,2022-09-14
C03157,MG,Sudeste,55+,2023-10-22
C03158,DF,Centro-Oeste,25-34,2025-04-04
C03159,MG,Sudeste,18-24,2025-09-20
C03160,SP,Sudeste,25-34,2022-11-01
C03161,DF,Centro-Oeste,18-24,2024-11-25
C03162,SP,Sudeste,18-24,2023-02-23
C03163,SP,Sudeste,25-34,2024-10-03
C03164,AM,Norte,25-34,2023-04-27
C03165,ES,Sudeste,35-44,2025-12-03
C03166,SP,Sudeste,45-54,2024-04-04
C03167,SP,Sudeste,45-54,2025-03-11
C03168,PR,Sul,45-54,2022-12-26
C03169,SP,Sudeste,55+,2025-09-16
C03170,BA,Nordeste,25-34,2024-06-04
C03171,RJ,Sudeste,45-54,2025-05-10
C03172,SP,Sudeste,35-44,2025-06-23
C03173,RJ,Sudeste,45-54,2024-08-01
C03174,PE,Nordeste,35-44,2025-12-26
C03175,SP,Sudeste,25-34,2024-01-02
C03176,PE,Nordeste,35-44,2023-01-25
C03177,RJ,Sudeste,35-44,2025-09-16
C03178,RS,Sul,45-54,2022-03-23
C03179,BA,Nordeste,35-44,2024-08-04
C03180,SP,Sudeste,18-24,2023-12-24
C03181,ES,Sudeste,25-34,2022-07-04
C03182,SP,Sudeste,18-24,2025-11-29
C03183,SP,Sudeste,25-34,2024-12-03
C03184,MG,Sudeste,25-34,2022-11-15
C03185,MG,Sudeste,45-54,2025-10-20
C03186,SP,Sudeste,45-54,2022-09-24
C03187,RJ,Sudeste,45-54,2024-01-11
C03188,RJ,Sudeste,25-34,2023-08-04
C03189,RS,Sul,45-54,2022-10-25
C03190,PE,Nordeste,35-44,2025-02-16
C03191,GO,Centro-Oeste,45-54,2023-11-20
C03192,SP,Sudeste,35-44,2023-05-31
C03193,RJ,Sudeste,45-54,2022-09-14
C03194,BA,Nordeste,55+,2025-07-12
C03195,SC,Sul,45-54,2024-04-24
C03196,SP,Sudeste,55+,2025-10-19
C03197,SP,Sudeste,25-34,2022-02-27
C03198,PE,Nordeste,55+,2022-10-16
C03199,SP,Sudeste,55+,2024-12-20
C03200,SP,Sudeste,18-24,2023-02-23
C03201,RJ,Sudeste,45-54,2024-09-30
C03202,RJ,Sudeste,25-34,2025-09-22
C03203,SP,Sudeste,25-34,2022-10-27
C03204,RN,Nordeste,55+,2023-03-31
C03205,MG,Sudeste,35-44,2023-05-23
C03206,SP,Sudeste,55+,2025-09-17
C03207,PE,Nordeste,18-24,2023-04-02
C03208,SP,Sudeste,35-44,2023-10-06
C03209,SP,Sudeste,35-44,2025-01-01
C03210,BA,Nordeste,35-44,2022-07-22
C03211,PR,Sul,25-34,2025-08-16
C03212,SP,Sudeste,18-24,2024-11-14
C03213,PR,Sul,45-54,2024-08-02
C03214,SP,Sudeste,35-44,2025-06-04
C03215,SC,Sul,25-34,2024-08-03
C03216,SP,Sudeste,25-34,2023-12-26
C03217,SP,Sudeste,35-44,2025-05-11
C03218,RJ,Sudeste,35-44,2023-06-08
C03219,MG,Sudeste,25-34,2025-07-25
C03220,ES,Sudeste,35-44,2025-11-16
C03221,SP,Sudeste,45-54,2025-06-30
C03222,BA,Nordeste,45-54,2024-12-04
C03223,BA,Nordeste,35-44,2025-03-28
C03224,MG,Sudeste,25-34,2024-09-05
C03225,SP,Sudeste,25-34,2025-03-29
C03226,PE,Nordeste,35-44,2024-07-04
C03227,SC,Sul,25-34,2022-10-20
C03228,RJ,Sudeste,45-54,2025-08-07
C03229,GO,Centro-Oeste,25-34,2025-11-17
C03230,SP,Sudeste,55+,2024-06-01
C03231,SP,Sudeste,18-24,2023-08-31
C03232,SP,Sudeste,25-34,2023-11-21
C03233,SP,Sudeste,25-34,2023-06-03
C03234,SP,Sudeste,25-34,2025-12-03
C03235,MG,Sudeste,45-54,2025-04-30
C03236,SP,Sudeste,35-44,2022-04-07
C03237,RJ,Sudeste,25-34,2022-07-06
C03238,DF,Centro-Oeste,18-24,2024-08-05
C03239,RJ,Sudeste,35-44,2024-09-07
C03240,SP,Sudeste,35-44,2022-12-12
C03241,MG,Sudeste,45-54,2024-10-16
C03242,RJ,Sudeste,35-44,2022-11-30
C03243,PE,Nordeste,18-24,2023-09-13
C03244,SP,Sudeste,35-44,2022-05-01
C03245,SP,Sudeste,55+,2023-07-02
C03246,RS,Sul,55+,2025-07-14
C03247,RJ,Sudeste,25-34,2022-11-11
C03248,PR,Sul,25-34,2025-10-02
C03249,CE,Nordeste,35-44,2024-09-26
C03250,SP,Sudeste,35-44,2023-03-20
C03251,SP,Sudeste,35-44,2025-01-29
C03252,RJ,Sudeste,35-44,2024-12-06
C03253,SP,Sudeste,18-24,2022-09-04
C03254,MG,Sudeste,25-34,2023-10-08
C03255,SP,Sudeste,45-54,2024-06-15
C03256,SP,Sudeste,25-34,2023-03-28
C03257,GO,Centro-Oeste,18-24,2025-11-02
C03258,PR,Sul,55+,2024-01-12
C03259,SP,Sudeste,45-54,2025-04-29
C03260,AM,Norte,25-34,2025-12-05
C03261,ES,Sudeste,18-24,2023-03-28
C03262,RJ,Sudeste,35-44,2025-12-29
C03263,RJ,Sudeste,25-34,2024-05-19
C03264,RN,Nordeste,18-24,2023-12-15
C03265,PA,Norte,35-44,2023-09-30
C03266,GO,Centro-Oeste,25-34,2023-08-19
C03267,MT,Centro-Oeste,25-34,2024-04-16
C03268,MG,Sudeste,25-34,2025-11-18
C03269,SC,Sul,45-54,2024-03-21
C03270,SP,Sudeste,25-34,2023-03-06
C03271,SP,Sudeste,25-34,2022-12-21
C03272,SP,Sudeste,35-44,2025-12-31
C03273,RJ,Sudeste,25-34,2024-02-18
C03274,SP,Sudeste,25-34,2025-09-19
C03275,MG,Sudeste,45-54,2024-12-02
C03276,SP,Sudeste,35-44,2024-09-15
C03277,PE,Nordeste,25-34,2024-04-16
C03278,PR,Sul,35-44,2023-07-13
C03279,SP,Sudeste,35-44,2024-02-08
C03280,SP,Sudeste,45-54,2022-03-29
C03281,BA,Nordeste,18-24,2023-02-15
C03282,RJ,Sudeste,45-54,2023-12-19
C03283,SC,Sul,25-34,2025-03-18
C03284,DF,Centro-Oeste,45-54,2025-12-08
C03285,PE,Nordeste,35-44,2022-11-25
C03286,SP,Sudeste,45-54,2024-01-12
C03287,PR,Sul,25-34,2024-02-23
C03288,RJ,Sudeste,45-54,2024-08-19
C03289,RJ,Sudeste,45-54,2025-10-17
C03290,RJ,Sudeste,55+,2023-01-13
C03291,RS,Sul,35-44,2024-12-07
C03292,PR,Sul,35-44,2025-12-16
C03293,CE,Nordeste,35-44,2025-11-14
C03294,GO,Centro-Oeste,45-54,2023-07-26
C03295,DF,Centro-Oeste,25-34,2024-03-25
C03296,SC,Sul,18-24,2022-10-07
C03297,MG,Sudeste,55+,2024-05-22
C03298,PR,Sul,55+,2024-07-24
C03299,DF,Centro-Oeste,25-34,2023-02-17
C03300,RS,Sul,25-34,2022-07-25
C03301,SP,Sudeste,35-44,2025-06-21
C03302,SP,Sudeste,35-44,2022-01-05
C03303,SP,Sudeste,35-44,2023-10-08
C03304,BA,Nordeste,25-34,2023-02-19
C03305,ES,Sudeste,18-24,2022-10-26
C03306,PE,Nordeste,18-24,2024-10-06
C03307,PE,Nordeste,45-54,2023-09-09
C03308,SP,Sudeste,45-54,2024-10-24
C03309,SP,Sudeste,35-44,2023-02-16
C03310,PR,Sul,35-44,2025-07-30
C03311,SP,Sudeste,45-54,2023-07-20
C03312,GO,Centro-Oeste,25-34,2025-06-18
C03313,RJ,Sudeste,25-34,2023-06-01
C03314,DF,Centro-Oeste,55+,2025-10-22
C03315,GO,Centro-Oeste,45-54,2025-04-04
C03316,RJ,Sudeste,35-44,2024-07-10
C03317,RJ,Sudeste,25-34,2024-08-25
C03318,PE,Nordeste,25-34,2022-09-28
C03319,MG,Sudeste,35-44,2024-11-13
C03320,RJ,Sudeste,25-34,2024-04-20
C03321,BA,Nordeste,18-24,2022-02-04
C03322,CE,Nordeste,35-44,2025-04-04
C03323,SP,Sudeste,45-54,2024-07-24
C03324,SC,Sul,35-44,2024-04-19
C03325,GO,Centro-Oeste,35-44,2022-01-18
C03326,BA,Nordeste,35-44,2025-07-20
C03327,ES,Sudeste,35-44,2025-10-25
C03328,RS,Sul,45-54,2024-05-30
C03329,MG,Sudeste,35-44,2023-06-09
C03330,SC,Sul,35-44,2023-03-17
C03331,BA,Nordeste,25-34,2024-04-29
C03332,PA,Norte,35-44,2023-10-11
C03333,SP,Sudeste,45-54,2023-02-11
C03334,SP,Sudeste,55+,2024-11-29
C03335,SP,Sudeste,25-34,2024-07-24
C03336,PR,Sul,25-34,2023-06-05
C03337,SP,Sudeste,45-54,2024-07-29
C03338,MG,Sudeste,35-44,2025-04-12
C03339,BA,Nordeste,55+,2024-09-01
C03340,GO,Centro-Oeste,25-34,2025-10-03
C03341,SP,Sudeste,55+,2024-03-16
C03342,BA,Nordeste,25-34,2025-05-09
C03343,CE,Nordeste,45-54,2024-12-31
C03344,PA,Norte,18-24,2022-09-07
C03345,SP,Sudeste,45-54,2025-09-05
C03346,RS,Sul,45-54,2022-10-09
C03347,PA,Norte,25-34,2024-12-13
C03348,MG,Sudeste,45-54,2023-11-17
C03349,SP,Sudeste,18-24,2022-07-23
C03350,SP,Sudeste,45-54,2022-12-03
C03351,DF,Centro-Oeste,18-24,2025-08-26
C03352,RS,Sul,35-44,2024-11-07
C03353,RS,Sul,45-54,2024-05-08
C03354,SP,Sudeste,18-24,2024-02-12
C03355,SP,Sudeste,35-44,2022-10-23
C03356,RJ,Sudeste,45-54,2023-08-09
C03357,MG,Sudeste,25-34,2024-07-02
C03358,SP,Sudeste,45-54,2024-10-20
C03359,PE,Nordeste,35-44,2025-07-19
C03360,MG,Sudeste,45-54,2024-12-03
C03361,PR,Sul,45-54,2023-12-28
C03362,SP,Sudeste,25-34,2022-02-09
C03363,RJ,Sudeste,25-34,2024-09-23
C03364,RS,Sul,35-44,2022-05-11
C03365,RS,Sul,25-34,2022-11-29
C03366,SP,Sudeste,25-34,2022-05-11
C03367,MG,Sudeste,25-34,2023-04-26
C03368,RS,Sul,35-44,2022-02-03
C03369,RJ,Sudeste,25-34,2024-04-16
C03370,PE,Nordeste,35-44,2023-03-03
C03371,CE,Nordeste,25-34,2024-02-23
C03372,SP,Sudeste,55+,2023-11-04
C03373,MG,Sudeste,45-54,2024-08-26
C03374,PR,Sul,35-44,2022-11-09
C03375,BA,Nordeste,35-44,2024-10-28
C03376,SP,Sudeste,45-54,2025-03-29
C03377,MT,Centro-Oeste,55+,2023-02-13
C03378,MT,Centro-Oeste,45-54,2025-09-17
C03379,SP,Sudeste,45-54,2024-11-11
C03380,MG,Sudeste,25-34,2025-06-02
C03381,RN,Nordeste,45-54,2023-03-13
C03382,SP,Sudeste,35-44,2023-09-01
C03383,MG,Sudeste,35-44,2024-07-01
C03384,GO,Centro-Oeste,25-34,2024-03-21
C03385,MG,Sudeste,35-44,2024-12-09
C03386,RJ,Sudeste,25-34,2023-08-18
C03387,RJ,Sudeste,35-44,2023-10-25
C03388,MG,Sudeste,55+,2025-07-04
C03389,RJ,Sudeste,25-34,2025-07-16
C03390,RS,Sul,25-34,2022-10-31
C03391,PR,Sul,35-44,2022-10-16
C03392,RN,Nordeste,45-54,2024-03-05
C03393,GO,Centro-Oeste,25-34,2022-09-20
C03394,PE,Nordeste,25-34,2025-10-17
C03395,MG,Sudeste,25-34,2025-04-12
C03396,MG,Sudeste,25-34,2024-05-21
C03397,MG,Sudeste,18-24,2025-03-20
C03398,SP,Sudeste,35-44,2025-06-22
C03399,SP,Sudeste,45-54,2025-06-03
C03400,MG,Sudeste,25-34,2025-06-24
C03401,RJ,Sudeste,35-44,2022-10-17
C03402,RJ,Sudeste,18-24,2024-09-24
C03403,RJ,Sudeste,35-44,2022-12-25
C03404,RS,Sul,25-34,2023-05-03
C03405,SP,Sudeste,35-44,2024-05-10
C03406,CE,Nordeste,55+,2025-08-01
C03407,RJ,Sudeste,35-44,2024-11-27
C03408,PR,Sul,35-44,2024-03-27
C03409,SP,Sudeste,35-44,2024-09-02
C03410,RS,Sul,25-34,2023-03-13
C03411,SP,Sudeste,35-44,2022-06-01
C03412,SC,Sul,25-34,2024-05-16
C03413,GO,Centro-Oeste,35-44,2024-11-11
C03414,RS,Sul,25-34,2024-09-18
C03415,RJ,Sudeste,25-34,2023-07-01
C03416,PR,Sul,35-44,2024-09-30
C03417,AM,Norte,45-54,2024-10-24
C03418,PR,Sul,25-34,2022-10-20
C03419,DF,Centro-Oeste,25-34,2024-06-21
C03420,SC,Sul,45-54,2025-10-28
C03421,RJ,Sudeste,35-44,2024-10-10
C03422,MT,Centro-Oeste,35-44,2023-12-08
C03423,PR,Sul,55+,2024-07-24
C03424,MG,Sudeste,45-54,2024-03-01
C03425,BA,Nordeste,25-34,2025-03-22
C03426,PE,Nordeste,45-54,2024-11-19
C03427,SP,Sudeste,55+,2022-10-25
C03428,MG,Sudeste,18-24,2023-09-17
C03429,MG,Sudeste,35-44,2023-09-10
C03430,SP,Sudeste,45-54,2025-05-20
C03431,SP,Sudeste,25-34,2025-08-28
C03432,RS,Sul,45-54,2024-10-28
C03433,PR,Sul,35-44,2024-08-01
C03434,AM,Norte,25-34,2024-05-05
C03435,MG,Sudeste,18-24,2023-12-03
C03436,SP,Sudeste,18-24,2024-03-22
C03437,SP,Sudeste,25-34,2025-02-14
C03438,PR,Sul,25-34,2023-03-10
C03439,BA,Nordeste,25-34,2025-09-30
C03440,BA,Nordeste,25-34,2024-01-19
C03441,PR,Sul,25-34,2022-12-11
C03442,DF,Centro-Oeste,55+,2023-10-26
C03443,RS,Sul,25-34,2024-08-14
C03444,PE,Nordeste,25-34,2025-05-20
C03445,SP,Sudeste,35-44,2023-07-05
C03446,PE,Nordeste,55+,2022-08-24
C03447,BA,Nordeste,25-34,2023-07-26
C03448,SP,Sudeste,25-34,2024-09-01
C03449,SP,Sudeste,25-34,2023-07-10
C03450,SP,Sudeste,35-44,2024-11-02
C03451,DF,Centro-Oeste,25-34,2025-07-15
C03452,MG,Sudeste,25-34,2024-09-02
C03453,SP,Sudeste,25-34,2023-12-30
C03454,SP,Sudeste,55+,2024-08-10
C03455,SP,Sudeste,25-34,2023-10-21
C03456,MG,Sudeste,35-44,2024-03-03
C03457,SC,Sul,35-44,2023-12-14
C03458,PE,Nordeste,45-54,2024-08-24
C03459,SP,Sudeste,35-44,2024-10-05
C03460,BA,Nordeste,18-24,2024-03-11
C03461,SP,Sudeste,25-34,2025-07-15
C03462,GO,Centro-Oeste,25-34,2024-03-19
C03463,SP,Sudeste,35-44,2024-07-04
C03464,SP,Sudeste,25-34,2022-06-08
C03465,MG,Sudeste,25-34,2025-12-21
C03466,RJ,Sudeste,25-34,2022-12-04
C03467,CE,Nordeste,35-44,2022-12-28
C03468,RJ,Sudeste,25-34,2025-10-04
C03469,SP,Sudeste,18-24,2023-07-05
C03470,RJ,Sudeste,25-34,2024-09-10
C03471,GO,Centro-Oeste,18-24,2023-02-14
C03472,SP,Sudeste,45-54,2022-08-14
C03473,ES,Sudeste,35-44,2021-12-15
C03474,MG,Sudeste,55+,2024-09-28
C03475,GO,Centro-Oeste,25-34,2023-12-25
C03476,PR,Sul,25-34,2025-03-29
C03477,BA,Nordeste,35-44,2024-03-22
C03478,SP,Sudeste,45-54,2024-07-12
C03479,DF,Centro-Oeste,25-34,2024-09-12
C03480,SP,Sudeste,35-44,2024-12-30
C03481,PA,Norte,45-54,2025-08-29
C03482,RJ,Sudeste,25-34,2025-01-04
C03483,CE,Nordeste,25-34,2022-01-09
C03484,PR,Sul,55+,2025-06-26
C03485,MG,Sudeste,25-34,2024-05-31
C03486,MG,Sudeste,35-44,2025-06-14
C03487,SP,Sudeste,35-44,2023-01-19
C03488,PR,Sul,25-34,2023-04-25
C03489,PE,Nordeste,55+,2023-06-20
C03490,RS,Sul,35-44,2025-05-14
C03491,SP,Sudeste,35-44,2025-03-01
C03492,MG,Sudeste,35-44,2025-07-19
C03493,SP,Sudeste,18-24,2025-02-04
C03494,DF,Centro-Oeste,25-34,2025-10-17
C03495,SP,Sudeste,45-54,2024-02-08
C03496,SP,Sudeste,45-54,2023-04-28
C03497,RN,Nordeste,25-34,2025-06-24
C03498,SP,Sudeste,25-34,2024-04-28
C03499,BA,Nordeste,45-54,2024-06-24
C03500,SP,Sudeste,45-54,2025-07-31
C03501,RJ,Sudeste,55+,2024-11-09
C03502,PR,Sul,25-34,2025-05-15
C03503,BA,Nordeste,55+,2023-12-26
C03504,RJ,Sudeste,35-44,2023-07-30
C03505,PR,Sul,25-34,2023-03-10
C03506,SP,Sudeste,55+,2022-06-18
C03507,DF,Centro-Oeste,35-44,2024-12-03
C03508,MG,Sudeste,45-54,2025-04-05
C03509,ES,Sudeste,25-34,2025-04-12
C03510,BA,Nordeste,18-24,2024-06-07
C03511,SP,Sudeste,45-54,2025-12-03
C03512,SC,Sul,55+,2021-12-26
C03513,SP,Sudeste,18-24,2025-01-21
C03514,CE,Nordeste,25-34,2022-09-06
C03515,RJ,Sudeste,25-34,2025-05-15
C03516,RS,Sul,25-34,2022-05-20
C03517,SP,Sudeste,35-44,2023-06-14
C03518,SC,Sul,25-34,2025-05-21
C03519,SC,Sul,18-24,2023-04-09
C03520,SP,Sudeste,35-44,2022-07-07
C03521,SP,Sudeste,45-54,2024-04-19
C03522,SP,Sudeste,55+,2025-07-13
C03523,MG,Sudeste,35-44,2021-12-13
C03524,RJ,Sudeste,35-44,2023-07-23
C03525,RJ,Sudeste,35-44,2023-11-27
C03526,RJ,Sudeste,25-34,2025-11-03
C03527,DF,Centro-Oeste,35-44,2022-07-15
C03528,SP,Sudeste,35-44,2022-10-30
C03529,SP,Sudeste,35-44,2025-07-14
C03530,RJ,Sudeste,55+,2023-07-06
C03531,RJ,Sudeste,25-34,2024-06-24
C03532,GO,Centro-Oeste,35-44,2025-04-23
C03533,PR,Sul,35-44,2022-02-13
C03534,RS,Sul,25-34,2022-07-21
C03535,CE,Nordeste,25-34,2025-05-23
C03536,SP,Sudeste,45-54,2025-09-24
C03537,SP,Sudeste,55+,2025-10-27
C03538,SP,Sudeste,25-34,2024-06-20
C03539,MT,Centro-Oeste,35-44,2022-08-29
C03540,MG,Sudeste,35-44,2023-11-23
C03541,PA,Norte,35-44,2024-11-27
C03542,PE,Nordeste,45-54,2023-12-17
C03543,BA,Nordeste,55+,2023-11-09
C03544,RS,Sul,45-54,2023-11-11
C03545,PR,Sul,35-44,2024-05-07
C03546,SP,Sudeste,18-24,2024-09-24
C03547,GO,Centro-Oeste,25-34,2023-06-01
C03548,RS,Sul,35-44,2023-02-11
C03549,SP,Sudeste,45-54,2023-01-11
C03550,RS,Sul,25-34,2023-07-07
C03551,MG,Sudeste,45-54,2025-07-29
C03552,SP,Sudeste,35-44,2025-01-21
C03553,SP,Sudeste,25-34,2023-05-19
C03554,PR,Sul,25-34,2025-03-14
C03555,SP,Sudeste,25-34,2025-02-03
C03556,RJ,Sudeste,25-34,2023-01-20
C03557,AM,Norte,35-44,2025-01-17
C03558,SP,Sudeste,45-54,2025-10-29
C03559,SP,Sudeste,45-54,2023-11-02
C03560,RS,Sul,45-54,2025-08-25
C03561,SP,Sudeste,25-34,2025-04-19
C03562,DF,Centro-Oeste,25-34,2025-05-30
C03563,PE,Nordeste,35-44,2025-05-25
C03564,CE,Nordeste,18-24,2025-09-07
C03565,RJ,Sudeste,45-54,2022-10-24
C03566,SC,Sul,35-44,2023-04-04
C03567,GO,Centro-Oeste,18-24,2023-11-14
C03568,SP,Sudeste,35-44,2024-08-27
C03569,MG,Sudeste,55+,2025-04-13
C03570,SC,Sul,35-44,2023-10-07
C03571,RS,Sul,55+,2023-05-10
C03572,BA,Nordeste,18-24,2024-05-22
C03573,DF,Centro-Oeste,55+,2021-12-10
C03574,SP,Sudeste,18-24,2024-02-21
C03575,MG,Sudeste,18-24,2025-12-13
C03576,RJ,Sudeste,55+,2023-01-09
C03577,RJ,Sudeste,25-34,2025-04-10
C03578,GO,Centro-Oeste,25-34,2023-03-15
C03579,MG,Sudeste,35-44,2023-12-26
C03580,RJ,Sudeste,25-34,2022-01-20
C03581,SP,Sudeste,25-34,2022-07-07
C03582,RS,Sul,35-44,2022-04-18
C03583,SP,Sudeste,45-54,2025-08-01
C03584,SP,Sudeste,25-34,2024-12-28
C03585,SC,Sul,18-24,2023-06-07
C03586,AM,Norte,25-34,2024-07-31
C03587,PE,Nordeste,25-34,2023-10-28
C03588,SP,Sudeste,18-24,2023-02-28
C03589,SP,Sudeste,55+,2023-11-27
C03590,PA,Norte,35-44,2024-12-22
C03591,MT,Centro-Oeste,35-44,2024-04-06
C03592,MG,Sudeste,25-34,2022-11-06
C03593,SP,Sudeste,55+,2025-08-05
C03594,SP,Sudeste,55+,2023-12-27
C03595,SP,Sudeste,25-34,2022-06-23
C03596,GO,Centro-Oeste,35-44,2025-07-05
C03597,SP,Sudeste,45-54,2023-02-20
C03598,MG,Sudeste,18-24,2024-12-05
C03599,SP,Sudeste,45-54,2023-09-04
C03600,SP,Sudeste,35-44,2022-11-02
C03601,RJ,Sudeste,25-34,2024-12-26
C03602,SP,Sudeste,45-54,2024-11-22
C03603,GO,Centro-Oeste,18-24,2025-08-12
C03604,SP,Sudeste,35-44,2022-07-12
C03605,RS,Sul,25-34,2024-06-18
C03606,SC,Sul,35-44,2023-08-09
C03607,BA,Nordeste,35-44,2025-05-08
C03608,SP,Sudeste,55+,2024-12-21
C03609,RJ,Sudeste,35-44,2023-12-23
C03610,PR,Sul,18-24,2022-09-26
C03611,RS,Sul,35-44,2025-07-14
C03612,SP,Sudeste,55+,2025-05-23
C03613,PR,Sul,45-54,2025-08-01
C03614,DF,Centro-Oeste,35-44,2023-03-02
C03615,SP,Sudeste,25-34,2022-04-08
C03616,SP,Sudeste,18-24,2025-10-25
C03617,SP,Sudeste,25-34,2025-01-05
C03618,RS,Sul,18-24,2024-11-21
C03619,SP,Sudeste,25-34,2024-02-08
C03620,PR,Sul,25-34,2024-07-18
C03621,SP,Sudeste,55+,2022-03-02
C03622,GO,Centro-Oeste,55+,2023-01-31
C03623,BA,Nordeste,25-34,2023-01-14
C03624,SP,Sudeste,45-54,2024-01-05
C03625,AM,Norte,25-34,2023-03-22
C03626,SP,Sudeste,45-54,2024-06-19
C03627,RJ,Sudeste,55+,2023-11-12
C03628,CE,Nordeste,55+,2025-08-13
C03629,SP,Sudeste,45-54,2022-12-18
C03630,SP,Sudeste,25-34,2024-08-29
C03631,MG,Sudeste,35-44,2025-08-14
C03632,RJ,Sudeste,35-44,2023-10-27
C03633,RJ,Sudeste,55+,2023-04-16
C03634,SP,Sudeste,25-34,2022-06-15
C03635,DF,Centro-Oeste,45-54,2023-10-08
C03636,PE,Nordeste,35-44,2023-05-01
C03637,DF,Centro-Oeste,35-44,2024-07-26
C03638,RS,Sul,35-44,2024-10-21
C03639,RJ,Sudeste,35-44,2021-12-21
C03640,MG,Sudeste,35-44,2025-06-30
C03641,CE,Nordeste,18-24,2023-01-29
C03642,PR,Sul,35-44,2024-02-16
C03643,MG,Sudeste,45-54,2024-05-25
C03644,SC,Sul,55+,2025-09-15
C03645,GO,Centro-Oeste,55+,2025-03-26
C03646,SP,Sudeste,55+,2025-02-05
C03647,MG,Sudeste,25-34,2024-11-13
C03648,SP,Sudeste,25-34,2023-02-04
C03649,MG,Sudeste,35-44,2023-02-27
C03650,PR,Sul,35-44,2025-09-05
C03651,SP,Sudeste,35-44,2023-02-07
C03652,SP,Sudeste,25-34,2023-06-06
C03653,RJ,Sudeste,35-44,2025-04-07
C03654,PE,Nordeste,45-54,2024-05-08
C03655,SP,Sudeste,45-54,2023-10-13
C03656,MG,Sudeste,35-44,2025-10-27
C03657,MG,Sudeste,45-54,2025-06-14
C03658,PR,Sul,35-44,2023-07-31
C03659,SP,Sudeste,25-34,2023-09-25
C03660,SP,Sudeste,25-34,2023-11-03
C03661,SP,Sudeste,35-44,2024-08-08
C03662,SP,Sudeste,35-44,2024-02-18
C03663,BA,Nordeste,45-54,2023-06-16
C03664,SP,Sudeste,45-54,2023-03-16
C03665,SP,Sudeste,25-34,2025-07-02
C03666,RJ,Sudeste,45-54,2024-07-01
C03667,SP,Sudeste,55+,2023-01-30
C03668,SP,Sudeste,25-34,2025-03-29
C03669,MG,Sudeste,25-34,2022-12-31
C03670,RJ,Sudeste,35-44,2025-04-06
C03671,SP,Sudeste,35-44,2024-05-17
C03672,PE,Nordeste,35-44,2023-10-10
C03673,RN,Nordeste,25-34,2025-08-04
C03674,RJ,Sudeste,35-44,2024-07-21
C03675,SP,Sudeste,18-24,2025-05-17
C03676,RS,Sul,35-44,2023-07-31
C03677,SP,Sudeste,45-54,2023-10-17
C03678,SP,Sudeste,35-44,2024-10-12
C03679,RJ,Sudeste,45-54,2025-01-13
C03680,SP,Sudeste,35-44,2023-09-20
C03681,SP,Sudeste,18-24,2023-05-30
C03682,RS,Sul,45-54,2024-02-28
C03683,SP,Sudeste,35-44,2022-06-20
C03684,PA,Norte,35-44,2024-06-04
C03685,SP,Sudeste,35-44,2025-12-08
C03686,PA,Norte,45-54,2025-06-01
C03687,DF,Centro-Oeste,45-54,2024-12-03
C03688,SP,Sudeste,35-44,2024-11-15
C03689,SP,Sudeste,45-54,2024-12-14
C03690,MG,Sudeste,25-34,2023-10-16
C03691,GO,Centro-Oeste,25-34,2024-03-21
C03692,RS,Sul,25-34,2023-03-18
C03693,BA,Nordeste,55+,2024-08-02
C03694,SP,Sudeste,45-54,2025-06-30
C03695,MG,Sudeste,55+,2023-10-16
C03696,CE,Nordeste,25-34,2024-06-11
C03697,BA,Nordeste,18-24,2022-11-26
C03698,MG,Sudeste,35-44,2023-06-09
C03699,PR,Sul,35-44,2022-07-24
C03700,BA,Nordeste,25-34,2025-07-30
C03701,RJ,Sudeste,55+,2022-03-06
C03702,SC,Sul,25-34,2023-09-27
C03703,BA,Nordeste,25-34,2023-02-27
C03704,RS,Sul,55+,2021-12-19
C03705,CE,Nordeste,35-44,2023-09-09
C03706,CE,Nordeste,45-54,2023-04-23
C03707,SP,Sudeste,45-54,2025-04-08
C03708,PE,Nordeste,25-34,2023-07-28
C03709,PR,Sul,18-24,2022-12-04
C03710,PE,Nordeste,25-34,2025-01-08
C03711,MG,Sudeste,45-54,2023-12-01
C03712,SP,Sudeste,35-44,2022-10-30
C03713,MG,Sudeste,18-24,2022-10-16
C03714,GO,Centro-Oeste,18-24,2024-01-10
C03715,MG,Sudeste,45-54,2024-10-22
C03716,SP,Sudeste,25-34,2022-03-09
C03717,DF,Centro-Oeste,55+,2022-09-30
C03718,SC,Sul,35-44,2024-01-11
C03719,RJ,Sudeste,18-24,2024-04-03
C03720,SP,Sudeste,45-54,2022-11-24
C03721,RJ,Sudeste,35-44,2022-07-10
C03722,PA,Norte,35-44,2024-10-25
C03723,SP,Sudeste,45-54,2023-09-18
C03724,SP,Sudeste,18-24,2023-12-21
C03725,PR,Sul,25-34,2022-12-31
C03726,RJ,Sudeste,25-34,2023-04-30
C03727,SP,Sudeste,45-54,2024-11-18
C03728,RJ,Sudeste,35-44,2024-01-09
C03729,MG,Sudeste,55+,2025-06-21
C03730,PR,Sul,45-54,2024-06-08
C03731,RJ,Sudeste,35-44,2023-08-04
C03732,SP,Sudeste,18-24,2025-09-01
C03733,SC,Sul,18-24,2024-03-26
C03734,PR,Sul,35-44,2025-08-24
C03735,SP,Sudeste,35-44,2024-12-04
C03736,BA,Nordeste,45-54,2024-10-14
C03737,SP,Sudeste,55+,2024-08-06
C03738,SP,Sudeste,25-34,2022-03-26
C03739,MG,Sudeste,35-44,2022-05-08
C03740,RN,Nordeste,35-44,2025-09-16
C03741,PE,Nordeste,18-24,2022-10-14
C03742,SP,Sudeste,45-54,2023-12-08
C03743,SP,Sudeste,18-24,2024-03-26
C03744,RJ,Sudeste,25-34,2022-01-24
C03745,MG,Sudeste,55+,2024-12-26
C03746,SP,Sudeste,25-34,2023-04-07
C03747,MG,Sudeste,35-44,2023-07-27
C03748,GO,Centro-Oeste,25-34,2024-04-05
C03749,BA,Nordeste,45-54,2022-06-04
C03750,SP,Sudeste,18-24,2022-09-29
C03751,RJ,Sudeste,25-34,2024-03-02
C03752,SP,Sudeste,25-34,2025-06-02
C03753,SP,Sudeste,25-34,2023-12-26
C03754,PA,Norte,55+,2025-10-22
C03755,ES,Sudeste,25-34,2023-12-20
C03756,CE,Nordeste,45-54,2022-10-14
C03757,SP,Sudeste,35-44,2023-02-18
C03758,RJ,Sudeste,18-24,2025-11-21
C03759,DF,Centro-Oeste,18-24,2023-02-25
C03760,SP,Sudeste,55+,2023-10-29
C03761,SP,Sudeste,25-34,2025-10-27
C03762,GO,Centro-Oeste,35-44,2023-07-20
C03763,CE,Nordeste,45-54,2023-04-28
C03764,PA,Norte,35-44,2025-04-13
C03765,RS,Sul,25-34,2025-05-02
C03766,BA,Nordeste,35-44,2023-05-16
C03767,SP,Sudeste,45-54,2023-01-23
C03768,RS,Sul,45-54,2023-02-07
C03769,SP,Sudeste,35-44,2023-03-21
C03770,PR,Sul,35-44,2022-11-01
C03771,SP,Sudeste,45-54,2023-05-31
C03772,RJ,Sudeste,25-34,2025-10-04
C03773,RJ,Sudeste,25-34,2024-08-14
C03774,SP,Sudeste,25-34,2022-09-15
C03775,RS,Sul,18-24,2022-09-25
C03776,MG,Sudeste,55+,2023-11-20
C03777,SP,Sudeste,25-34,2024-04-23
C03778,MG,Sudeste,35-44,2023-05-19
C03779,RS,Sul,25-34,2025-10-02
C03780,RJ,Sudeste,35-44,2025-02-27
C03781,BA,Nordeste,35-44,2025-09-01
C03782,SP,Sudeste,45-54,2024-03-19
C03783,SP,Sudeste,45-54,2023-12-29
C03784,RJ,Sudeste,55+,2024-04-03
C03785,RJ,Sudeste,35-44,2024-05-30
C03786,SP,Sudeste,18-24,2023-11-04
C03787,SP,Sudeste,25-34,2022-08-11
C03788,AM,Norte,55+,2024-07-07
C03789,MG,Sudeste,35-44,2024-04-30
C03790,RJ,Sudeste,45-54,2024-06-05
C03791,SP,Sudeste,25-34,2025-03-21
C03792,SP,Sudeste,25-34,2023-07-23
C03793,RJ,Sudeste,25-34,2024-12-27
C03794,MG,Sudeste,25-34,2025-11-24
C03795,RS,Sul,45-54,2023-12-18
C03796,SP,Sudeste,35-44,2023-02-23
C03797,MG,Sudeste,45-54,2024-10-07
C03798,SP,Sudeste,35-44,2023-01-06
C03799,SP,Sudeste,35-44,2024-07-15
C03800,MG,Sudeste,35-44,2025-06-06
C03801,PE,Nordeste,45-54,2024-06-20
C03802,SP,Sudeste,25-34,2025-08-16
C03803,RJ,Sudeste,55+,2023-05-19
C03804,RS,Sul,35-44,2022-10-11
C03805,SP,Sudeste,25-34,2024-05-14
C03806,PR,Sul,45-54,2022-10-22
C03807,MG,Sudeste,45-54,2024-12-15
C03808,CE,Nordeste,25-34,2024-09-08
C03809,PR,Sul,25-34,2022-11-04
C03810,RJ,Sudeste,25-34,2022-05-17
C03811,RJ,Sudeste,35-44,2025-07-26
C03812,GO,Centro-Oeste,55+,2025-07-22
C03813,MG,Sudeste,25-34,2023-11-27
C03814,BA,Nordeste,55+,2022-04-12
C03815,RS,Sul,35-44,2025-02-07
C03816,SP,Sudeste,35-44,2024-06-02
C03817,RS,Sul,35-44,2022-05-10
C03818,SP,Sudeste,25-34,2022-12-28
C03819,SP,Sudeste,18-24,2023-12-18
C03820,SP,Sudeste,18-24,2024-01-12
C03821,BA,Nordeste,18-24,2023-05-30
C03822,RN,Nordeste,55+,2025-11-14
C03823,RJ,Sudeste,25-34,2022-11-04
C03824,BA,Nordeste,35-44,2022-10-31
C03825,RJ,Sudeste,35-44,2024-10-22
C03826,RJ,Sudeste,35-44,2024-06-20
C03827,RJ,Sudeste,25-34,2024-08-04
C03828,RN,Nordeste,55+,2025-02-07
C03829,RS,Sul,45-54,2022-07-13
C03830,SP,Sudeste,25-34,2025-11-01
C03831,SP,Sudeste,35-44,2023-08-28
C03832,RJ,Sudeste,45-54,2025-06-18
C03833,SP,Sudeste,18-24,2025-07-13
C03834,SP,Sudeste,45-54,2024-11-23
C03835,SP,Sudeste,45-54,2025-07-24
C03836,GO,Centro-Oeste,25-34,2025-02-17
C03837,ES,Sudeste,55+,2025-06-21
C03838,SP,Sudeste,35-44,2025-11-15
C03839,DF,Centro-Oeste,18-24,2023-07-25
C03840,SP,Sudeste,35-44,2024-05-09
C03841,RJ,Sudeste,18-24,2025-02-24
C03842,PR,Sul,35-44,2025-11-11
C03843,SP,Sudeste,35-44,2025-05-22
C03844,CE,Nordeste,45-54,2025-01-14
C03845,SP,Sudeste,35-44,2023-01-08
C03846,MG,Sudeste,18-24,2025-11-11
C03847,SC,Sul,25-34,2024-10-02
C03848,SP,Sudeste,25-34,2025-12-17
C03849,DF,Centro-Oeste,25-34,2025-10-04
C03850,MG,Sudeste,35-44,2024-04-07
C03851,SP,Sudeste,45-54,2025-09-24
C03852,SC,Sul,45-54,2022-06-13
C03853,SP,Sudeste,25-34,2025-12-04
C03854,GO,Centro-Oeste,45-54,2025-07-08
C03855,SP,Sudeste,35-44,2025-07-18
C03856,SP,Sudeste,25-34,2024-03-26
C03857,SP,Sudeste,25-34,2024-11-10
C03858,RS,Sul,25-34,2024-05-09
C03859,RJ,Sudeste,45-54,2024-12-02
C03860,SP,Sudeste,25-34,2023-08-10
C03861,SP,Sudeste,55+,2024-10-18
C03862,DF,Centro-Oeste,35-44,2025-09-29
C03863,MG,Sudeste,25-34,2023-12-09
C03864,SP,Sudeste,25-34,2022-07-15
C03865,SP,Sudeste,55+,2023-11-24
C03866,SP,Sudeste,25-34,2024-12-06
C03867,SP,Sudeste,25-34,2025-06-18
C03868,MG,Sudeste,45-54,2022-12-10
C03869,RS,Sul,25-34,2025-11-07
C03870,SP,Sudeste,35-44,2024-11-05
C03871,RJ,Sudeste,25-34,2022-11-14
C03872,MG,Sudeste,25-34,2022-07-15
C03873,MG,Sudeste,25-34,2022-09-02
C03874,AM,Norte,45-54,2025-12-15
C03875,SP,Sudeste,35-44,2024-06-02
C03876,BA,Nordeste,35-44,2022-09-01
C03877,CE,Nordeste,45-54,2024-04-20
C03878,SP,Sudeste,35-44,2025-11-29
C03879,RJ,Sudeste,25-34,2024-08-24
C03880,GO,Centro-Oeste,45-54,2024-06-22
C03881,MT,Centro-Oeste,45-54,2024-10-24
C03882,PR,Sul,45-54,2025-06-18
C03883,RJ,Sudeste,35-44,2025-06-21
C03884,PE,Nordeste,25-34,2024-12-27
C03885,SP,Sudeste,25-34,2023-04-28
C03886,SP,Sudeste,25-34,2023-09-03
C03887,SP,Sudeste,25-34,2023-11-21
C03888,SP,Sudeste,35-44,2024-02-05
C03889,SP,Sudeste,25-34,2025-08-05
C03890,SC,Sul,45-54,2022-08-18
C03891,DF,Centro-Oeste,25-34,2022-11-21
C03892,RS,Sul,45-54,2025-05-15
C03893,BA,Nordeste,25-34,2025-10-27
C03894,MG,Sudeste,55+,2024-06-20
C03895,SP,Sudeste,25-34,2023-07-07
C03896,MG,Sudeste,55+,2024-02-24
C03897,PE,Nordeste,18-24,2025-04-16
C03898,RS,Sul,25-34,2022-03-13
C03899,SP,Sudeste,35-44,2025-06-26
C03900,SP,Sudeste,25-34,2025-01-30
C03901,GO,Centro-Oeste,35-44,2022-06-21
C03902,SC,Sul,35-44,2024-09-20
C03903,PA,Norte,18-24,2023-06-23
C03904,ES,Sudeste,35-44,2022-10-24
C03905,SP,Sudeste,35-44,2023-08-06
C03906,RJ,Sudeste,25-34,2022-05-01
C03907,AM,Norte,25-34,2025-06-30
C03908,BA,Nordeste,45-54,2025-10-01
C03909,SP,Sudeste,35-44,2025-12-13
C03910,SP,Sudeste,45-54,2024-11-12
C03911,BA,Nordeste,35-44,2022-01-13
C03912,RN,Nordeste,35-44,2025-01-19
C03913,RJ,Sudeste,25-34,2023-03-25
C03914,RJ,Sudeste,45-54,2023-01-08
C03915,RJ,Sudeste,18-24,2024-06-01
C03916,PR,Sul,25-34,2025-03-31
C03917,SP,Sudeste,25-34,2023-06-23
C03918,SP,Sudeste,45-54,2025-11-10
C03919,AM,Norte,45-54,2024-12-23
C03920,SP,Sudeste,25-34,2022-09-22
C03921,SP,Sudeste,55+,2023-10-21
C03922,SP,Sudeste,55+,2025-02-16
C03923,SP,Sudeste,45-54,2024-08-28
C03924,SP,Sudeste,45-54,2022-07-02
C03925,SP,Sudeste,45-54,2022-02-01
C03926,RS,Sul,25-34,2022-04-23
C03927,DF,Centro-Oeste,35-44,2022-11-18
C03928,PR,Sul,25-34,2025-04-19
C03929,BA,Nordeste,55+,2022-08-26
C03930,SP,Sudeste,35-44,2023-03-09
C03931,BA,Nordeste,45-54,2024-02-05
C03932,SP,Sudeste,35-44,2023-08-24
C03933,SP,Sudeste,35-44,2022-10-24
C03934,SC,Sul,25-34,2025-04-17
C03935,AM,Norte,35-44,2025-08-10
C03936,PR,Sul,18-24,2025-04-05
C03937,SP,Sudeste,55+,2024-03-09
C03938,BA,Nordeste,45-54,2025-12-28
C03939,RS,Sul,35-44,2024-06-06
C03940,MG,Sudeste,25-34,2025-03-09
C03941,ES,Sudeste,25-34,2023-08-29
C03942,MG,Sudeste,25-34,2024-10-06
C03943,ES,Sudeste,25-34,2025-06-08
C03944,RS,Sul,18-24,2023-05-01
C03945,SP,Sudeste,18-24,2025-06-06
C03946,SP,Sudeste,25-34,2024-05-03
C03947,RS,Sul,25-34,2023-10-26
C03948,RS,Sul,55+,2024-06-08
C03949,RJ,Sudeste,18-24,2023-07-27
C03950,MG,Sudeste,25-34,2023-02-15
C03951,CE,Nordeste,35-44,2022-05-06
C03952,SP,Sudeste,18-24,2024-08-12
C03953,AM,Norte,45-54,2025-04-20
C03954,SC,Sul,45-54,2025-05-30
C03955,PE,Nordeste,25-34,2025-06-25
C03956,MT,Centro-Oeste,45-54,2023-02-27
C03957,GO,Centro-Oeste,55+,2024-12-07
C03958,RS,Sul,25-34,2025-01-06
C03959,SP,Sudeste,35-44,2022-05-10
C03960,RJ,Sudeste,35-44,2023-02-10
C03961,SP,Sudeste,25-34,2025-10-07
C03962,CE,Nordeste,25-34,2023-05-31
C03963,PE,Nordeste,18-24,2025-11-11
C03964,RJ,Sudeste,25-34,2024-05-20
C03965,RJ,Sudeste,35-44,2023-02-14
C03966,RN,Nordeste,55+,2025-06-19
C03967,SP,Sudeste,35-44,2023-08-26
C03968,RJ,Sudeste,35-44,2025-09-24
C03969,SP,Sudeste,35-44,2024-02-08
C03970,SP,Sudeste,25-34,2024-12-11
C03971,CE,Nordeste,35-44,2022-08-22
C03972,MT,Centro-Oeste,35-44,2025-01-06
C03973,SP,Sudeste,25-34,2023-04-10
C03974,BA,Nordeste,35-44,2024-06-09
C03975,RS,Sul,18-24,2024-03-15
C03976,RJ,Sudeste,25-34,2023-04-04
C03977,PE,Nordeste,25-34,2024-11-16
C03978,RJ,Sudeste,45-54,2024-02-27
C03979,SP,Sudeste,45-54,2025-09-27
C03980,PE,Nordeste,35-44,2025-06-16
C03981,RJ,Sudeste,55+,2022-01-18
C03982,BA,Nordeste,55+,2024-06-03
C03983,PR,Sul,18-24,2025-05-15
C03984,SP,Sudeste,55+,2023-10-27
C03985,SC,Sul,35-44,2022-07-14
C03986,PE,Nordeste,25-34,2023-02-15
C03987,RJ,Sudeste,35-44,2023-10-01
C03988,ES,Sudeste,45-54,2023-03-31
C03989,PR,Sul,25-34,2024-03-30
C03990,RJ,Sudeste,25-34,2022-11-07
C03991,SP,Sudeste,25-34,2022-08-10
C03992,BA,Nordeste,35-44,2023-10-07
C03993,GO,Centro-Oeste,35-44,2023-03-26
C03994,SP,Sudeste,35-44,2025-10-04
C03995,PE,Nordeste,35-44,2025-01-17
C03996,ES,Sudeste,25-34,2024-03-14
C03997,PA,Norte,45-54,2022-05-17
C03998,SC,Sul,18-24,2024-11-20
C03999,PR,Sul,25-34,2024-02-18
C04000,SP,Sudeste,25-34,2023-04-16
C04001,GO,Centro-Oeste,18-24,2022-03-26
C04002,BA,Nordeste,45-54,2023-09-15
C04003,SP,Sudeste,45-54,2023-12-01
C04004,RJ,Sudeste,35-44,2025-01-20
C04005,MG,Sudeste,25-34,2023-06-01
C04006,SP,Sudeste,25-34,2024-08-18
C04007,SP,Sudeste,35-44,2024-03-08
C04008,CE,Nordeste,25-34,2024-07-30
C04009,SP,Sudeste,25-34,2022-08-14
C04010,RJ,Sudeste,45-54,2025-01-10
C04011,SP,Sudeste,45-54,2023-05-24
C04012,BA,Nordeste,55+,2025-09-29
C04013,MG,Sudeste,25-34,2023-02-18
C04014,BA,Nordeste,55+,2022-09-04
C04015,BA,Nordeste,25-34,2025-01-14
C04016,MG,Sudeste,25-34,2025-03-11
C04017,MG,Sudeste,45-54,2025-06-15
C04018,MG,Sudeste,25-34,2025-06-03
C04019,SP,Sudeste,35-44,2023-10-13
C04020,SP,Sudeste,25-34,2024-06-25
C04021,MT,Centro-Oeste,25-34,2023-03-11
C04022,RJ,Sudeste,35-44,2024-12-15
C04023,SP,Sudeste,45-54,2023-05-31
C04024,RJ,Sudeste,25-34,2024-04-03
C04025,SP,Sudeste,45-54,2024-11-20
C04026,SP,Sudeste,45-54,2024-11-14
C04027,SP,Sudeste,35-44,2024-07-24
C04028,RJ,Sudeste,35-44,2024-03-02
C04029,PR,Sul,25-34,2022-03-26
C04030,SP,Sudeste,25-34,2023-07-19
C04031,MG,Sudeste,45-54,2023-10-28
C04032,MG,Sudeste,35-44,2025-05-14
C04033,MG,Sudeste,35-44,2025-01-22
C04034,SP,Sudeste,35-44,2022-11-08
C04035,SP,Sudeste,45-54,2023-12-01
C04036,GO,Centro-Oeste,45-54,2023-05-21
C04037,MG,Sudeste,45-54,2025-05-30
C04038,SC,Sul,35-44,2022-11-07
C04039,MG,Sudeste,45-54,2025-10-21
C04040,PR,Sul,35-44,2023-01-24
C04041,SP,Sudeste,18-24,2025-03-30
C04042,SP,Sudeste,55+,2025-01-12
C04043,SP,Sudeste,35-44,2024-07-30
C04044,SP,Sudeste,25-34,2025-08-24
C04045,SP,Sudeste,45-54,2023-08-25
C04046,SP,Sudeste,35-44,2025-04-16
C04047,MG,Sudeste,25-34,2023-01-24
C04048,PA,Norte,25-34,2024-10-20
C04049,PR,Sul,35-44,2023-06-20
C04050,MG,Sudeste,25-34,2024-03-05
C04051,BA,Nordeste,35-44,2024-11-23
C04052,SP,Sudeste,25-34,2024-02-11
C04053,PR,Sul,25-34,2023-04-10
C04054,SP,Sudeste,35-44,2025-02-11
C04055,RJ,Sudeste,55+,2025-12-25
C04056,SC,Sul,25-34,2024-04-22
C04057,PR,Sul,55+,2025-04-18
C04058,PR,Sul,25-34,2025-02-17
C04059,SP,Sudeste,55+,2023-12-26
C04060,GO,Centro-Oeste,25-34,2023-12-10
C04061,GO,Centro-Oeste,18-24,2022-12-29
C04062,SP,Sudeste,35-44,2025-06-02
C04063,SP,Sudeste,35-44,2025-06-26
C04064,CE,Nordeste,35-44,2025-11-12
C04065,SC,Sul,35-44,2024-02-15
C04066,PE,Nordeste,35-44,2025-05-27
C04067,SP,Sudeste,45-54,2023-09-23
C04068,SP,Sudeste,25-34,2022-10-31
C04069,PR,Sul,35-44,2025-05-24
C04070,RS,Sul,18-24,2024-06-20
C04071,PR,Sul,35-44,2024-06-10
C04072,SP,Sudeste,25-34,2023-12-05
C04073,SP,Sudeste,45-54,2025-12-05
C04074,SP,Sudeste,55+,2025-01-04
C04075,PR,Sul,25-34,2024-02-14
C04076,RS,Sul,55+,2023-01-26
C04077,CE,Nordeste,25-34,2025-12-11
C04078,RJ,Sudeste,25-34,2022-11-22
C04079,SP,Sudeste,55+,2024-02-26
C04080,DF,Centro-Oeste,35-44,2023-12-06
C04081,MG,Sudeste,45-54,2022-03-23
C04082,SP,Sudeste,45-54,2022-09-06
C04083,SP,Sudeste,35-44,2024-10-14
C04084,PR,Sul,35-44,2024-04-03
C04085,SP,Sudeste,35-44,2022-08-22
C04086,CE,Nordeste,35-44,2022-05-30
C04087,SP,Sudeste,35-44,2024-10-27
C04088,RJ,Sudeste,25-34,2022-04-12
C04089,SP,Sudeste,25-34,2023-06-14
C04090,SP,Sudeste,35-44,2023-08-12
C04091,SP,Sudeste,35-44,2025-06-03
C04092,SP,Sudeste,18-24,2025-12-04
C04093,SP,Sudeste,35-44,2023-12-05
C04094,RS,Sul,25-34,2025-03-30
C04095,SP,Sudeste,35-44,2024-10-20
C04096,SP,Sudeste,55+,2024-03-31
C04097,AM,Norte,55+,2025-12-11
C04098,SP,Sudeste,25-34,2025-12-29
C04099,RJ,Sudeste,25-34,2024-03-22
C04100,SP,Sudeste,35-44,2024-01-09
C04101,SP,Sudeste,25-34,2023-01-31
C04102,SP,Sudeste,25-34,2025-07-18
C04103,SP,Sudeste,45-54,2022-07-15
C04104,SP,Sudeste,25-34,2024-02-28
C04105,RS,Sul,45-54,2024-07-11
C04106,MG,Sudeste,25-34,2025-04-14
C04107,DF,Centro-Oeste,25-34,2024-03-23
C04108,MG,Sudeste,18-24,2024-11-09
C04109,SP,Sudeste,35-44,2023-05-06
C04110,PE,Nordeste,25-34,2023-11-04
C04111,PE,Nordeste,55+,2025-07-04
C04112,PE,Nordeste,25-34,2025-10-02
C04113,SP,Sudeste,35-44,2023-07-13
C04114,RJ,Sudeste,25-34,2023-11-23
C04115,RJ,Sudeste,35-44,2024-03-17
C04116,MG,Sudeste,25-34,2025-01-07
C04117,CE,Nordeste,35-44,2025-05-15
C04118,CE,Nordeste,35-44,2025-07-13
C04119,SP,Sudeste,55+,2022-11-25
C04120,MG,Sudeste,55+,2023-11-30
C04121,PE,Nordeste,45-54,2023-11-20
C04122,SC,Sul,55+,2024-08-30
C04123,DF,Centro-Oeste,18-24,2025-07-26
C04124,SP,Sudeste,25-34,2024-06-20
C04125,SP,Sudeste,25-34,2025-03-20
C04126,MG,Sudeste,45-54,2022-09-29
C04127,RJ,Sudeste,45-54,2023-02-22
C04128,MT,Centro-Oeste,35-44,2024-06-13
C04129,RS,Sul,45-54,2025-12-22
C04130,SP,Sudeste,25-34,2024-04-23
C04131,MG,Sudeste,35-44,2023-03-11
C04132,SP,Sudeste,55+,2023-03-27
C04133,CE,Nordeste,55+,2024-08-17
C04134,PA,Norte,35-44,2024-10-19
C04135,PR,Sul,35-44,2022-12-03
C04136,SP,Sudeste,25-34,2025-07-04
C04137,PR,Sul,25-34,2024-07-03
C04138,SC,Sul,35-44,2025-03-23
C04139,BA,Nordeste,25-34,2024-04-17
C04140,PE,Nordeste,45-54,2025-03-22
C04141,RJ,Sudeste,25-34,2022-10-09
C04142,SP,Sudeste,45-54,2023-01-18
C04143,PR,Sul,35-44,2023-08-26
C04144,SC,Sul,35-44,2024-02-09
C04145,SC,Sul,55+,2024-01-09
C04146,ES,Sudeste,25-34,2024-12-30
C04147,PR,Sul,55+,2022-11-16
C04148,PE,Nordeste,55+,2023-11-12
C04149,MG,Sudeste,35-44,2024-06-16
C04150,PA,Norte,55+,2024-06-06
C04151,SP,Sudeste,55+,2023-01-13
C04152,SC,Sul,55+,2022-07-11
C04153,MG,Sudeste,25-34,2025-08-28
C04154,PR,Sul,35-44,2025-04-04
C04155,SC,Sul,35-44,2025-01-31
C04156,ES,Sudeste,25-34,2022-01-01
C04157,RJ,Sudeste,35-44,2025-07-10
C04158,SP,Sudeste,25-34,2024-01-24
C04159,MT,Centro-Oeste,18-24,2023-12-18
C04160,RJ,Sudeste,55+,2022-03-27
C04161,RJ,Sudeste,45-54,2025-05-26
C04162,MG,Sudeste,35-44,2024-10-04
C04163,CE,Nordeste,35-44,2024-12-07
C04164,SP,Sudeste,18-24,2024-02-09
C04165,RJ,Sudeste,25-34,2023-02-11
C04166,SP,Sudeste,45-54,2023-05-02
C04167,SP,Sudeste,45-54,2023-03-24
C04168,SP,Sudeste,25-34,2024-10-26
C04169,BA,Nordeste,55+,2024-01-10
C04170,SP,Sudeste,45-54,2025-02-21
C04171,SP,Sudeste,35-44,2024-04-18
C04172,RJ,Sudeste,35-44,2023-07-08
C04173,SP,Sudeste,18-24,2022-04-03
C04174,MG,Sudeste,35-44,2024-04-22
C04175,RJ,Sudeste,18-24,2022-02-24
C04176,RJ,Sudeste,35-44,2025-06-11
C04177,SP,Sudeste,35-44,2024-05-04
C04178,RS,Sul,35-44,2024-11-19
C04179,SP,Sudeste,25-34,2025-01-29
C04180,RS,Sul,35-44,2024-06-16
C04181,SP,Sudeste,35-44,2025-06-13
C04182,BA,Nordeste,25-34,2023-11-14
C04183,SP,Sudeste,25-34,2022-09-10
C04184,MG,Sudeste,25-34,2025-11-06
C04185,MG,Sudeste,18-24,2025-05-17
C04186,MT,Centro-Oeste,45-54,2024-08-19
C04187,CE,Nordeste,35-44,2024-07-30
C04188,RJ,Sudeste,35-44,2022-11-29
C04189,MG,Sudeste,25-34,2025-11-25
C04190,PE,Nordeste,25-34,2022-06-15
C04191,SC,Sul,18-24,2021-12-30
C04192,RJ,Sudeste,25-34,2023-06-16
C04193,SP,Sudeste,35-44,2024-07-25
C04194,SC,Sul,25-34,2024-08-08
C04195,BA,Nordeste,45-54,2024-06-18
C04196,RS,Sul,35-44,2023-11-25
C04197,PE,Nordeste,35-44,2023-12-05
C04198,MG,Sudeste,35-44,2023-02-10
C04199,PE,Nordeste,35-44,2025-11-30
C04200,RS,Sul,35-44,2025-08-16
C04201,SC,Sul,25-34,2024-12-08
C04202,PR,Sul,45-54,2023-03-05
C04203,SP,Sudeste,25-34,2022-07-07
C04204,SP,Sudeste,25-34,2024-01-20
C04205,SP,Sudeste,45-54,2022-11-12
C04206,RJ,Sudeste,25-34,2025-07-16
C04207,MG,Sudeste,35-44,2023-11-21
C04208,SP,Sudeste,45-54,2023-12-03
C04209,SP,Sudeste,35-44,2022-04-08
C04210,PR,Sul,25-34,2023-03-18
C04211,RJ,Sudeste,35-44,2025-10-30
C04212,SP,Sudeste,45-54,2025-03-13
C04213,MG,Sudeste,25-34,2023-12-13
C04214,SP,Sudeste,35-44,2024-09-18
C04215,RJ,Sudeste,25-34,2023-09-15
C04216,SP,Sudeste,25-34,2023-11-22
C04217,DF,Centro-Oeste,45-54,2025-07-28
C04218,RJ,Sudeste,35-44,2025-06-05
C04219,MG,Sudeste,18-24,2025-09-05
C04220,SP,Sudeste,35-44,2024-04-08
C04221,RS,Sul,25-34,2022-11-24
C04222,PA,Norte,25-34,2022-12-17
C04223,PR,Sul,45-54,2023-08-11
C04224,PA,Norte,45-54,2025-07-06
C04225,SP,Sudeste,18-24,2025-07-12
C04226,SP,Sudeste,25-34,2024-04-05
C04227,PE,Nordeste,45-54,2025-12-25
C04228,MG,Sudeste,25-34,2024-01-03
C04229,PE,Nordeste,25-34,2024-10-03
C04230,SP,Sudeste,35-44,2025-08-14
C04231,CE,Nordeste,25-34,2022-06-07
C04232,SP,Sudeste,55+,2025-01-19
C04233,PE,Nordeste,25-34,2024-02-16
C04234,SC,Sul,55+,2025-01-18
C04235,GO,Centro-Oeste,18-24,2024-07-12
C04236,SP,Sudeste,18-24,2025-01-07
C04237,PR,Sul,18-24,2024-01-29
C04238,SP,Sudeste,18-24,2024-12-03
C04239,PR,Sul,55+,2025-08-09
C04240,SP,Sudeste,45-54,2023-05-15
C04241,SP,Sudeste,35-44,2023-12-06
C04242,RS,Sul,45-54,2025-06-12
C04243,SC,Sul,25-34,2022-07-29
C04244,SP,Sudeste,25-34,2022-11-21
C04245,SP,Sudeste,18-24,2022-03-24
C04246,MG,Sudeste,35-44,2025-03-05
C04247,MG,Sudeste,35-44,2025-07-29
C04248,DF,Centro-Oeste,25-34,2024-11-18
C04249,PR,Sul,55+,2022-07-23
C04250,SP,Sudeste,25-34,2025-03-20
C04251,RJ,Sudeste,45-54,2024-10-28
C04252,GO,Centro-Oeste,25-34,2023-12-19
C04253,BA,Nordeste,45-54,2024-06-01
C04254,PE,Nordeste,45-54,2023-01-18
C04255,SC,Sul,35-44,2024-04-13
C04256,GO,Centro-Oeste,35-44,2024-02-04
C04257,CE,Nordeste,18-24,2025-04-08
C04258,PE,Nordeste,35-44,2025-03-03
C04259,PE,Nordeste,25-34,2024-12-27
C04260,MG,Sudeste,35-44,2022-04-25
C04261,SP,Sudeste,45-54,2023-04-22
C04262,RS,Sul,25-34,2025-06-12
C04263,MG,Sudeste,25-34,2025-09-20
C04264,SC,Sul,18-24,2022-11-25
C04265,RN,Nordeste,45-54,2023-08-16
C04266,SP,Sudeste,18-24,2023-12-22
C04267,RJ,Sudeste,45-54,2025-04-02
C04268,RJ,Sudeste,35-44,2025-03-19
C04269,GO,Centro-Oeste,25-34,2024-08-30
C04270,BA,Nordeste,25-34,2022-05-30
C04271,PR,Sul,35-44,2025-09-08
C04272,RJ,Sudeste,25-34,2023-10-20
C04273,PR,Sul,55+,2025-01-11
C04274,SP,Sudeste,55+,2025-01-03
C04275,PE,Nordeste,55+,2024-07-12
C04276,RJ,Sudeste,45-54,2024-04-14
C04277,PE,Nordeste,45-54,2024-05-13
C04278,SP,Sudeste,35-44,2025-11-02
C04279,PR,Sul,35-44,2025-04-10
C04280,RS,Sul,35-44,2022-05-07
C04281,BA,Nordeste,45-54,2025-09-22
C04282,SP,Sudeste,18-24,2022-03-24
C04283,RJ,Sudeste,45-54,2024-10-06
C04284,SP,Sudeste,55+,2023-06-07
C04285,RS,Sul,25-34,2025-09-17
C04286,RS,Sul,35-44,2022-03-17
C04287,BA,Nordeste,35-44,2023-12-25
C04288,GO,Centro-Oeste,25-34,2022-01-03
C04289,RS,Sul,45-54,2025-09-08
C04290,PE,Nordeste,25-34,2025-07-12
C04291,SP,Sudeste,25-34,2022-10-28
C04292,RS,Sul,35-44,2025-08-07
C04293,CE,Nordeste,45-54,2022-03-02
C04294,PR,Sul,55+,2024-10-26
C04295,PE,Nordeste,18-24,2024-05-28
C04296,MG,Sudeste,18-24,2022-12-14
C04297,PA,Norte,25-34,2022-11-09
C04298,MG,Sudeste,45-54,2022-03-23
C04299,RJ,Sudeste,45-54,2023-09-05
C04300,SP,Sudeste,55+,2022-05-24
C04301,SC,Sul,45-54,2025-12-11
C04302,RJ,Sudeste,35-44,2024-10-08
C04303,BA,Nordeste,18-24,2023-09-13
C04304,GO,Centro-Oeste,35-44,2024-04-13
C04305,SC,Sul,18-24,2022-08-07
C04306,PA,Norte,35-44,2025-11-13
C04307,SC,Sul,25-34,2023-09-03
C04308,RJ,Sudeste,18-24,2024-02-09
C04309,BA,Nordeste,35-44,2023-12-27
C04310,PA,Norte,25-34,2023-12-03
C04311,PA,Norte,25-34,2022-04-12
C04312,SC,Sul,25-34,2025-03-24
C04313,MG,Sudeste,18-24,2025-05-20
C04314,RS,Sul,25-34,2023-08-30
C04315,SP,Sudeste,35-44,2024-07-02
C04316,SP,Sudeste,35-44,2025-01-30
C04317,SP,Sudeste,25-34,2024-07-18
C04318,RJ,Sudeste,35-44,2025-02-18
C04319,BA,Nordeste,35-44,2023-02-06
C04320,SP,Sudeste,55+,2024-01-02
C04321,SP,Sudeste,55+,2023-07-07
C04322,RS,Sul,45-54,2024-10-15
C04323,SP,Sudeste,35-44,2022-11-11
C04324,SP,Sudeste,25-34,2025-09-12
C04325,PR,Sul,35-44,2024-08-22
C04326,SP,Sudeste,55+,2024-03-13
C04327,SC,Sul,45-54,2024-09-13
C04328,SP,Sudeste,25-34,2024-05-02
C04329,RS,Sul,25-34,2023-10-23
C04330,SP,Sudeste,25-34,2025-06-08
C04331,SP,Sudeste,35-44,2024-07-05
C04332,PE,Nordeste,25-34,2025-07-24
C04333,ES,Sudeste,55+,2024-06-11
C04334,RS,Sul,25-34,2025-07-21
C04335,DF,Centro-Oeste,18-24,2024-03-15
C04336,RS,Sul,35-44,2025-07-22
C04337,MG,Sudeste,35-44,2023-04-14
C04338,SP,Sudeste,55+,2023-09-22
C04339,RJ,Sudeste,45-54,2023-05-18
C04340,BA,Nordeste,35-44,2023-01-18
C04341,GO,Centro-Oeste,45-54,2025-03-16
C04342,RJ,Sudeste,35-44,2025-02-13
C04343,AM,Norte,25-34,2025-11-07
C04344,SP,Sudeste,55+,2025-07-28
C04345,SP,Sudeste,25-34,2023-06-02
C04346,RJ,Sudeste,35-44,2023-12-20
C04347,SP,Sudeste,55+,2024-07-01
C04348,MG,Sudeste,45-54,2023-07-11
C04349,PR,Sul,45-54,2024-07-20
C04350,CE,Nordeste,45-54,2022-06-25
C04351,SC,Sul,25-34,2025-06-12
C04352,CE,Nordeste,55+,2022-05-07
C04353,SP,Sudeste,35-44,2022-06-20
C04354,SP,Sudeste,25-34,2024-07-18
C04355,MG,Sudeste,45-54,2025-02-21
C04356,DF,Centro-Oeste,25-34,2024-04-29
C04357,SP,Sudeste,45-54,2024-05-22
C04358,AM,Norte,55+,2025-06-10
C04359,PR,Sul,25-34,2025-11-16
C04360,SP,Sudeste,25-34,2025-01-16
C04361,AM,Norte,55+,2024-01-05
C04362,DF,Centro-Oeste,35-44,2025-07-31
C04363,SP,Sudeste,18-24,2022-03-04
C04364,MG,Sudeste,35-44,2022-02-21
C04365,CE,Nordeste,55+,2024-02-04
C04366,RS,Sul,55+,2023-07-07
C04367,PR,Sul,45-54,2025-02-24
C04368,SP,Sudeste,35-44,2025-03-21
C04369,CE,Nordeste,35-44,2025-03-04
C04370,SC,Sul,35-44,2025-07-06
C04371,BA,Nordeste,18-24,2025-01-06
C04372,SP,Sudeste,35-44,2022-02-03
C04373,SP,Sudeste,55+,2024-08-21
C04374,RS,Sul,35-44,2025-08-01
C04375,RJ,Sudeste,55+,2023-12-17
C04376,PR,Sul,45-54,2024-12-23
C04377,RJ,Sudeste,35-44,2024-10-19
C04378,SP,Sudeste,45-54,2024-09-15
C04379,SP,Sudeste,25-34,2022-12-17
C04380,CE,Nordeste,45-54,2024-03-21
C04381,GO,Centro-Oeste,55+,2022-09-23
C04382,GO,Centro-Oeste,35-44,2024-06-06
C04383,PR,Sul,35-44,2023-07-23
C04384,GO,Centro-Oeste,25-34,2023-01-06
C04385,RS,Sul,55+,2023-09-04
C04386,PA,Norte,35-44,2022-05-10
C04387,RJ,Sudeste,35-44,2022-08-24
C04388,PA,Norte,18-24,2025-03-09
C04389,BA,Nordeste,25-34,2023-10-16
C04390,SP,Sudeste,45-54,2025-12-29
C04391,SP,Sudeste,45-54,2024-03-31
C04392,RJ,Sudeste,55+,2024-08-11
C04393,SP,Sudeste,18-24,2024-04-09
C04394,MG,Sudeste,25-34,2025-08-14
C04395,CE,Nordeste,55+,2022-09-25
C04396,GO,Centro-Oeste,35-44,2023-09-25
C04397,PE,Nordeste,45-54,2023-02-02
C04398,GO,Centro-Oeste,35-44,2025-05-26
C04399,MG,Sudeste,25-34,2023-07-13
C04400,MG,Sudeste,25-34,2023-01-15
C04401,SP,Sudeste,45-54,2024-08-22
C04402,PE,Nordeste,35-44,2024-01-16
C04403,PE,Nordeste,25-34,2022-08-07
C04404,BA,Nordeste,45-54,2024-01-09
C04405,SP,Sudeste,25-34,2024-03-16
C04406,RJ,Sudeste,25-34,2023-10-02
C04407,SC,Sul,45-54,2023-07-14
C04408,DF,Centro-Oeste,35-44,2025-06-02
C04409,RJ,Sudeste,25-34,2024-05-22
C04410,PR,Sul,25-34,2025-10-15
C04411,PR,Sul,55+,2023-11-29
C04412,MG,Sudeste,35-44,2024-12-19
C04413,MG,Sudeste,35-44,2024-05-30
C04414,BA,Nordeste,25-34,2025-06-12
C04415,RJ,Sudeste,45-54,2022-02-10
C04416,SP,Sudeste,35-44,2025-12-24
C04417,SP,Sudeste,25-34,2025-07-13
C04418,RJ,Sudeste,25-34,2024-01-17
C04419,MG,Sudeste,35-44,2022-06-06
C04420,MG,Sudeste,35-44,2023-11-30
C04421,SP,Sudeste,45-54,2025-01-24
C04422,RJ,Sudeste,55+,2023-04-08
C04423,RJ,Sudeste,45-54,2025-09-12
C04424,SP,Sudeste,45-54,2025-08-26
C04425,SP,Sudeste,25-34,2022-08-24
C04426,MG,Sudeste,45-54,2024-01-08
C04427,RN,Nordeste,55+,2025-10-31
C04428,CE,Nordeste,35-44,2025-12-05
C04429,CE,Nordeste,35-44,2023-11-06
C04430,ES,Sudeste,45-54,2023-09-10
C04431,PE,Nordeste,25-34,2025-03-05
C04432,BA,Nordeste,25-34,2024-12-27
C04433,RS,Sul,35-44,2024-09-15
C04434,SP,Sudeste,18-24,2023-08-14
C04435,RN,Nordeste,35-44,2023-12-23
C04436,BA,Nordeste,25-34,2025-09-18
C04437,SP,Sudeste,25-34,2025-09-28
C04438,RJ,Sudeste,35-44,2025-09-21
C04439,SC,Sul,35-44,2025-01-16
C04440,RJ,Sudeste,25-34,2024-10-14
C04441,MG,Sudeste,55+,2022-12-14
C04442,SP,Sudeste,18-24,2024-03-04
C04443,SP,Sudeste,35-44,2025-05-09
C04444,ES,Sudeste,35-44,2023-08-02
C04445,GO,Centro-Oeste,35-44,2023-01-15
C04446,PR,Sul,25-34,2023-10-13
C04447,RJ,Sudeste,45-54,2025-03-06
C04448,SP,Sudeste,45-54,2022-07-16
C04449,SP,Sudeste,25-34,2023-11-15
C04450,SP,Sudeste,25-34,2022-06-11
C04451,SP,Sudeste,25-34,2022-08-14
C04452,GO,Centro-Oeste,35-44,2024-05-06
C04453,GO,Centro-Oeste,25-34,2025-08-14
C04454,BA,Nordeste,55+,2023-11-01
C04455,RJ,Sudeste,35-44,2025-03-31
C04456,MG,Sudeste,45-54,2025-10-17
C04457,PR,Sul,25-34,2022-06-09
C04458,CE,Nordeste,25-34,2025-07-08
C04459,SP,Sudeste,45-54,2023-12-19
C04460,PE,Nordeste,25-34,2023-05-06
C04461,SC,Sul,25-34,2024-04-17
C04462,RJ,Sudeste,45-54,2023-01-09
C04463,SP,Sudeste,25-34,2025-03-01
C04464,SP,Sudeste,55+,2023-11-21
C04465,PR,Sul,18-24,2024-12-14
C04466,SP,Sudeste,18-24,2025-03-10
C04467,SP,Sudeste,25-34,2025-12-15
C04468,BA,Nordeste,35-44,2024-11-19
C04469,RJ,Sudeste,35-44,2022-05-03
C04470,GO,Centro-Oeste,35-44,2023-02-08
C04471,PE,Nordeste,25-34,2025-04-22
C04472,MG,Sudeste,35-44,2025-10-10
C04473,SP,Sudeste,35-44,2024-05-10
C04474,RJ,Sudeste,25-34,2024-09-19
C04475,RS,Sul,35-44,2025-05-19
C04476,ES,Sudeste,25-34,2025-05-06
C04477,MG,Sudeste,45-54,2024-06-16
C04478,MG,Sudeste,35-44,2022-07-04
C04479,SP,Sudeste,55+,2025-09-24
C04480,SP,Sudeste,45-54,2024-09-29
C04481,RJ,Sudeste,35-44,2023-03-09
C04482,DF,Centro-Oeste,55+,2022-10-06
C04483,BA,Nordeste,25-34,2024-03-15
C04484,MG,Sudeste,35-44,2024-04-17
C04485,SP,Sudeste,45-54,2025-09-27
C04486,MG,Sudeste,35-44,2024-01-16
C04487,PR,Sul,35-44,2024-01-28
C04488,PE,Nordeste,18-24,2024-01-06
C04489,RJ,Sudeste,25-34,2024-02-02
C04490,SP,Sudeste,25-34,2024-08-21
C04491,SP,Sudeste,25-34,2024-06-01
C04492,PR,Sul,35-44,2023-05-13
C04493,RJ,Sudeste,55+,2025-09-04
C04494,RS,Sul,55+,2024-11-13
C04495,CE,Nordeste,55+,2025-04-04
C04496,MG,Sudeste,35-44,2024-08-23
C04497,SP,Sudeste,25-34,2024-04-11
C04498,MT,Centro-Oeste,35-44,2022-03-21
C04499,CE,Nordeste,35-44,2025-01-29
C04500,SP,Sudeste,45-54,2023-08-26
C04501,SP,Sudeste,25-34,2025-09-16
C04502,RS,Sul,18-24,2025-03-08
C04503,MG,Sudeste,25-34,2023-08-13
C04504,RN,Nordeste,45-54,2024-05-20
C04505,PA,Norte,55+,2023-12-21
C04506,SP,Sudeste,45-54,2023-08-10
C04507,RJ,Sudeste,45-54,2023-10-19
C04508,DF,Centro-Oeste,25-34,2024-01-22
C04509,SP,Sudeste,18-24,2025-10-16
C04510,SP,Sudeste,25-34,2023-08-17
C04511,DF,Centro-Oeste,35-44,2024-01-21
C04512,MG,Sudeste,35-44,2024-01-26
C04513,RJ,Sudeste,25-34,2025-02-28
C04514,RS,Sul,25-34,2021-12-26
C04515,RS,Sul,55+,2025-08-11
C04516,SP,Sudeste,25-34,2025-03-01
C04517,RJ,Sudeste,35-44,2025-08-24
C04518,RJ,Sudeste,25-34,2023-09-23
C04519,DF,Centro-Oeste,25-34,2025-03-20
C04520,RJ,Sudeste,35-44,2024-05-12
C04521,SP,Sudeste,55+,2025-10-17
C04522,MG,Sudeste,45-54,2025-09-11
C04523,PE,Nordeste,35-44,2023-11-30
C04524,RJ,Sudeste,35-44,2025-10-02
C04525,BA,Nordeste,45-54,2025-08-31
C04526,MG,Sudeste,25-34,2025-12-07
C04527,SP,Sudeste,25-34,2024-04-12
C04528,SP,Sudeste,35-44,2023-06-13
C04529,MG,Sudeste,35-44,2024-04-08
C04530,SP,Sudeste,45-54,2025-05-27
C04531,GO,Centro-Oeste,25-34,2024-07-28
C04532,PR,Sul,25-34,2025-01-12
C04533,MG,Sudeste,35-44,2023-07-30
C04534,SP,Sudeste,35-44,2022-08-18
C04535,SP,Sudeste,25-34,2024-10-12
C04536,SP,Sudeste,18-24,2025-01-24
C04537,SP,Sudeste,25-34,2022-06-09
C04538,CE,Nordeste,25-34,2024-08-03
C04539,SP,Sudeste,25-34,2024-03-25
C04540,SP,Sudeste,25-34,2023-04-17
C04541,ES,Sudeste,25-34,2023-12-08
C04542,PR,Sul,25-34,2025-04-11
C04543,SP,Sudeste,25-34,2025-09-12
C04544,SP,Sudeste,45-54,2024-09-08
C04545,SP,Sudeste,45-54,2024-07-24
C04546,ES,Sudeste,45-54,2025-12-17
C04547,SP,Sudeste,25-34,2024-11-06
C04548,RJ,Sudeste,25-34,2025-04-22
C04549,SP,Sudeste,45-54,2023-06-18
C04550,RJ,Sudeste,18-24,2025-06-03
C04551,SP,Sudeste,25-34,2023-01-19
C04552,SP,Sudeste,55+,2025-05-05
C04553,PR,Sul,25-34,2025-06-28
C04554,GO,Centro-Oeste,45-54,2025-09-11
C04555,SP,Sudeste,35-44,2022-07-22
C04556,SP,Sudeste,25-34,2022-07-14
C04557,SP,Sudeste,35-44,2024-07-12
C04558,MT,Centro-Oeste,25-34,2024-08-10
C04559,MG,Sudeste,45-54,2024-10-15
C04560,RS,Sul,35-44,2024-12-15
C04561,RJ,Sudeste,25-34,2025-08-24
C04562,MG,Sudeste,45-54,2024-01-20
C04563,RJ,Sudeste,25-34,2024-06-29
C04564,SC,Sul,25-34,2023-04-03
C04565,PE,Nordeste,35-44,2024-11-02
C04566,PR,Sul,35-44,2022-07-22
C04567,GO,Centro-Oeste,35-44,2022-05-30
C04568,RJ,Sudeste,35-44,2025-06-04
C04569,PA,Norte,25-34,2024-11-01
C04570,SP,Sudeste,25-34,2022-07-22
C04571,PE,Nordeste,45-54,2024-03-22
C04572,MG,Sudeste,45-54,2024-04-08
C04573,RJ,Sudeste,35-44,2023-01-11
C04574,SP,Sudeste,25-34,2024-02-09
C04575,SP,Sudeste,55+,2023-11-29
C04576,RJ,Sudeste,45-54,2023-05-11
C04577,DF,Centro-Oeste,35-44,2024-05-02
C04578,SP,Sudeste,25-34,2023-03-10
C04579,SP,Sudeste,45-54,2023-08-21
C04580,SP,Sudeste,18-24,2025-03-06
C04581,SP,Sudeste,25-34,2024-11-11
C04582,RJ,Sudeste,35-44,2023-09-13
C04583,MG,Sudeste,25-34,2024-07-02
C04584,PR,Sul,18-24,2025-11-17
C04585,SP,Sudeste,25-34,2025-09-14
C04586,SP,Sudeste,35-44,2024-07-30
C04587,SC,Sul,18-24,2024-10-27
C04588,SP,Sudeste,25-34,2022-08-27
C04589,DF,Centro-Oeste,35-44,2025-05-25
C04590,SP,Sudeste,45-54,2025-02-23
C04591,SP,Sudeste,25-34,2025-05-19
C04592,PR,Sul,25-34,2023-12-25
C04593,SP,Sudeste,55+,2025-07-01
C04594,SP,Sudeste,18-24,2025-12-12
C04595,SP,Sudeste,45-54,2024-09-10
C04596,SP,Sudeste,45-54,2023-10-12
C04597,SP,Sudeste,25-34,2023-10-28
C04598,RJ,Sudeste,18-24,2025-01-11
C04599,SP,Sudeste,35-44,2025-02-01
C04600,SP,Sudeste,35-44,2024-09-24
C04601,GO,Centro-Oeste,25-34,2023-08-13
C04602,PR,Sul,35-44,2025-11-15
C04603,SP,Sudeste,25-34,2025-08-02
C04604,SP,Sudeste,25-34,2023-10-25
C04605,CE,Nordeste,45-54,2025-01-23
C04606,MG,Sudeste,25-34,2023-05-23
C04607,RS,Sul,45-54,2022-11-27
C04608,RJ,Sudeste,18-24,2024-08-11
C04609,BA,Nordeste,45-54,2023-08-28
C04610,MG,Sudeste,25-34,2025-08-25
C04611,SP,Sudeste,35-44,2023-04-02
C04612,SP,Sudeste,45-54,2024-03-28
C04613,RS,Sul,25-34,2025-09-16
C04614,RS,Sul,35-44,2024-06-28
C04615,MG,Sudeste,45-54,2025-05-14
C04616,SC,Sul,25-34,2022-06-29
C04617,SP,Sudeste,35-44,2024-05-26
C04618,RJ,Sudeste,35-44,2024-06-04
C04619,SP,Sudeste,35-44,2022-07-13
C04620,PE,Nordeste,35-44,2024-09-28
C04621,ES,Sudeste,25-34,2025-11-25
C04622,RJ,Sudeste,45-54,2023-05-17
C04623,AM,Norte,25-34,2022-12-01
C04624,SP,Sudeste,25-34,2023-07-17
C04625,PR,Sul,35-44,2024-09-03
C04626,SP,Sudeste,35-44,2025-03-22
C04627,SP,Sudeste,35-44,2023-09-12
C04628,RJ,Sudeste,18-24,2023-08-29
C04629,BA,Nordeste,18-24,2023-11-21
C04630,BA,Nordeste,35-44,2022-11-15
C04631,RJ,Sudeste,25-34,2024-04-24
C04632,RJ,Sudeste,18-24,2023-09-20
C04633,PE,Nordeste,25-34,2024-04-11
C04634,SP,Sudeste,35-44,2025-07-06
C04635,PE,Nordeste,35-44,2023-08-19
C04636,DF,Centro-Oeste,25-34,2025-06-29
C04637,CE,Nordeste,45-54,2023-09-26
C04638,SC,Sul,35-44,2024-12-17
C04639,SC,Sul,25-34,2022-05-01
C04640,RS,Sul,25-34,2022-11-07
C04641,RJ,Sudeste,45-54,2024-05-15
C04642,BA,Nordeste,25-34,2023-07-07
C04643,BA,Nordeste,55+,2024-06-22
C04644,GO,Centro-Oeste,25-34,2024-10-03
C04645,RS,Sul,35-44,2024-03-30
C04646,AM,Norte,35-44,2024-10-23
C04647,PE,Nordeste,25-34,2025-04-20
C04648,BA,Nordeste,25-34,2022-04-26
C04649,MG,Sudeste,45-54,2024-11-23
C04650,RJ,Sudeste,18-24,2022-12-18
C04651,RJ,Sudeste,55+,2023-12-07
C04652,ES,Sudeste,45-54,2023-08-03
C04653,BA,Nordeste,18-24,2024-10-22
C04654,RJ,Sudeste,55+,2024-04-11
C04655,RJ,Sudeste,35-44,2023-04-24
C04656,CE,Nordeste,45-54,2023-06-07
C04657,MG,Sudeste,35-44,2023-11-14
C04658,SP,Sudeste,25-34,2025-02-27
C04659,PE,Nordeste,18-24,2023-07-26
C04660,DF,Centro-Oeste,25-34,2023-11-08
C04661,SC,Sul,18-24,2024-12-18
C04662,SP,Sudeste,25-34,2023-07-03
C04663,SP,Sudeste,25-34,2024-12-05
C04664,BA,Nordeste,55+,2022-01-29
C04665,MG,Sudeste,45-54,2025-02-08
C04666,SP,Sudeste,35-44,2024-08-16
C04667,PE,Nordeste,55+,2025-09-12
C04668,RJ,Sudeste,25-34,2024-03-01
C04669,SP,Sudeste,25-34,2024-02-12
C04670,SP,Sudeste,25-34,2022-05-08
C04671,SP,Sudeste,18-24,2025-09-15
C04672,SP,Sudeste,45-54,2023-06-12
C04673,SP,Sudeste,45-54,2024-08-14
C04674,SP,Sudeste,45-54,2023-02-19
C04675,PE,Nordeste,35-44,2022-01-24
C04676,MG,Sudeste,35-44,2024-07-29
C04677,SP,Sudeste,25-34,2024-09-29
C04678,RJ,Sudeste,25-34,2024-05-03
C04679,SP,Sudeste,35-44,2025-08-17
C04680,PE,Nordeste,45-54,2023-10-12
C04681,SP,Sudeste,35-44,2023-03-10
C04682,BA,Nordeste,25-34,2025-11-01
C04683,MG,Sudeste,35-44,2023-08-08
C04684,SC,Sul,25-34,2022-06-06
C04685,RJ,Sudeste,25-34,2025-09-16
C04686,MG,Sudeste,25-34,2024-03-24
C04687,PE,Nordeste,45-54,2024-10-19
C04688,SP,Sudeste,25-34,2022-11-05
C04689,CE,Nordeste,55+,2023-03-05
C04690,SC,Sul,18-24,2022-01-09
C04691,PR,Sul,45-54,2024-04-27
C04692,SP,Sudeste,35-44,2024-06-03
C04693,RS,Sul,25-34,2023-08-23
C04694,PR,Sul,55+,2025-05-27
C04695,RJ,Sudeste,45-54,2025-03-28
C04696,SP,Sudeste,25-34,2022-07-29
C04697,SP,Sudeste,45-54,2022-05-29
C04698,RS,Sul,55+,2022-06-15
C04699,PR,Sul,35-44,2022-06-07
C04700,BA,Nordeste,55+,2025-03-11
C04701,SP,Sudeste,25-34,2024-02-17
C04702,BA,Nordeste,45-54,2025-02-23
C04703,SP,Sudeste,35-44,2024-09-07
C04704,SP,Sudeste,55+,2025-04-03
C04705,MG,Sudeste,18-24,2023-05-11
C04706,PA,Norte,35-44,2025-09-11
C04707,RS,Sul,25-34,2025-08-23
C04708,MG,Sudeste,25-34,2023-11-02
C04709,RJ,Sudeste,45-54,2025-07-14
C04710,MG,Sudeste,35-44,2022-09-02
C04711,CE,Nordeste,45-54,2023-08-09
C04712,SP,Sudeste,25-34,2022-02-01
C04713,BA,Nordeste,25-34,2025-07-20
C04714,RN,Nordeste,55+,2023-09-13
C04715,SP,Sudeste,35-44,2024-12-07
C04716,PA,Norte,35-44,2025-08-01
C04717,RJ,Sudeste,35-44,2025-12-31
C04718,SP,Sudeste,45-54,2023-12-15
C04719,SP,Sudeste,35-44,2025-07-04
C04720,SP,Sudeste,35-44,2025-12-23
C04721,MG,Sudeste,55+,2024-03-17
C04722,SP,Sudeste,18-24,2023-06-13
C04723,SP,Sudeste,35-44,2022-03-28
C04724,RJ,Sudeste,55+,2025-08-30
C04725,SP,Sudeste,55+,2024-11-30
C04726,SC,Sul,45-54,2025-11-17
C04727,RJ,Sudeste,45-54,2024-03-14
C04728,PR,Sul,55+,2024-05-02
C04729,SP,Sudeste,35-44,2022-10-19
C04730,SP,Sudeste,18-24,2025-10-11
C04731,RS,Sul,25-34,2025-08-02
C04732,SP,Sudeste,25-34,2025-02-14
C04733,SP,Sudeste,55+,2025-10-25
C04734,PA,Norte,25-34,2023-07-08
C04735,RS,Sul,25-34,2025-12-17
C04736,SP,Sudeste,18-24,2025-11-05
C04737,PA,Norte,18-24,2024-02-16
C04738,SP,Sudeste,18-24,2024-06-29
C04739,SP,Sudeste,25-34,2023-02-24
C04740,SP,Sudeste,25-34,2024-01-05
C04741,SC,Sul,25-34,2023-07-18
C04742,SP,Sudeste,45-54,2025-01-29
C04743,BA,Nordeste,35-44,2025-09-11
C04744,MG,Sudeste,25-34,2024-05-05
C04745,CE,Nordeste,25-34,2024-11-02
C04746,PR,Sul,35-44,2022-01-11
C04747,DF,Centro-Oeste,35-44,2025-03-12
C04748,SP,Sudeste,35-44,2023-10-18
C04749,CE,Nordeste,35-44,2025-03-23
C04750,PA,Norte,25-34,2022-08-11
C04751,MG,Sudeste,45-54,2025-05-24
C04752,CE,Nordeste,45-54,2025-05-09
C04753,MG,Sudeste,25-34,2025-04-26
C04754,CE,Nordeste,35-44,2024-11-19
C04755,ES,Sudeste,45-54,2023-07-25
C04756,PA,Norte,18-24,2023-11-15
C04757,DF,Centro-Oeste,25-34,2025-05-27
C04758,GO,Centro-Oeste,35-44,2024-01-11
C04759,RS,Sul,25-34,2022-12-12
C04760,PR,Sul,25-34,2023-07-31
C04761,SP,Sudeste,45-54,2024-09-25
C04762,SC,Sul,35-44,2023-08-23
C04763,SP,Sudeste,55+,2023-10-14
C04764,GO,Centro-Oeste,25-34,2024-08-10
C04765,PE,Nordeste,25-34,2023-04-07
C04766,MG,Sudeste,35-44,2024-04-07
C04767,SP,Sudeste,45-54,2024-01-24
C04768,RJ,Sudeste,35-44,2024-08-20
C04769,SP,Sudeste,45-54,2025-07-16
C04770,SP,Sudeste,45-54,2022-02-11
C04771,RJ,Sudeste,35-44,2025-07-10
C04772,GO,Centro-Oeste,25-34,2025-01-29
C04773,AM,Norte,35-44,2023-04-12
C04774,SP,Sudeste,35-44,2022-06-24
C04775,DF,Centro-Oeste,55+,2025-02-18
C04776,GO,Centro-Oeste,35-44,2022-09-13
C04777,MG,Sudeste,55+,2022-07-07
C04778,RS,Sul,45-54,2024-11-21
C04779,SP,Sudeste,35-44,2023-02-03
C04780,RJ,Sudeste,55+,2024-05-16
C04781,ES,Sudeste,45-54,2025-10-16
C04782,SP,Sudeste,35-44,2024-09-15
C04783,ES,Sudeste,45-54,2023-02-05
C04784,MG,Sudeste,25-34,2024-06-13
C04785,SP,Sudeste,25-34,2024-05-11
C04786,RJ,Sudeste,55+,2024-05-22
C04787,SP,Sudeste,35-44,2024-11-12
C04788,SP,Sudeste,25-34,2025-12-08
C04789,SP,Sudeste,45-54,2022-07-02
C04790,RS,Sul,35-44,2023-05-06
C04791,SC,Sul,25-34,2024-07-23
C04792,SP,Sudeste,25-34,2025-03-11
C04793,RJ,Sudeste,35-44,2024-03-25
C04794,SP,Sudeste,18-24,2024-01-07
C04795,SP,Sudeste,45-54,2025-03-08
C04796,SP,Sudeste,35-44,2022-03-02
C04797,RJ,Sudeste,45-54,2022-11-23
C04798,SP,Sudeste,25-34,2023-06-07
C04799,RJ,Sudeste,35-44,2023-10-28
C04800,RJ,Sudeste,25-34,2024-11-29
C04801,CE,Nordeste,35-44,2025-10-06
C04802,SP,Sudeste,55+,2024-09-23
C04803,BA,Nordeste,25-34,2025-01-14
C04804,CE,Nordeste,18-24,2024-01-06
C04805,SP,Sudeste,45-54,2024-07-31
C04806,ES,Sudeste,45-54,2022-07-23
C04807,RS,Sul,45-54,2023-02-08
C04808,PR,Sul,18-24,2023-09-27
C04809,SP,Sudeste,55+,2021-12-30
C04810,RJ,Sudeste,45-54,2022-12-02
C04811,PR,Sul,18-24,2023-09-26
C04812,RJ,Sudeste,55+,2023-06-07
C04813,SP,Sudeste,35-44,2024-04-13
C04814,SP,Sudeste,25-34,2024-07-15
C04815,SP,Sudeste,45-54,2023-08-12
C04816,SP,Sudeste,25-34,2024-11-13
C04817,SP,Sudeste,45-54,2022-03-28
C04818,RJ,Sudeste,18-24,2024-02-18
C04819,PA,Norte,35-44,2025-03-08
C04820,BA,Nordeste,45-54,2023-12-17
C04821,ES,Sudeste,25-34,2024-10-01
C04822,SP,Sudeste,45-54,2025-10-25
C04823,RJ,Sudeste,25-34,2025-04-09
C04824,MG,Sudeste,25-34,2022-02-07
C04825,MT,Centro-Oeste,45-54,2023-10-01
C04826,SC,Sul,25-34,2023-11-19
C04827,SP,Sudeste,25-34,2024-06-12
C04828,GO,Centro-Oeste,25-34,2024-02-06
C04829,RJ,Sudeste,25-34,2023-06-07
C04830,MG,Sudeste,45-54,2025-01-20
C04831,PE,Nordeste,45-54,2025-11-02
C04832,SP,Sudeste,25-34,2024-09-24
C04833,RJ,Sudeste,18-24,2022-08-30
C04834,SP,Sudeste,35-44,2022-07-10
C04835,MG,Sudeste,18-24,2024-06-14
C04836,DF,Centro-Oeste,35-44,2023-03-10
C04837,SP,Sudeste,35-44,2024-07-01
C04838,MG,Sudeste,25-34,2023-11-08
C04839,DF,Centro-Oeste,45-54,2024-08-02
C04840,MG,Sudeste,25-34,2025-07-30
C04841,SP,Sudeste,18-24,2022-09-11
C04842,DF,Centro-Oeste,35-44,2023-12-16
C04843,RJ,Sudeste,25-34,2023-08-13
C04844,BA,Nordeste,35-44,2025-06-28
C04845,RS,Sul,35-44,2024-11-26
C04846,MG,Sudeste,45-54,2023-11-04
C04847,SC,Sul,25-34,2024-10-05
C04848,PA,Norte,55+,2022-11-30
C04849,RJ,Sudeste,35-44,2024-03-17
C04850,RJ,Sudeste,35-44,2025-11-06
C04851,PR,Sul,35-44,2022-10-26
C04852,SP,Sudeste,35-44,2025-11-12
C04853,MG,Sudeste,45-54,2023-09-28
C04854,RJ,Sudeste,45-54,2024-03-20
C04855,BA,Nordeste,25-34,2024-06-25
C04856,PE,Nordeste,25-34,2025-01-09
C04857,SP,Sudeste,18-24,2023-05-27
C04858,RS,Sul,18-24,2022-12-06
C04859,MG,Sudeste,25-34,2021-12-13
C04860,SP,Sudeste,35-44,2025-08-31
C04861,MT,Centro-Oeste,35-44,2025-05-29
C04862,CE,Nordeste,25-34,2025-05-09
C04863,SP,Sudeste,55+,2024-09-25
C04864,BA,Nordeste,35-44,2022-04-16
C04865,SP,Sudeste,35-44,2024-06-30
C04866,MG,Sudeste,55+,2025-07-11
C04867,RJ,Sudeste,55+,2025-03-29
C04868,PA,Norte,45-54,2023-11-15
C04869,GO,Centro-Oeste,25-34,2025-02-28
C04870,AM,Norte,25-34,2025-04-21
C04871,MG,Sudeste,18-24,2024-11-30
C04872,PA,Norte,35-44,2024-06-13
C04873,SC,Sul,25-34,2023-12-26
C04874,SC,Sul,25-34,2023-02-06
C04875,RJ,Sudeste,25-34,2024-10-13
C04876,CE,Nordeste,25-34,2022-03-06
C04877,AM,Norte,45-54,2025-08-24
C04878,SP,Sudeste,45-54,2025-11-16
C04879,MT,Centro-Oeste,55+,2025-12-06
C04880,SP,Sudeste,25-34,2022-06-18
C04881,DF,Centro-Oeste,25-34,2024-07-20
C04882,GO,Centro-Oeste,35-44,2024-05-01
C04883,SP,Sudeste,35-44,2023-06-16
C04884,PA,Norte,55+,2025-02-12
C04885,SP,Sudeste,45-54,2025-06-24
C04886,SP,Sudeste,35-44,2024-01-27
C04887,SP,Sudeste,35-44,2023-11-27
C04888,RS,Sul,25-34,2023-07-01
C04889,RJ,Sudeste,25-34,2022-07-08
C04890,RJ,Sudeste,35-44,2025-10-26
C04891,SP,Sudeste,25-34,2024-07-17
C04892,DF,Centro-Oeste,25-34,2022-11-12
C04893,GO,Centro-Oeste,55+,2023-03-13
C04894,RJ,Sudeste,35-44,2024-09-11
C04895,SP,Sudeste,18-24,2023-12-29
C04896,MT,Centro-Oeste,25-34,2024-05-31
C04897,DF,Centro-Oeste,18-24,2024-03-11
C04898,SP,Sudeste,25-34,2024-06-01
C04899,MG,Sudeste,35-44,2022-07-16
C04900,RJ,Sudeste,25-34,2022-10-08
C04901,DF,Centro-Oeste,25-34,2023-07-10
C04902,SP,Sudeste,35-44,2023-04-09
C04903,SP,Sudeste,35-44,2024-03-16
C04904,SP,Sudeste,55+,2025-11-20
C04905,ES,Sudeste,25-34,2023-12-08
C04906,SP,Sudeste,35-44,2024-12-08
C04907,RJ,Sudeste,25-34,2024-08-24
C04908,RJ,Sudeste,45-54,2024-06-20
C04909,SC,Sul,25-34,2024-03-31
C04910,PR,Sul,35-44,2025-02-13
C04911,RJ,Sudeste,35-44,2024-06-21
C04912,SP,Sudeste,35-44,2025-06-08
C04913,RJ,Sudeste,25-34,2023-03-11
C04914,RS,Sul,35-44,2025-07-12
C04915,RJ,Sudeste,35-44,2024-12-17
C04916,SP,Sudeste,25-34,2024-06-15
C04917,RN,Nordeste,25-34,2022-08-21
C04918,BA,Nordeste,35-44,2025-05-21
C04919,GO,Centro-Oeste,35-44,2024-05-21
C04920,BA,Nordeste,25-34,2025-02-28
C04921,PR,Sul,25-34,2023-07-28
C04922,RJ,Sudeste,35-44,2023-11-07
C04923,PE,Nordeste,55+,2024-06-24
C04924,SC,Sul,55+,2024-05-28
C04925,RS,Sul,25-34,2025-03-23
C04926,SP,Sudeste,45-54,2023-10-18
C04927,RJ,Sudeste,45-54,2023-05-31
C04928,MT,Centro-Oeste,35-44,2023-04-19
C04929,PE,Nordeste,45-54,2025-01-10
C04930,BA,Nordeste,25-34,2025-03-01
C04931,PR,Sul,18-24,2022-02-17
C04932,MG,Sudeste,35-44,2025-01-28
C04933,SP,Sudeste,55+,2024-01-18
C04934,MG,Sudeste,25-34,2022-05-19
C04935,PA,Norte,55+,2022-09-05
C04936,RS,Sul,18-24,2024-04-18
C04937,ES,Sudeste,25-34,2025-09-23
C04938,RJ,Sudeste,35-44,2024-03-05
C04939,MG,Sudeste,55+,2022-08-09
C04940,MG,Sudeste,45-54,2025-03-10
C04941,SC,Sul,25-34,2025-12-16
C04942,SP,Sudeste,25-34,2024-02-07
C04943,MG,Sudeste,18-24,2024-06-19
C04944,SP,Sudeste,25-34,2022-12-10
C04945,SP,Sudeste,25-34,2025-03-05
C04946,RJ,Sudeste,35-44,2022-09-08
C04947,SP,Sudeste,55+,2022-09-01
C04948,MG,Sudeste,35-44,2025-08-20
C04949,SC,Sul,25-34,2025-04-29
C04950,RS,Sul,25-34,2024-06-25
C04951,SP,Sudeste,18-24,2022-05-12
C04952,SP,Sudeste,25-34,2025-11-18
C04953,SC,Sul,35-44,2022-09-24
C04954,RS,Sul,45-54,2023-07-02
C04955,SP,Sudeste,45-54,2022-08-23
C04956,CE,Nordeste,25-34,2024-05-08
C04957,SP,Sudeste,25-34,2024-06-30
C04958,MG,Sudeste,35-44,2022-01-14
C04959,SC,Sul,25-34,2025-08-31
C04960,RJ,Sudeste,25-34,2023-11-15
C04961,RJ,Sudeste,25-34,2023-03-10
C04962,MG,Sudeste,18-24,2025-06-01
C04963,SP,Sudeste,35-44,2025-09-18
C04964,DF,Centro-Oeste,18-24,2022-07-06
C04965,PE,Nordeste,35-44,2025-07-24
C04966,MG,Sudeste,25-34,2023-05-22
C04967,PA,Norte,25-34,2022-05-15
C04968,SP,Sudeste,35-44,2025-12-02
C04969,RJ,Sudeste,25-34,2022-02-21
C04970,RJ,Sudeste,25-34,2023-01-12
C04971,BA,Nordeste,25-34,2023-09-10
C04972,SP,Sudeste,45-54,2023-07-13
C04973,RJ,Sudeste,25-34,2025-09-10
C04974,SP,Sudeste,35-44,2024-07-04
C04975,MG,Sudeste,25-34,2023-09-10
C04976,SP,Sudeste,35-44,2024-11-25
C04977,DF,Centro-Oeste,25-34,2025-02-27
C04978,SP,Sudeste,25-34,2024-09-20
C04979,MG,Sudeste,25-34,2023-09-19
C04980,PA,Norte,55+,2025-03-30
C04981,SP,Sudeste,25-34,2025-10-17
C04982,RN,Nordeste,25-34,2022-06-08
C04983,SP,Sudeste,25-34,2025-12-31
C04984,SC,Sul,55+,2024-07-10
C04985,RS,Sul,25-34,2023-05-19
C04986,SP,Sudeste,35-44,2024-05-08
C04987,BA,Nordeste,45-54,2025-01-03
C04988,SP,Sudeste,35-44,2025-01-10
C04989,GO,Centro-Oeste,55+,2025-04-20
C04990,ES,Sudeste,18-24,2024-05-23
C04991,SP,Sudeste,25-34,2023-10-28
C04992,RJ,Sudeste,35-44,2023-10-09
C04993,PR,Sul,25-34,2022-04-09
C04994,MT,Centro-Oeste,25-34,2024-08-03
C04995,SP,Sudeste,45-54,2023-01-04
C04996,RN,Nordeste,25-34,2022-04-29
C04997,DF,Centro-Oeste,25-34,2024-09-27
C04998,MG,Sudeste,25-34,2023-09-29
C04999,SP,Sudeste,18-24,2024-01-04
C05000,PR,Sul,18-24,2024-11-14
C05001,SP,Sudeste,45-54,2023-11-24
C05002,GO,Centro-Oeste,25-34,2023-12-03
C05003,SP,Sudeste,25-34,2025-05-16
C05004,SP,Sudeste,35-44,2025-10-30
C05005,SC,Sul,25-34,2023-10-27
C05006,SP,Sudeste,35-44,2025-11-06
C05007,PE,Nordeste,35-44,2023-05-14
C05008,MG,Sudeste,25-34,2023-03-12
C05009,GO,Centro-Oeste,55+,2023-05-16
C05010,PR,Sul,35-44,2022-07-19
C05011,SP,Sudeste,25-34,2023-01-05
C05012,SP,Sudeste,25-34,2022-05-28
C05013,SP,Sudeste,25-34,2024-07-08
C05014,GO,Centro-Oeste,25-34,2023-08-20
C05015,AM,Norte,25-34,2023-09-01
C05016,SP,Sudeste,25-34,2022-06-09
C05017,GO,Centro-Oeste,35-44,2025-02-25
C05018,SP,Sudeste,45-54,2025-09-03
C05019,RJ,Sudeste,45-54,2025-08-13
C05020,AM,Norte,25-34,2023-11-21
C05021,SP,Sudeste,55+,2024-11-16
C05022,MG,Sudeste,25-34,2025-11-02
C05023,RJ,Sudeste,18-24,2023-03-23
C05024,SP,Sudeste,25-34,2022-05-17
C05025,MG,Sudeste,25-34,2023-07-17
C05026,PA,Norte,25-34,2023-04-13
C05027,RS,Sul,45-54,2025-02-19
C05028,SP,Sudeste,55+,2024-02-05
C05029,DF,Centro-Oeste,45-54,2024-02-23
C05030,SP,Sudeste,35-44,2024-08-24
C05031,MG,Sudeste,18-24,2025-07-05
C05032,MG,Sudeste,35-44,2025-03-08
C05033,SC,Sul,35-44,2025-01-05
C05034,RJ,Sudeste,55+,2022-02-08
C05035,GO,Centro-Oeste,55+,2023-11-28
C05036,RJ,Sudeste,25-34,2022-06-01
C05037,AM,Norte,25-34,2024-01-06
C05038,BA,Nordeste,25-34,2025-01-12
C05039,SP,Sudeste,35-44,2023-11-22
C05040,RJ,Sudeste,25-34,2022-06-30
C05041,PE,Nordeste,25-34,2024-10-26
C05042,DF,Centro-Oeste,55+,2022-02-06
C05043,DF,Centro-Oeste,45-54,2022-05-20
C05044,BA,Nordeste,35-44,2025-12-22
C05045,SC,Sul,25-34,2024-05-07
C05046,RS,Sul,55+,2022-03-14
C05047,PR,Sul,25-34,2025-02-06
C05048,PA,Norte,35-44,2025-04-14
C05049,SP,Sudeste,25-34,2025-02-11
C05050,SP,Sudeste,18-24,2024-10-01
C05051,PA,Norte,25-34,2023-02-16
C05052,ES,Sudeste,35-44,2023-02-16
C05053,RJ,Sudeste,55+,2025-12-16
C05054,SP,Sudeste,35-44,2022-03-08
C05055,RJ,Sudeste,25-34,2022-11-20
C05056,RJ,Sudeste,45-54,2025-02-01
C05057,RS,Sul,45-54,2024-11-21
C05058,SC,Sul,35-44,2024-01-10
C05059,CE,Nordeste,18-24,2024-05-31
C05060,RJ,Sudeste,45-54,2025-12-31
C05061,MG,Sudeste,35-44,2023-12-25
C05062,RS,Sul,25-34,2023-02-25
C05063,SP,Sudeste,55+,2024-09-07
C05064,SP,Sudeste,55+,2023-12-10
C05065,SP,Sudeste,25-34,2025-08-17
C05066,RJ,Sudeste,45-54,2022-11-07
C05067,ES,Sudeste,35-44,2023-02-04
C05068,PA,Norte,25-34,2023-11-14
C05069,PR,Sul,18-24,2025-09-07
C05070,SP,Sudeste,18-24,2024-11-06
C05071,SP,Sudeste,45-54,2023-05-20
C05072,PE,Nordeste,35-44,2023-04-04
C05073,BA,Nordeste,18-24,2023-06-23
C05074,BA,Nordeste,25-34,2025-08-26
C05075,MG,Sudeste,25-34,2024-04-27
C05076,SP,Sudeste,45-54,2022-11-18
C05077,SP,Sudeste,45-54,2022-08-30
C05078,BA,Nordeste,35-44,2023-10-19
C05079,RS,Sul,18-24,2024-06-11
C05080,SP,Sudeste,55+,2025-09-25
C05081,SP,Sudeste,35-44,2024-03-09
C05082,SP,Sudeste,45-54,2022-07-26
C05083,SP,Sudeste,55+,2023-10-15
C05084,SP,Sudeste,25-34,2023-12-19
C05085,RJ,Sudeste,35-44,2024-04-17
C05086,SP,Sudeste,25-34,2025-10-07
C05087,RJ,Sudeste,55+,2025-03-07
C05088,RS,Sul,35-44,2025-04-01
C05089,MG,Sudeste,55+,2024-12-01
C05090,SP,Sudeste,35-44,2024-11-14
C05091,CE,Nordeste,25-34,2023-06-09
C05092,SP,Sudeste,45-54,2025-03-26
C05093,SP,Sudeste,55+,2024-09-07
C05094,RJ,Sudeste,55+,2023-04-10
C05095,RS,Sul,35-44,2022-03-28
C05096,PE,Nordeste,35-44,2024-04-22
C05097,ES,Sudeste,25-34,2023-10-04
C05098,SP,Sudeste,45-54,2022-11-20
C05099,MG,Sudeste,45-54,2022-12-23
C05100,SP,Sudeste,35-44,2025-08-18
C05101,SP,Sudeste,18-24,2025-12-09
C05102,RN,Nordeste,25-34,2022-02-17
C05103,MG,Sudeste,25-34,2025-02-22
C05104,RJ,Sudeste,18-24,2025-01-16
C05105,AM,Norte,18-24,2025-07-24
C05106,MT,Centro-Oeste,18-24,2023-11-29
C05107,MG,Sudeste,18-24,2024-06-05
C05108,SC,Sul,18-24,2022-06-13
C05109,MG,Sudeste,35-44,2023-03-11
C05110,BA,Nordeste,45-54,2025-08-19
C05111,PR,Sul,25-34,2025-06-16
C05112,SP,Sudeste,55+,2025-06-11
C05113,SP,Sudeste,35-44,2023-06-04
C05114,BA,Nordeste,18-24,2024-09-20
C05115,SP,Sudeste,45-54,2024-11-09
C05116,PE,Nordeste,25-34,2022-10-17
C05117,PE,Nordeste,45-54,2025-01-22
C05118,MG,Sudeste,35-44,2023-09-04
C05119,SP,Sudeste,45-54,2023-06-21
C05120,CE,Nordeste,25-34,2023-12-31
C05121,SP,Sudeste,35-44,2025-07-27
C05122,RJ,Sudeste,35-44,2025-11-17
C05123,PR,Sul,45-54,2025-05-14
C05124,MG,Sudeste,45-54,2022-03-25
C05125,SC,Sul,55+,2022-11-25
C05126,GO,Centro-Oeste,18-24,2022-07-03
C05127,PA,Norte,45-54,2025-05-21
C05128,RS,Sul,25-34,2023-11-24
C05129,RS,Sul,35-44,2024-01-28
C05130,DF,Centro-Oeste,18-24,2022-09-02
C05131,GO,Centro-Oeste,25-34,2022-09-12
C05132,DF,Centro-Oeste,35-44,2023-04-25
C05133,ES,Sudeste,35-44,2024-09-21
C05134,AM,Norte,35-44,2024-07-06
C05135,RJ,Sudeste,25-34,2023-06-12
C05136,MG,Sudeste,18-24,2025-04-09
C05137,MT,Centro-Oeste,35-44,2025-09-16
C05138,CE,Nordeste,35-44,2025-06-06
C05139,SP,Sudeste,45-54,2024-02-18
C05140,RS,Sul,18-24,2024-02-18
C05141,PR,Sul,25-34,2023-05-30
C05142,SP,Sudeste,35-44,2025-06-06
C05143,SP,Sudeste,25-34,2024-05-23
C05144,SC,Sul,25-34,2023-05-04
C05145,AM,Norte,35-44,2025-02-19
C05146,SP,Sudeste,35-44,2022-02-14
C05147,GO,Centro-Oeste,35-44,2024-09-27
C05148,SP,Sudeste,55+,2025-05-15
C05149,SC,Sul,35-44,2023-05-22
C05150,SP,Sudeste,45-54,2025-10-26
C05151,RS,Sul,25-34,2023-05-12
C05152,SP,Sudeste,35-44,2025-05-04
C05153,SP,Sudeste,55+,2024-01-21
C05154,RS,Sul,25-34,2025-02-27
C05155,MG,Sudeste,18-24,2023-11-03
C05156,SP,Sudeste,45-54,2022-10-13
C05157,MT,Centro-Oeste,35-44,2024-07-15
C05158,SP,Sudeste,18-24,2022-09-05
C05159,PR,Sul,18-24,2025-02-27
C05160,PR,Sul,25-34,2025-09-11
C05161,GO,Centro-Oeste,45-54,2023-06-07
C05162,DF,Centro-Oeste,35-44,2022-05-10
C05163,SP,Sudeste,35-44,2025-07-20
C05164,PR,Sul,35-44,2022-01-10
C05165,SP,Sudeste,55+,2024-11-12
C05166,RJ,Sudeste,35-44,2024-02-13
C05167,RJ,Sudeste,25-34,2022-03-15
C05168,RJ,Sudeste,55+,2025-12-11
C05169,RJ,Sudeste,35-44,2024-04-19
C05170,GO,Centro-Oeste,45-54,2025-04-13
C05171,BA,Nordeste,25-34,2025-01-19
C05172,MG,Sudeste,45-54,2024-05-13
C05173,RJ,Sudeste,35-44,2025-10-07
C05174,CE,Nordeste,18-24,2022-11-02
C05175,SP,Sudeste,35-44,2023-10-10
C05176,CE,Nordeste,55+,2024-07-23
C05177,GO,Centro-Oeste,45-54,2025-01-10
C05178,SP,Sudeste,55+,2023-09-01
C05179,RN,Nordeste,18-24,2023-06-28
C05180,SP,Sudeste,18-24,2023-10-07
C05181,PA,Norte,35-44,2025-04-06
C05182,SC,Sul,25-34,2022-08-01
C05183,SP,Sudeste,35-44,2025-10-30
C05184,SP,Sudeste,35-44,2025-12-31
C05185,SP,Sudeste,35-44,2024-09-19
C05186,RJ,Sudeste,35-44,2024-05-25
C05187,PR,Sul,35-44,2022-11-10
C05188,SP,Sudeste,25-34,2022-12-04
C05189,MG,Sudeste,35-44,2023-02-18
C05190,PE,Nordeste,45-54,2024-06-13
C05191,RS,Sul,55+,2024-04-05
C05192,MG,Sudeste,45-54,2023-12-17
C05193,SP,Sudeste,18-24,2025-11-03
C05194,RJ,Sudeste,45-54,2022-04-19
C05195,RJ,Sudeste,35-44,2025-03-25
C05196,SP,Sudeste,25-34,2022-12-04
C05197,PA,Norte,55+,2024-06-29
C05198,RS,Sul,55+,2025-04-29
C05199,RJ,Sudeste,25-34,2025-04-28
C05200,PE,Nordeste,55+,2023-06-09
C05201,PE,Nordeste,55+,2025-11-18
C05202,PR,Sul,35-44,2025-12-19
C05203,MG,Sudeste,35-44,2022-09-20
C05204,RJ,Sudeste,25-34,2024-08-13
C05205,RJ,Sudeste,25-34,2025-10-12
C05206,ES,Sudeste,35-44,2025-11-08
C05207,SP,Sudeste,18-24,2025-12-23
C05208,GO,Centro-Oeste,55+,2025-10-31
C05209,RJ,Sudeste,45-54,2025-03-20
C05210,MG,Sudeste,35-44,2023-07-02
C05211,BA,Nordeste,25-34,2023-04-18
C05212,SP,Sudeste,35-44,2025-01-16
C05213,SP,Sudeste,25-34,2023-05-11
C05214,RS,Sul,45-54,2022-07-19
C05215,PR,Sul,35-44,2024-03-09
C05216,PR,Sul,45-54,2022-06-22
C05217,SP,Sudeste,55+,2023-12-25
C05218,PR,Sul,25-34,2023-10-17
C05219,CE,Nordeste,25-34,2025-11-08
C05220,SP,Sudeste,25-34,2022-08-30
C05221,SP,Sudeste,25-34,2025-04-10
C05222,PA,Norte,45-54,2025-07-03
C05223,SP,Sudeste,18-24,2023-04-24
C05224,MG,Sudeste,45-54,2024-06-10
C05225,DF,Centro-Oeste,25-34,2022-08-23
C05226,SP,Sudeste,35-44,2023-12-28
C05227,PR,Sul,25-34,2023-10-03
C05228,PR,Sul,18-24,2025-03-26
C05229,SP,Sudeste,25-34,2023-03-28
C05230,MG,Sudeste,45-54,2023-10-23
C05231,BA,Nordeste,35-44,2022-12-13
C05232,AM,Norte,35-44,2024-05-01
C05233,SP,Sudeste,35-44,2025-10-11
C05234,CE,Nordeste,25-34,2024-07-30
C05235,SC,Sul,55+,2025-08-06
C05236,CE,Nordeste,35-44,2025-10-03
C05237,SP,Sudeste,18-24,2023-06-25
C05238,MG,Sudeste,25-34,2024-01-12
C05239,PR,Sul,18-24,2025-03-19
C05240,SP,Sudeste,45-54,2025-12-14
C05241,RN,Nordeste,55+,2025-08-15
C05242,GO,Centro-Oeste,35-44,2024-08-08
C05243,GO,Centro-Oeste,45-54,2024-05-13
C05244,SP,Sudeste,18-24,2022-12-28
C05245,MG,Sudeste,55+,2025-04-29
C05246,SC,Sul,35-44,2023-12-27
C05247,MG,Sudeste,35-44,2024-02-28
C05248,DF,Centro-Oeste,25-34,2022-11-12
C05249,SP,Sudeste,35-44,2025-09-06
C05250,MT,Centro-Oeste,25-34,2025-02-24
C05251,SP,Sudeste,55+,2023-03-08
C05252,BA,Nordeste,25-34,2024-01-10
C05253,PR,Sul,35-44,2025-07-05
C05254,SP,Sudeste,35-44,2023-09-18
C05255,ES,Sudeste,35-44,2023-10-07
C05256,SP,Sudeste,25-34,2024-09-11
C05257,MG,Sudeste,35-44,2025-01-07
C05258,SP,Sudeste,45-54,2024-07-28
C05259,MG,Sudeste,35-44,2022-11-28
C05260,GO,Centro-Oeste,35-44,2024-09-03
C05261,SP,Sudeste,35-44,2023-05-17
C05262,RJ,Sudeste,18-24,2025-12-27
C05263,SP,Sudeste,45-54,2023-10-03
C05264,ES,Sudeste,45-54,2024-12-20
C05265,SP,Sudeste,35-44,2024-12-20
C05266,CE,Nordeste,45-54,2024-05-14
C05267,GO,Centro-Oeste,35-44,2025-03-12
C05268,MG,Sudeste,25-34,2023-02-18
C05269,RN,Nordeste,25-34,2022-03-21
C05270,GO,Centro-Oeste,25-34,2025-11-29
C05271,PR,Sul,55+,2024-02-10
C05272,AM,Norte,25-34,2024-05-09
C05273,GO,Centro-Oeste,25-34,2025-11-11
C05274,MG,Sudeste,18-24,2025-09-07
C05275,MG,Sudeste,55+,2025-08-06
C05276,MG,Sudeste,35-44,2024-07-16
C05277,SP,Sudeste,55+,2024-01-05
C05278,MT,Centro-Oeste,45-54,2025-09-12
C05279,SP,Sudeste,25-34,2024-04-30
C05280,MT,Centro-Oeste,25-34,2023-07-13
C05281,RS,Sul,35-44,2023-06-18
C05282,GO,Centro-Oeste,25-34,2024-12-23
C05283,CE,Nordeste,25-34,2024-12-27
C05284,SP,Sudeste,25-34,2024-07-12
C05285,ES,Sudeste,25-34,2022-01-12
C05286,SP,Sudeste,25-34,2025-02-12
C05287,SP,Sudeste,35-44,2024-03-11
C05288,BA,Nordeste,25-34,2025-03-26
C05289,ES,Sudeste,55+,2025-03-13
C05290,GO,Centro-Oeste,25-34,2025-03-10
C05291,GO,Centro-Oeste,45-54,2023-08-04
C05292,RJ,Sudeste,25-34,2024-07-18
C05293,MG,Sudeste,18-24,2025-07-05
C05294,MG,Sudeste,35-44,2025-01-01
C05295,SP,Sudeste,55+,2024-07-27
C05296,SP,Sudeste,55+,2022-07-31
C05297,RS,Sul,35-44,2024-12-24
C05298,SP,Sudeste,25-34,2022-08-01
C05299,RJ,Sudeste,25-34,2022-12-29
C05300,MG,Sudeste,25-34,2022-12-26
C05301,PR,Sul,35-44,2024-11-10
C05302,PR,Sul,25-34,2025-06-24
C05303,MG,Sudeste,35-44,2023-08-10
C05304,RJ,Sudeste,18-24,2022-04-07
C05305,RJ,Sudeste,35-44,2025-07-14
C05306,BA,Nordeste,55+,2025-07-20
C05307,SP,Sudeste,45-54,2024-01-11
C05308,RJ,Sudeste,45-54,2023-05-11
C05309,BA,Nordeste,55+,2023-11-14
C05310,PE,Nordeste,35-44,2025-09-17
C05311,SC,Sul,55+,2025-12-20
C05312,PE,Nordeste,35-44,2025-02-25
C05313,GO,Centro-Oeste,45-54,2024-02-09
C05314,SP,Sudeste,25-34,2025-09-06
C05315,SP,Sudeste,35-44,2025-10-22
C05316,MG,Sudeste,45-54,2022-09-17
C05317,SP,Sudeste,35-44,2025-06-06
C05318,PA,Norte,35-44,2024-07-27
C05319,SP,Sudeste,35-44,2023-01-12
C05320,SC,Sul,25-34,2023-04-15
C05321,SP,Sudeste,45-54,2024-01-02
C05322,RJ,Sudeste,45-54,2023-07-16
C05323,RS,Sul,18-24,2025-08-03
C05324,SP,Sudeste,25-34,2023-02-04
C05325,SC,Sul,25-34,2025-05-09
C05326,SP,Sudeste,25-34,2025-03-25
C05327,RJ,Sudeste,35-44,2023-11-07
C05328,RS,Sul,45-54,2022-07-02
C05329,PE,Nordeste,18-24,2025-10-01
C05330,SP,Sudeste,25-34,2023-08-30
C05331,SP,Sudeste,25-34,2025-05-12
C05332,PE,Nordeste,35-44,2024-03-25
C05333,SC,Sul,55+,2025-02-22
C05334,RJ,Sudeste,35-44,2022-06-14
C05335,PR,Sul,35-44,2025-10-25
C05336,SP,Sudeste,35-44,2024-08-26
C05337,ES,Sudeste,25-34,2025-02-02
C05338,RJ,Sudeste,35-44,2023-07-28
C05339,SP,Sudeste,55+,2025-02-24
C05340,ES,Sudeste,35-44,2024-12-06
C05341,RJ,Sudeste,25-34,2023-11-10
C05342,SC,Sul,55+,2022-08-18
C05343,SP,Sudeste,45-54,2025-05-21
C05344,SP,Sudeste,35-44,2023-04-18
C05345,MG,Sudeste,25-34,2023-09-15
C05346,PE,Nordeste,18-24,2024-04-27
C05347,SP,Sudeste,18-24,2025-03-17
C05348,SP,Sudeste,35-44,2024-04-10
C05349,SP,Sudeste,55+,2022-10-18
C05350,MG,Sudeste,25-34,2025-10-07
C05351,BA,Nordeste,35-44,2023-11-03
C05352,SC,Sul,45-54,2024-07-18
C05353,SP,Sudeste,18-24,2022-10-13
C05354,MG,Sudeste,18-24,2023-09-09
C05355,RN,Nordeste,45-54,2025-11-14
C05356,RJ,Sudeste,35-44,2025-10-27
C05357,RS,Sul,45-54,2025-10-22
C05358,SP,Sudeste,35-44,2023-12-20
C05359,PR,Sul,35-44,2025-04-25
C05360,PR,Sul,18-24,2025-07-11
C05361,SP,Sudeste,35-44,2025-10-01
C05362,SP,Sudeste,18-24,2022-12-26
C05363,RJ,Sudeste,35-44,2023-11-15
C05364,RS,Sul,45-54,2024-03-29
C05365,SP,Sudeste,25-34,2025-07-28
C05366,RJ,Sudeste,45-54,2025-04-07
C05367,RJ,Sudeste,35-44,2025-03-07
C05368,SP,Sudeste,55+,2025-07-30
C05369,PE,Nordeste,25-34,2024-01-23
C05370,SP,Sudeste,55+,2024-09-06
C05371,SP,Sudeste,45-54,2023-03-29
C05372,SP,Sudeste,35-44,2025-06-28
C05373,MG,Sudeste,35-44,2023-01-24
C05374,CE,Nordeste,35-44,2023-06-29
C05375,MG,Sudeste,25-34,2023-11-12
C05376,BA,Nordeste,45-54,2024-02-12
C05377,PA,Norte,25-34,2025-02-24
C05378,DF,Centro-Oeste,35-44,2024-07-29
C05379,SC,Sul,35-44,2024-04-18
C05380,MG,Sudeste,35-44,2025-07-02
C05381,PR,Sul,45-54,2022-08-25
C05382,RJ,Sudeste,45-54,2025-07-28
C05383,RJ,Sudeste,25-34,2023-05-23
C05384,MG,Sudeste,55+,2024-06-21
C05385,PR,Sul,55+,2025-11-02
C05386,SP,Sudeste,18-24,2024-07-26
C05387,RJ,Sudeste,25-34,2024-08-06
C05388,SP,Sudeste,25-34,2022-07-28
C05389,SP,Sudeste,25-34,2025-12-08
C05390,DF,Centro-Oeste,18-24,2024-09-21
C05391,SP,Sudeste,45-54,2022-09-25
C05392,SC,Sul,18-24,2025-11-21
C05393,SP,Sudeste,25-34,2025-12-04
C05394,SP,Sudeste,45-54,2024-01-18
C05395,SP,Sudeste,25-34,2024-02-04
C05396,CE,Nordeste,45-54,2024-11-09
C05397,BA,Nordeste,25-34,2024-01-11
C05398,SP,Sudeste,55+,2024-10-25
C05399,RJ,Sudeste,35-44,2023-07-22
C05400,MG,Sudeste,25-34,2023-10-02
C05401,MT,Centro-Oeste,25-34,2025-08-28
C05402,SP,Sudeste,35-44,2023-06-29
C05403,SP,Sudeste,45-54,2025-09-24
C05404,SP,Sudeste,45-54,2025-01-07
C05405,SP,Sudeste,18-24,2024-06-23
C05406,PA,Norte,45-54,2025-03-15
C05407,SP,Sudeste,55+,2025-03-31
C05408,SP,Sudeste,25-34,2025-10-04
C05409,PR,Sul,35-44,2022-09-12
C05410,SP,Sudeste,35-44,2024-03-28
C05411,RJ,Sudeste,25-34,2025-06-28
C05412,SP,Sudeste,18-24,2025-05-11
C05413,PE,Nordeste,45-54,2025-08-20
C05414,RJ,Sudeste,35-44,2022-12-29
C05415,SP,Sudeste,45-54,2022-07-03
C05416,PE,Nordeste,45-54,2023-01-12
C05417,RJ,Sudeste,18-24,2025-02-07
C05418,BA,Nordeste,25-34,2024-02-26
C05419,SP,Sudeste,25-34,2025-11-22
C05420,SP,Sudeste,35-44,2025-07-02
C05421,SC,Sul,35-44,2024-07-29
C05422,PA,Norte,18-24,2023-12-03
C05423,MG,Sudeste,25-34,2025-12-31
C05424,PR,Sul,45-54,2023-12-30
C05425,SP,Sudeste,45-54,2023-02-20
C05426,SP,Sudeste,55+,2022-05-31
C05427,AM,Norte,45-54,2025-04-23
C05428,PR,Sul,55+,2023-11-02
C05429,SP,Sudeste,25-34,2022-08-25
C05430,SP,Sudeste,25-34,2024-05-08
C05431,GO,Centro-Oeste,25-34,2024-06-26
C05432,MT,Centro-Oeste,55+,2025-01-21
C05433,RJ,Sudeste,18-24,2024-12-18
C05434,DF,Centro-Oeste,25-34,2025-11-03
C05435,RJ,Sudeste,25-34,2025-09-21
C05436,RJ,Sudeste,25-34,2024-11-23
C05437,RS,Sul,18-24,2023-10-07
C05438,RJ,Sudeste,35-44,2022-12-31
C05439,ES,Sudeste,45-54,2023-12-09
C05440,RS,Sul,45-54,2025-12-06
C05441,DF,Centro-Oeste,35-44,2022-08-17
C05442,SP,Sudeste,55+,2025-08-09
C05443,MG,Sudeste,55+,2023-12-18
C05444,ES,Sudeste,55+,2025-06-09
C05445,PR,Sul,55+,2025-10-07
C05446,MG,Sudeste,45-54,2023-04-22
C05447,SP,Sudeste,18-24,2024-11-29
C05448,SP,Sudeste,25-34,2024-03-22
C05449,CE,Nordeste,18-24,2025-04-20
C05450,SC,Sul,35-44,2025-12-10
C05451,MG,Sudeste,35-44,2023-12-10
C05452,PR,Sul,25-34,2023-05-30
C05453,RS,Sul,35-44,2025-01-02
C05454,PR,Sul,25-34,2024-07-17
C05455,RS,Sul,35-44,2025-07-29
C05456,SP,Sudeste,55+,2023-03-28
C05457,SP,Sudeste,35-44,2025-12-16
C05458,CE,Nordeste,35-44,2022-12-13
C05459,SP,Sudeste,35-44,2024-02-19
C05460,SP,Sudeste,35-44,2025-06-18
C05461,RS,Sul,25-34,2025-04-20
C05462,SP,Sudeste,45-54,2022-12-11
C05463,SP,Sudeste,45-54,2023-11-22
C05464,RS,Sul,55+,2024-05-13
C05465,SP,Sudeste,25-34,2022-08-18
C05466,SP,Sudeste,25-34,2024-02-29
C05467,SC,Sul,35-44,2024-01-06
C05468,DF,Centro-Oeste,55+,2023-12-01
C05469,PE,Nordeste,18-24,2024-05-02
C05470,DF,Centro-Oeste,18-24,2023-01-22
C05471,ES,Sudeste,45-54,2025-08-02
C05472,PR,Sul,35-44,2025-12-01
C05473,SP,Sudeste,35-44,2025-06-14
C05474,RS,Sul,25-34,2023-06-30
C05475,SP,Sudeste,35-44,2024-12-03
C05476,ES,Sudeste,35-44,2023-03-14
C05477,MG,Sudeste,25-34,2023-01-09
C05478,SC,Sul,25-34,2023-04-16
C05479,MG,Sudeste,18-24,2022-07-15
C05480,RJ,Sudeste,25-34,2022-05-18
C05481,MG,Sudeste,25-34,2024-07-02
C05482,PR,Sul,25-34,2025-06-16
C05483,MT,Centro-Oeste,35-44,2023-05-13
C05484,SP,Sudeste,45-54,2025-03-10
C05485,RJ,Sudeste,25-34,2022-09-14
C05486,AM,Norte,18-24,2024-01-30
C05487,SP,Sudeste,25-34,2025-12-29
C05488,PA,Norte,25-34,2025-08-05
C05489,RJ,Sudeste,35-44,2022-12-28
C05490,SP,Sudeste,35-44,2023-02-13
C05491,SC,Sul,45-54,2024-09-17
C05492,SP,Sudeste,35-44,2025-07-27
C05493,SC,Sul,25-34,2025-04-21
C05494,SP,Sudeste,35-44,2024-03-01
C05495,RS,Sul,35-44,2023-06-08
C05496,SP,Sudeste,55+,2025-10-27
C05497,SP,Sudeste,45-54,2025-12-02
C05498,MG,Sudeste,35-44,2023-09-11
C05499,MG,Sudeste,25-34,2023-05-17
C05500,SP,Sudeste,45-54,2022-07-28
C05501,SP,Sudeste,55+,2022-11-10
C05502,MG,Sudeste,18-24,2022-03-18
C05503,RJ,Sudeste,45-54,2025-12-31
C05504,MG,Sudeste,35-44,2025-03-08
C05505,RJ,Sudeste,25-34,2025-09-03
C05506,MG,Sudeste,25-34,2023-09-14
C05507,SP,Sudeste,18-24,2022-01-29
C05508,RJ,Sudeste,55+,2022-06-09
C05509,SP,Sudeste,55+,2022-01-31
C05510,PE,Nordeste,35-44,2024-07-07
C05511,RJ,Sudeste,18-24,2023-03-09
C05512,SP,Sudeste,25-34,2022-03-26
C05513,RJ,Sudeste,35-44,2024-06-03
C05514,PE,Nordeste,45-54,2024-01-24
C05515,CE,Nordeste,35-44,2024-11-02
C05516,SP,Sudeste,55+,2023-12-07
C05517,MG,Sudeste,45-54,2022-08-26
C05518,PR,Sul,25-34,2025-08-23
C05519,CE,Nordeste,55+,2023-04-07
C05520,MG,Sudeste,18-24,2023-10-06
C05521,PR,Sul,35-44,2025-06-11
C05522,SP,Sudeste,35-44,2023-05-21
C05523,RJ,Sudeste,35-44,2024-01-25
C05524,PR,Sul,45-54,2024-04-19
C05525,SP,Sudeste,35-44,2023-11-13
C05526,PR,Sul,35-44,2025-07-21
C05527,RJ,Sudeste,35-44,2025-03-07
C05528,RJ,Sudeste,55+,2023-09-21
C05529,RJ,Sudeste,55+,2023-11-24
C05530,SP,Sudeste,35-44,2025-12-02
C05531,PR,Sul,35-44,2025-06-02
C05532,MG,Sudeste,25-34,2022-12-14
C05533,SP,Sudeste,25-34,2023-02-23
C05534,SP,Sudeste,55+,2023-03-22
C05535,RJ,Sudeste,55+,2022-05-30
C05536,SP,Sudeste,55+,2023-07-13
C05537,ES,Sudeste,25-34,2023-10-15
C05538,ES,Sudeste,35-44,2022-08-08
C05539,BA,Nordeste,25-34,2025-11-24
C05540,RS,Sul,25-34,2025-02-24
C05541,SP,Sudeste,55+,2024-04-07
C05542,SP,Sudeste,25-34,2024-12-28
C05543,RJ,Sudeste,25-34,2024-11-03
C05544,DF,Centro-Oeste,25-34,2023-03-02
C05545,SP,Sudeste,25-34,2025-11-23
C05546,SP,Sudeste,25-34,2025-10-04
C05547,RJ,Sudeste,55+,2024-10-26
C05548,PR,Sul,45-54,2023-12-11
C05549,SC,Sul,45-54,2022-11-15
C05550,SP,Sudeste,18-24,2023-08-21
C05551,CE,Nordeste,18-24,2025-11-24
C05552,SP,Sudeste,35-44,2023-09-24
C05553,SP,Sudeste,45-54,2022-09-22
C05554,GO,Centro-Oeste,18-24,2025-02-17
C05555,BA,Nordeste,35-44,2024-08-22
C05556,SP,Sudeste,35-44,2022-04-04
C05557,PR,Sul,25-34,2025-07-12
C05558,SP,Sudeste,35-44,2024-10-26
C05559,CE,Nordeste,18-24,2025-02-21
C05560,BA,Nordeste,45-54,2025-07-16
C05561,PE,Nordeste,55+,2023-10-29
C05562,SP,Sudeste,25-34,2022-11-11
C05563,RS,Sul,35-44,2024-01-05
C05564,BA,Nordeste,25-34,2024-11-09
C05565,BA,Nordeste,55+,2024-03-16
C05566,PR,Sul,35-44,2022-08-01
C05567,SP,Sudeste,45-54,2022-10-12
C05568,SP,Sudeste,25-34,2024-10-07
C05569,SP,Sudeste,45-54,2025-09-07
C05570,SP,Sudeste,55+,2025-05-21
C05571,PE,Nordeste,35-44,2024-10-03
C05572,SP,Sudeste,55+,2023-02-05
C05573,MG,Sudeste,45-54,2023-12-21
C05574,MG,Sudeste,25-34,2023-07-03
C05575,MG,Sudeste,35-44,2025-04-16
C05576,RJ,Sudeste,45-54,2023-12-13
C05577,PR,Sul,35-44,2025-02-13
C05578,RJ,Sudeste,35-44,2024-01-29
C05579,RJ,Sudeste,35-44,2025-02-18
C05580,SP,Sudeste,35-44,2023-02-08
C05581,SP,Sudeste,25-34,2023-01-23
C05582,AM,Norte,25-34,2024-09-11
C05583,GO,Centro-Oeste,35-44,2023-07-05
C05584,RS,Sul,35-44,2022-09-06
C05585,PA,Norte,55+,2024-01-27
C05586,BA,Nordeste,25-34,2025-11-02
C05587,SP,Sudeste,35-44,2023-07-19
C05588,GO,Centro-Oeste,25-34,2022-09-07
C05589,SP,Sudeste,35-44,2025-05-27
C05590,SP,Sudeste,55+,2024-02-26
C05591,MG,Sudeste,18-24,2022-02-27
C05592,MG,Sudeste,25-34,2023-12-29
C05593,SP,Sudeste,35-44,2022-12-04
C05594,MG,Sudeste,35-44,2025-06-13
C05595,SP,Sudeste,25-34,2024-06-13
C05596,SP,Sudeste,45-54,2022-09-21
C05597,RJ,Sudeste,35-44,2023-11-03
C05598,RN,Nordeste,45-54,2025-02-22
C05599,SP,Sudeste,45-54,2025-09-02
C05600,BA,Nordeste,55+,2024-06-04
C05601,MG,Sudeste,18-24,2024-12-18
C05602,SP,Sudeste,25-34,2024-07-21
C05603,PE,Nordeste,35-44,2024-08-03
C05604,RJ,Sudeste,45-54,2023-03-29
C05605,BA,Nordeste,25-34,2022-08-06
C05606,CE,Nordeste,45-54,2024-02-10
C05607,MG,Sudeste,25-34,2023-11-19
C05608,SP,Sudeste,55+,2024-03-23
C05609,MG,Sudeste,35-44,2025-07-04
C05610,SP,Sudeste,45-54,2025-02-07
C05611,MG,Sudeste,35-44,2024-07-03
C05612,GO,Centro-Oeste,35-44,2025-08-21
C05613,PE,Nordeste,35-44,2024-06-12
C05614,SP,Sudeste,45-54,2023-08-22
C05615,RJ,Sudeste,25-34,2024-07-12
C05616,SP,Sudeste,35-44,2023-09-21
C05617,RS,Sul,55+,2025-10-22
C05618,SC,Sul,45-54,2025-12-06
C05619,RN,Nordeste,35-44,2025-08-17
C05620,SP,Sudeste,45-54,2024-03-12
C05621,PR,Sul,35-44,2022-10-24
C05622,RJ,Sudeste,35-44,2025-09-24
C05623,PA,Norte,18-24,2022-09-24
C05624,SP,Sudeste,55+,2024-09-24
C05625,SP,Sudeste,35-44,2023-02-04
C05626,RJ,Sudeste,35-44,2022-10-04
C05627,SP,Sudeste,35-44,2024-05-29
C05628,SP,Sudeste,25-34,2023-01-13
C05629,SP,Sudeste,35-44,2025-09-14
C05630,SP,Sudeste,35-44,2022-03-07
C05631,SP,Sudeste,45-54,2024-03-16
C05632,PR,Sul,45-54,2024-09-22
C05633,SP,Sudeste,25-34,2023-11-01
C05634,CE,Nordeste,45-54,2024-10-21
C05635,GO,Centro-Oeste,25-34,2024-10-11
C05636,RJ,Sudeste,25-34,2022-08-26
C05637,PR,Sul,35-44,2022-08-08
C05638,SP,Sudeste,35-44,2023-11-20
C05639,RJ,Sudeste,25-34,2025-09-17
C05640,MG,Sudeste,35-44,2023-09-19
C05641,SP,Sudeste,45-54,2025-01-19
C05642,GO,Centro-Oeste,18-24,2023-08-21
C05643,SP,Sudeste,45-54,2025-05-28
C05644,SP,Sudeste,35-44,2024-08-01
C05645,SP,Sudeste,35-44,2022-10-24
C05646,SC,Sul,25-34,2022-06-15
C05647,PE,Nordeste,35-44,2024-05-10
C05648,MG,Sudeste,25-34,2022-06-08
C05649,PE,Nordeste,35-44,2021-12-13
C05650,GO,Centro-Oeste,45-54,2022-06-28
C05651,PR,Sul,45-54,2025-06-06
C05652,PR,Sul,45-54,2025-01-07
C05653,PR,Sul,25-34,2024-04-12
C05654,CE,Nordeste,35-44,2023-12-15
C05655,RJ,Sudeste,35-44,2025-08-06
C05656,SP,Sudeste,25-34,2023-07-15
C05657,MG,Sudeste,25-34,2023-04-07
C05658,GO,Centro-Oeste,35-44,2022-06-21
C05659,RS,Sul,25-34,2025-10-09
C05660,PA,Norte,45-54,2022-06-03
C05661,SC,Sul,45-54,2022-07-28
C05662,PR,Sul,25-34,2024-11-01
C05663,BA,Nordeste,35-44,2022-09-15
C05664,BA,Nordeste,25-34,2024-01-29
C05665,PR,Sul,45-54,2023-04-05
C05666,SP,Sudeste,35-44,2024-08-11
C05667,PR,Sul,18-24,2023-12-29
C05668,RS,Sul,25-34,2022-12-07
C05669,RJ,Sudeste,35-44,2024-07-12
C05670,SC,Sul,18-24,2023-03-22
C05671,SP,Sudeste,25-34,2024-12-05
C05672,RS,Sul,55+,2024-11-03
C05673,MG,Sudeste,35-44,2022-08-09
C05674,SP,Sudeste,45-54,2023-10-23
C05675,MT,Centro-Oeste,35-44,2024-11-04
C05676,PR,Sul,25-34,2025-10-30
C05677,PE,Nordeste,25-34,2025-05-06
C05678,SP,Sudeste,45-54,2024-04-20
C05679,SC,Sul,18-24,2022-01-26
C05680,GO,Centro-Oeste,18-24,2023-04-21
C05681,DF,Centro-Oeste,25-34,2024-12-04
C05682,RJ,Sudeste,35-44,2023-07-18
C05683,CE,Nordeste,35-44,2025-05-30
C05684,SC,Sul,35-44,2025-12-10
C05685,CE,Nordeste,25-34,2023-11-12
C05686,MG,Sudeste,25-34,2024-05-01
C05687,RJ,Sudeste,18-24,2024-05-17
C05688,DF,Centro-Oeste,25-34,2025-05-11
C05689,PR,Sul,25-34,2024-07-17
C05690,PR,Sul,25-34,2025-04-04
C05691,SP,Sudeste,25-34,2025-04-10
C05692,SP,Sudeste,18-24,2022-08-28
C05693,SP,Sudeste,45-54,2023-09-30
C05694,SC,Sul,55+,2025-02-08
C05695,SC,Sul,55+,2022-11-01
C05696,MG,Sudeste,35-44,2022-12-19
C05697,DF,Centro-Oeste,25-34,2025-12-25
C05698,SP,Sudeste,25-34,2022-05-08
C05699,SP,Sudeste,35-44,2025-02-19
C05700,MG,Sudeste,45-54,2024-09-24
C05701,RS,Sul,45-54,2024-06-06
C05702,MG,Sudeste,35-44,2024-04-23
C05703,SP,Sudeste,25-34,2022-12-25
C05704,RJ,Sudeste,55+,2023-11-02
C05705,AM,Norte,35-44,2024-02-28
C05706,ES,Sudeste,35-44,2023-10-03
C05707,SP,Sudeste,25-34,2024-10-19
C05708,RS,Sul,25-34,2025-06-01
C05709,PE,Nordeste,55+,2025-05-27
C05710,BA,Nordeste,25-34,2024-09-17
C05711,SP,Sudeste,35-44,2025-03-28
C05712,MT,Centro-Oeste,45-54,2025-05-02
C05713,CE,Nordeste,35-44,2024-09-24
C05714,SP,Sudeste,25-34,2023-08-31
C05715,RS,Sul,45-54,2024-04-02
C05716,SC,Sul,45-54,2024-10-19
C05717,CE,Nordeste,45-54,2022-09-19
C05718,SP,Sudeste,18-24,2023-03-30
C05719,RS,Sul,45-54,2023-04-16
C05720,AM,Norte,45-54,2025-10-05
C05721,RJ,Sudeste,35-44,2025-05-02
C05722,MG,Sudeste,35-44,2025-09-13
C05723,GO,Centro-Oeste,35-44,2024-01-20
C05724,SP,Sudeste,18-24,2023-11-21
C05725,CE,Nordeste,18-24,2023-05-16
C05726,PR,Sul,45-54,2023-11-14
C05727,SP,Sudeste,35-44,2024-07-06
C05728,PR,Sul,45-54,2024-04-11
C05729,RS,Sul,35-44,2023-05-22
C05730,CE,Nordeste,45-54,2025-04-10
C05731,SP,Sudeste,45-54,2025-11-14
C05732,PE,Nordeste,45-54,2022-05-04
C05733,SP,Sudeste,25-34,2025-02-20
C05734,SP,Sudeste,25-34,2024-08-12
C05735,SP,Sudeste,25-34,2023-02-13
C05736,SC,Sul,45-54,2023-08-07
C05737,ES,Sudeste,25-34,2025-07-14
C05738,RJ,Sudeste,55+,2024-11-23
C05739,RS,Sul,35-44,2025-06-22
C05740,SP,Sudeste,25-34,2024-06-30
C05741,SP,Sudeste,35-44,2025-07-09
C05742,PE,Nordeste,25-34,2025-08-24
C05743,SP,Sudeste,35-44,2024-08-06
C05744,MG,Sudeste,18-24,2025-08-24
C05745,RJ,Sudeste,25-34,2024-06-26
C05746,SP,Sudeste,18-24,2024-02-17
C05747,PR,Sul,25-34,2025-05-01
C05748,PA,Norte,35-44,2023-08-04
C05749,SC,Sul,55+,2023-10-29
C05750,RS,Sul,25-34,2024-01-04
C05751,GO,Centro-Oeste,55+,2025-02-05
C05752,RJ,Sudeste,35-44,2025-01-28
C05753,RS,Sul,35-44,2023-06-12
C05754,SP,Sudeste,45-54,2023-05-07
C05755,SP,Sudeste,35-44,2023-12-31
C05756,SP,Sudeste,25-34,2025-09-02
C05757,SP,Sudeste,25-34,2023-04-14
C05758,PE,Nordeste,35-44,2025-04-16
C05759,RJ,Sudeste,45-54,2025-08-10
C05760,RS,Sul,25-34,2022-10-17
C05761,SP,Sudeste,35-44,2022-10-07
C05762,SP,Sudeste,35-44,2025-03-16
C05763,SP,Sudeste,25-34,2022-08-25
C05764,SP,Sudeste,55+,2023-12-24
C05765,SP,Sudeste,45-54,2022-10-28
C05766,SP,Sudeste,25-34,2023-05-05
C05767,SP,Sudeste,35-44,2024-08-08
C05768,SP,Sudeste,35-44,2024-06-16
C05769,PR,Sul,25-34,2023-12-30
C05770,PR,Sul,18-24,2024-02-18
C05771,SP,Sudeste,45-54,2023-04-21
C05772,GO,Centro-Oeste,18-24,2023-07-27
C05773,SP,Sudeste,18-24,2022-02-18
C05774,RJ,Sudeste,25-34,2023-12-12
C05775,SP,Sudeste,25-34,2024-07-11
C05776,MG,Sudeste,25-34,2024-02-01
C05777,RS,Sul,25-34,2025-10-28
C05778,SP,Sudeste,35-44,2025-06-30
C05779,SP,Sudeste,55+,2024-10-01
C05780,RJ,Sudeste,18-24,2022-11-03
C05781,SP,Sudeste,25-34,2025-11-05
C05782,PE,Nordeste,45-54,2025-12-21
C05783,SP,Sudeste,25-34,2025-08-24
C05784,SP,Sudeste,45-54,2022-02-26
C05785,PE,Nordeste,45-54,2023-05-11
C05786,SP,Sudeste,45-54,2025-09-01
C05787,MG,Sudeste,45-54,2024-07-14
C05788,SC,Sul,55+,2024-11-01
C05789,PR,Sul,35-44,2023-05-26
C05790,MG,Sudeste,35-44,2025-11-10
C05791,RS,Sul,35-44,2023-11-21
C05792,MG,Sudeste,18-24,2024-08-31
C05793,RS,Sul,35-44,2022-11-20
C05794,SP,Sudeste,55+,2025-08-04
C05795,MG,Sudeste,25-34,2022-08-16
C05796,PE,Nordeste,55+,2025-07-25
C05797,PR,Sul,35-44,2023-02-08
C05798,SP,Sudeste,35-44,2022-07-05
C05799,AM,Norte,45-54,2023-10-05
C05800,SP,Sudeste,45-54,2024-12-18
C05801,SC,Sul,35-44,2023-05-04
C05802,SP,Sudeste,35-44,2024-06-26
C05803,SP,Sudeste,45-54,2025-11-15
C05804,PE,Nordeste,25-34,2024-03-25
C05805,BA,Nordeste,25-34,2023-05-01
C05806,RJ,Sudeste,45-54,2023-02-17
C05807,PR,Sul,18-24,2024-08-13
C05808,SP,Sudeste,45-54,2022-11-03
C05809,RJ,Sudeste,25-34,2024-10-19
C05810,CE,Nordeste,25-34,2023-02-27
C05811,SP,Sudeste,18-24,2024-08-25
C05812,SP,Sudeste,35-44,2024-06-20
C05813,RJ,Sudeste,25-34,2024-07-19
C05814,SP,Sudeste,25-34,2025-05-20
C05815,SP,Sudeste,25-34,2024-03-12
C05816,SP,Sudeste,25-34,2022-12-06
C05817,SP,Sudeste,25-34,2024-01-08
C05818,RN,Nordeste,25-34,2023-11-24
C05819,GO,Centro-Oeste,45-54,2022-04-10
C05820,RN,Nordeste,25-34,2024-05-07
C05821,MG,Sudeste,45-54,2024-11-12
C05822,SP,Sudeste,25-34,2024-02-14
C05823,SP,Sudeste,55+,2024-02-23
C05824,CE,Nordeste,25-34,2024-09-28
C05825,PR,Sul,35-44,2023-07-11
C05826,SP,Sudeste,35-44,2024-05-29
C05827,SP,Sudeste,35-44,2024-08-24
C05828,RJ,Sudeste,45-54,2022-12-14
C05829,SP,Sudeste,18-24,2025-08-23
C05830,SP,Sudeste,25-34,2024-05-08
C05831,SP,Sudeste,35-44,2025-06-12
C05832,RS,Sul,25-34,2025-05-20
C05833,GO,Centro-Oeste,45-54,2025-07-28
C05834,PE,Nordeste,25-34,2023-06-27
C05835,RS,Sul,55+,2024-03-11
C05836,MG,Sudeste,55+,2024-05-31
C05837,AM,Norte,18-24,2022-07-28
C05838,PR,Sul,45-54,2024-12-21
C05839,SP,Sudeste,35-44,2023-08-07
C05840,PR,Sul,55+,2024-06-17
C05841,SP,Sudeste,55+,2022-04-13
C05842,DF,Centro-Oeste,35-44,2024-11-02
C05843,SC,Sul,25-34,2022-07-12
C05844,SC,Sul,35-44,2025-10-01
C05845,GO,Centro-Oeste,35-44,2023-10-22
C05846,BA,Nordeste,18-24,2024-03-25
C05847,BA,Nordeste,35-44,2023-03-13
C05848,GO,Centro-Oeste,25-34,2024-12-10
C05849,AM,Norte,55+,2023-04-01
C05850,BA,Nordeste,35-44,2023-08-19
C05851,RS,Sul,25-34,2023-07-12
C05852,RS,Sul,35-44,2024-07-03
C05853,RS,Sul,25-34,2024-10-28
C05854,SP,Sudeste,18-24,2025-08-30
C05855,RS,Sul,35-44,2023-09-17
C05856,SP,Sudeste,35-44,2025-04-17
C05857,MG,Sudeste,55+,2025-04-25
C05858,BA,Nordeste,45-54,2024-10-13
C05859,BA,Nordeste,45-54,2024-08-04
C05860,BA,Nordeste,35-44,2023-05-08
C05861,BA,Nordeste,35-44,2025-11-27
C05862,PA,Norte,35-44,2025-07-25
C05863,RJ,Sudeste,35-44,2025-09-27
C05864,RJ,Sudeste,45-54,2023-04-15
C05865,SP,Sudeste,25-34,2024-04-22
C05866,MG,Sudeste,25-34,2024-03-24
C05867,SP,Sudeste,25-34,2024-09-17
C05868,SP,Sudeste,25-34,2023-01-26
C05869,RN,Nordeste,35-44,2023-03-16
C05870,MT,Centro-Oeste,35-44,2025-09-01
C05871,SP,Sudeste,18-24,2024-02-10
C05872,RN,Nordeste,25-34,2024-04-10
C05873,DF,Centro-Oeste,18-24,2023-10-02
C05874,RS,Sul,35-44,2023-01-09
C05875,RJ,Sudeste,35-44,2024-08-17
C05876,GO,Centro-Oeste,35-44,2023-01-23
C05877,PA,Norte,55+,2024-08-11
C05878,MG,Sudeste,35-44,2024-03-09
C05879,PR,Sul,35-44,2024-05-28
C05880,RJ,Sudeste,45-54,2025-05-11
C05881,SP,Sudeste,35-44,2024-11-20
C05882,CE,Nordeste,55+,2025-05-11
C05883,CE,Nordeste,35-44,2025-11-16
C05884,PA,Norte,25-34,2023-01-02
C05885,SP,Sudeste,55+,2023-12-10
C05886,CE,Nordeste,35-44,2025-08-28
C05887,MG,Sudeste,35-44,2025-07-01
C05888,CE,Nordeste,45-54,2025-01-27
C05889,MG,Sudeste,25-34,2022-12-13
C05890,SP,Sudeste,25-34,2023-08-26
C05891,RJ,Sudeste,25-34,2023-05-25
C05892,MG,Sudeste,25-34,2022-05-09
C05893,SP,Sudeste,55+,2025-11-27
C05894,BA,Nordeste,35-44,2024-02-08
C05895,RJ,Sudeste,45-54,2023-08-23
C05896,BA,Nordeste,25-34,2023-05-25
C05897,BA,Nordeste,35-44,2024-03-22
C05898,CE,Nordeste,35-44,2023-09-09
C05899,MG,Sudeste,18-24,2024-02-11
C05900,RJ,Sudeste,35-44,2021-12-04
C05901,DF,Centro-Oeste,18-24,2024-05-31
C05902,PR,Sul,55+,2024-11-17
C05903,SP,Sudeste,25-34,2022-10-17
C05904,CE,Nordeste,35-44,2023-10-12
C05905,SP,Sudeste,25-34,2024-05-28
C05906,RJ,Sudeste,45-54,2024-02-23
C05907,MG,Sudeste,25-34,2025-09-24
C05908,SP,Sudeste,25-34,2025-12-05
C05909,ES,Sudeste,55+,2024-09-09
C05910,RN,Nordeste,45-54,2025-09-13
C05911,SP,Sudeste,55+,2024-08-14
C05912,SC,Sul,55+,2025-05-27
C05913,SP,Sudeste,25-34,2023-11-05
C05914,SP,Sudeste,25-34,2024-10-23
C05915,PR,Sul,25-34,2022-04-18
C05916,PA,Norte,55+,2023-05-22
C05917,PR,Sul,25-34,2025-08-23
C05918,SP,Sudeste,45-54,2025-09-22
C05919,MG,Sudeste,18-24,2024-02-10
C05920,MG,Sudeste,18-24,2025-08-31
C05921,BA,Nordeste,45-54,2024-04-02
C05922,PR,Sul,25-34,2024-05-24
C05923,RJ,Sudeste,18-24,2024-09-17
C05924,SP,Sudeste,45-54,2025-06-01
C05925,SP,Sudeste,55+,2025-05-22
C05926,SP,Sudeste,55+,2023-10-17
C05927,RS,Sul,25-34,2024-05-17
C05928,DF,Centro-Oeste,35-44,2023-12-19
C05929,RJ,Sudeste,25-34,2022-04-26
C05930,SP,Sudeste,55+,2023-08-26
C05931,SP,Sudeste,25-34,2022-12-12
C05932,SP,Sudeste,25-34,2023-02-03
C05933,SP,Sudeste,25-34,2024-12-11
C05934,RJ,Sudeste,25-34,2024-05-01
C05935,SP,Sudeste,18-24,2025-01-21
C05936,PA,Norte,18-24,2023-05-01
C05937,RS,Sul,18-24,2024-09-08
C05938,MG,Sudeste,18-24,2024-02-03
C05939,MG,Sudeste,25-34,2025-03-07
C05940,MG,Sudeste,35-44,2025-06-29
C05941,PR,Sul,25-34,2025-09-02
C05942,SP,Sudeste,25-34,2024-07-30
C05943,MG,Sudeste,35-44,2025-06-30
C05944,SC,Sul,35-44,2024-10-06
C05945,RS,Sul,45-54,2023-07-02
C05946,PA,Norte,18-24,2024-12-20
C05947,SP,Sudeste,25-34,2023-02-21
C05948,SP,Sudeste,55+,2023-06-01
C05949,RJ,Sudeste,55+,2023-10-02
C05950,SP,Sudeste,25-34,2023-09-25
C05951,DF,Centro-Oeste,35-44,2023-05-14
C05952,RJ,Sudeste,35-44,2024-10-29
C05953,RS,Sul,55+,2024-08-11
C05954,RJ,Sudeste,35-44,2022-12-20
C05955,SP,Sudeste,45-54,2022-02-07
C05956,PA,Norte,25-34,2023-11-05
C05957,MG,Sudeste,45-54,2023-01-17
C05958,MG,Sudeste,35-44,2024-12-31
C05959,SP,Sudeste,25-34,2024-06-18
C05960,PR,Sul,25-34,2024-12-14
C05961,CE,Nordeste,35-44,2023-12-17
C05962,PE,Nordeste,35-44,2023-06-09
C05963,PR,Sul,18-24,2022-04-24
C05964,RS,Sul,25-34,2024-12-03
C05965,SP,Sudeste,25-34,2024-11-20
C05966,MG,Sudeste,35-44,2024-01-16
C05967,RJ,Sudeste,25-34,2023-06-06
C05968,RJ,Sudeste,55+,2023-12-29
C05969,RS,Sul,45-54,2025-03-07
C05970,MG,Sudeste,35-44,2024-10-16
C05971,CE,Nordeste,18-24,2023-05-21
C05972,MG,Sudeste,18-24,2025-06-25
C05973,SP,Sudeste,35-44,2024-04-07
C05974,SP,Sudeste,25-34,2023-08-14
C05975,SP,Sudeste,25-34,2023-11-26
C05976,SP,Sudeste,55+,2025-07-03
C05977,RJ,Sudeste,25-34,2023-03-17
C05978,PR,Sul,55+,2023-10-12
C05979,RS,Sul,18-24,2025-01-07
C05980,RS,Sul,35-44,2022-07-20
C05981,BA,Nordeste,25-34,2024-08-31
C05982,RJ,Sudeste,45-54,2025-09-08
C05983,BA,Nordeste,45-54,2025-04-01
C05984,SP,Sudeste,35-44,2022-08-17
C05985,SP,Sudeste,45-54,2025-09-16
C05986,SP,Sudeste,18-24,2025-09-21
C05987,MG,Sudeste,55+,2023-02-26
C05988,CE,Nordeste,25-34,2025-06-06
C05989,SP,Sudeste,45-54,2024-05-21
C05990,MG,Sudeste,18-24,2025-02-01
C05991,RJ,Sudeste,25-34,2025-02-26
C05992,MG,Sudeste,25-34,2022-08-25
C05993,SP,Sudeste,25-34,2022-08-17
C05994,SP,Sudeste,25-34,2024-08-15
C05995,RS,Sul,35-44,2023-10-09
C05996,ES,Sudeste,25-34,2022-02-02
C05997,SC,Sul,45-54,2022-05-14
C05998,SC,Sul,45-54,2023-06-20
C05999,SP,Sudeste,55+,2023-08-26
C06000,SP,Sudeste,25-34,2021-12-17
C06001,MG,Sudeste,25-34,2023-06-25
C06002,AM,Norte,45-54,2022-11-30
C06003,SP,Sudeste,25-34,2025-01-25
C06004,CE,Nordeste,45-54,2025-09-28
C06005,SC,Sul,55+,2025-03-06
C06006,BA,Nordeste,35-44,2024-06-07
C06007,SP,Sudeste,18-24,2024-02-11
C06008,RJ,Sudeste,55+,2024-02-13
C06009,PE,Nordeste,35-44,2023-10-11
C06010,SP,Sudeste,25-34,2024-06-21
C06011,PR,Sul,35-44,2025-01-10
C06012,RJ,Sudeste,25-34,2025-12-01
C06013,SP,Sudeste,18-24,2023-02-19
C06014,SP,Sudeste,35-44,2024-10-05
C06015,ES,Sudeste,35-44,2022-10-05
C06016,MG,Sudeste,25-34,2024-03-03
C06017,RJ,Sudeste,25-34,2025-06-11
C06018,MG,Sudeste,45-54,2023-07-14
C06019,DF,Centro-Oeste,25-34,2024-11-11
C06020,SC,Sul,45-54,2025-02-03
C06021,PR,Sul,35-44,2022-12-20
C06022,PR,Sul,18-24,2023-11-05
C06023,SP,Sudeste,45-54,2024-02-14
C06024,SP,Sudeste,25-34,2024-03-08
C06025,RS,Sul,25-34,2025-04-28
C06026,SP,Sudeste,25-34,2022-07-13
C06027,DF,Centro-Oeste,25-34,2025-08-12
C06028,RS,Sul,25-34,2021-12-19
C06029,SP,Sudeste,25-34,2025-12-25
C06030,MG,Sudeste,25-34,2025-07-28
C06031,SP,Sudeste,35-44,2024-09-29
C06032,PA,Norte,25-34,2025-08-24
C06033,PR,Sul,45-54,2023-10-06
C06034,RJ,Sudeste,25-34,2025-10-18
C06035,PE,Nordeste,35-44,2024-11-13
C06036,ES,Sudeste,25-34,2024-08-03
C06037,SC,Sul,35-44,2022-12-03
C06038,BA,Nordeste,55+,2025-08-14
C06039,SP,Sudeste,18-24,2024-11-29
C06040,RS,Sul,25-34,2025-09-16
C06041,SC,Sul,18-24,2025-04-24
C06042,RS,Sul,45-54,2025-10-05
C06043,SP,Sudeste,25-34,2023-04-30
C06044,RS,Sul,25-34,2025-06-30
C06045,AM,Norte,25-34,2023-05-03
C06046,SP,Sudeste,35-44,2025-10-17
C06047,ES,Sudeste,35-44,2025-05-11
C06048,SP,Sudeste,25-34,2024-05-20
C06049,DF,Centro-Oeste,25-34,2025-10-19
C06050,SP,Sudeste,25-34,2025-02-23
C06051,SP,Sudeste,25-34,2023-06-26
C06052,RS,Sul,35-44,2023-04-08
C06053,SP,Sudeste,25-34,2025-11-13
C06054,SP,Sudeste,18-24,2024-12-05
C06055,SP,Sudeste,35-44,2024-10-20
C06056,RJ,Sudeste,35-44,2025-09-27
C06057,SP,Sudeste,35-44,2024-07-16
C06058,RS,Sul,25-34,2023-10-09
C06059,SP,Sudeste,25-34,2023-02-23
C06060,RS,Sul,45-54,2023-12-10
C06061,MG,Sudeste,25-34,2023-03-20
C06062,DF,Centro-Oeste,45-54,2025-03-30
C06063,SP,Sudeste,25-34,2023-08-22
C06064,DF,Centro-Oeste,55+,2023-03-09
C06065,CE,Nordeste,35-44,2022-08-16
C06066,SP,Sudeste,25-34,2024-08-21
C06067,DF,Centro-Oeste,35-44,2025-09-11
C06068,PA,Norte,35-44,2024-07-27
C06069,SP,Sudeste,35-44,2025-02-23
C06070,RJ,Sudeste,35-44,2023-07-17
C06071,PR,Sul,35-44,2023-05-27
C06072,SP,Sudeste,45-54,2024-04-19
C06073,SP,Sudeste,25-34,2023-01-20
C06074,SP,Sudeste,25-34,2023-10-02
C06075,GO,Centro-Oeste,18-24,2024-05-17
C06076,BA,Nordeste,55+,2023-01-20
C06077,BA,Nordeste,45-54,2023-04-26
C06078,PE,Nordeste,25-34,2022-04-23
C06079,SC,Sul,35-44,2023-06-23
C06080,SP,Sudeste,45-54,2025-06-12
C06081,SP,Sudeste,45-54,2022-04-28
C06082,MG,Sudeste,25-34,2025-01-15
C06083,MG,Sudeste,35-44,2024-02-07
C06084,MG,Sudeste,25-34,2024-02-13
C06085,GO,Centro-Oeste,25-34,2025-03-12
C06086,SP,Sudeste,35-44,2023-10-26
C06087,BA,Nordeste,25-34,2025-02-02
C06088,AM,Norte,25-34,2022-07-25
C06089,RS,Sul,55+,2023-08-14
C06090,SP,Sudeste,25-34,2024-07-14
C06091,SP,Sudeste,25-34,2023-01-17
C06092,CE,Nordeste,45-54,2024-12-24
C06093,SP,Sudeste,25-34,2025-05-10
C06094,RJ,Sudeste,55+,2022-12-20
C06095,MG,Sudeste,25-34,2022-11-08
C06096,SP,Sudeste,35-44,2025-09-23
C06097,SP,Sudeste,35-44,2024-03-09
C06098,MG,Sudeste,35-44,2024-06-07
C06099,DF,Centro-Oeste,55+,2024-08-10
C06100,PE,Nordeste,25-34,2023-12-27
C06101,PR,Sul,45-54,2024-08-17
C06102,RS,Sul,55+,2025-02-22
C06103,SC,Sul,35-44,2025-04-14
C06104,SP,Sudeste,35-44,2025-07-16
C06105,CE,Nordeste,25-34,2023-03-28
C06106,PR,Sul,55+,2022-05-03
C06107,MG,Sudeste,25-34,2025-11-01
C06108,BA,Nordeste,45-54,2025-09-13
C06109,RJ,Sudeste,18-24,2025-03-01
C06110,SP,Sudeste,45-54,2025-08-22
C06111,SP,Sudeste,35-44,2022-11-26
C06112,SP,Sudeste,25-34,2024-07-01
C06113,RJ,Sudeste,25-34,2023-07-18
C06114,SP,Sudeste,45-54,2024-01-30
C06115,SP,Sudeste,45-54,2023-07-23
C06116,RJ,Sudeste,45-54,2022-12-30
C06117,RJ,Sudeste,55+,2023-12-03
C06118,AM,Norte,25-34,2024-01-10
C06119,ES,Sudeste,45-54,2025-12-14
C06120,PR,Sul,25-34,2022-04-18
C06121,AM,Norte,35-44,2025-12-26
C06122,RJ,Sudeste,18-24,2025-11-14
C06123,BA,Nordeste,25-34,2025-12-29
C06124,MG,Sudeste,25-34,2025-01-16
C06125,RJ,Sudeste,25-34,2024-07-04
C06126,BA,Nordeste,45-54,2025-10-07
C06127,SP,Sudeste,55+,2025-03-14
C06128,SP,Sudeste,18-24,2023-01-01
C06129,SC,Sul,25-34,2025-07-29
C06130,GO,Centro-Oeste,35-44,2023-12-10
C06131,PR,Sul,55+,2025-05-07
C06132,SC,Sul,35-44,2025-08-15
C06133,SP,Sudeste,45-54,2022-03-19
C06134,SP,Sudeste,18-24,2024-07-29
C06135,MG,Sudeste,25-34,2025-11-24
C06136,AM,Norte,35-44,2023-02-28
C06137,GO,Centro-Oeste,55+,2025-03-22
C06138,RJ,Sudeste,25-34,2024-11-01
C06139,SP,Sudeste,25-34,2024-05-16
C06140,SP,Sudeste,35-44,2024-04-22
C06141,SP,Sudeste,25-34,2025-07-23
C06142,SP,Sudeste,35-44,2025-04-04
C06143,SP,Sudeste,25-34,2022-07-11
C06144,SC,Sul,35-44,2023-12-01
C06145,SP,Sudeste,45-54,2025-08-24
C06146,RJ,Sudeste,45-54,2024-02-27
C06147,SP,Sudeste,35-44,2024-09-14
C06148,RJ,Sudeste,25-34,2024-02-08
C06149,MG,Sudeste,35-44,2024-02-18
C06150,SP,Sudeste,35-44,2025-02-17
C06151,SP,Sudeste,18-24,2023-04-23
C06152,MG,Sudeste,35-44,2025-02-04
C06153,PE,Nordeste,25-34,2025-11-15
C06154,CE,Nordeste,45-54,2023-01-12
C06155,SP,Sudeste,18-24,2024-04-07
C06156,SP,Sudeste,35-44,2025-10-04
C06157,MG,Sudeste,35-44,2024-09-29
C06158,DF,Centro-Oeste,35-44,2025-03-05
C06159,SP,Sudeste,25-34,2022-01-25
C06160,RS,Sul,35-44,2025-06-07
C06161,SP,Sudeste,25-34,2025-10-25
C06162,SP,Sudeste,35-44,2025-10-11
C06163,PR,Sul,35-44,2024-03-15
C06164,SC,Sul,35-44,2023-01-01
C06165,RN,Nordeste,25-34,2025-05-22
C06166,PR,Sul,45-54,2024-12-05
C06167,SP,Sudeste,25-34,2022-08-31
C06168,MG,Sudeste,45-54,2025-04-11
C06169,SP,Sudeste,25-34,2024-12-30
C06170,SP,Sudeste,25-34,2025-05-09
C06171,RS,Sul,25-34,2023-08-07
C06172,CE,Nordeste,25-34,2025-04-01
C06173,RJ,Sudeste,35-44,2025-01-16
C06174,MG,Sudeste,45-54,2023-03-06
C06175,AM,Norte,25-34,2024-05-11
C06176,BA,Nordeste,25-34,2025-07-31
C06177,SP,Sudeste,35-44,2023-06-17
C06178,GO,Centro-Oeste,25-34,2023-10-31
C06179,SP,Sudeste,25-34,2024-09-22
C06180,RJ,Sudeste,55+,2024-04-03
C06181,BA,Nordeste,35-44,2024-06-06
C06182,RS,Sul,35-44,2025-08-20
C06183,SP,Sudeste,25-34,2024-06-01
C06184,SP,Sudeste,25-34,2024-02-07
C06185,PE,Nordeste,45-54,2022-08-29
C06186,RJ,Sudeste,35-44,2023-03-02
C06187,SP,Sudeste,45-54,2024-10-17
C06188,CE,Nordeste,25-34,2022-12-04
C06189,SP,Sudeste,25-34,2024-01-24
C06190,SP,Sudeste,25-34,2023-04-12
C06191,SP,Sudeste,25-34,2023-10-24
C06192,CE,Nordeste,25-34,2023-05-02
C06193,PR,Sul,35-44,2025-07-18
C06194,MG,Sudeste,18-24,2024-10-02
C06195,SP,Sudeste,45-54,2025-01-29
C06196,MG,Sudeste,35-44,2024-04-13
C06197,SP,Sudeste,25-34,2023-09-17
C06198,PR,Sul,45-54,2024-02-14
C06199,MG,Sudeste,25-34,2022-01-19
C06200,PR,Sul,35-44,2022-10-24
C06201,SP,Sudeste,55+,2025-11-28
C06202,RS,Sul,35-44,2024-12-15
C06203,ES,Sudeste,45-54,2022-10-21
C06204,BA,Nordeste,25-34,2022-12-19
C06205,PE,Nordeste,55+,2024-06-25
C06206,SP,Sudeste,45-54,2024-02-18
C06207,SP,Sudeste,35-44,2024-05-04
C06208,PR,Sul,45-54,2022-08-31
C06209,SP,Sudeste,25-34,2025-04-30
C06210,PA,Norte,25-34,2023-09-01
C06211,SP,Sudeste,45-54,2024-11-08
C06212,MG,Sudeste,25-34,2025-09-20
C06213,RJ,Sudeste,55+,2023-06-21
C06214,SP,Sudeste,25-34,2024-04-18
C06215,SP,Sudeste,35-44,2024-09-01
C06216,PA,Norte,55+,2022-06-10
C06217,PA,Norte,35-44,2024-11-13
C06218,MG,Sudeste,35-44,2024-10-23
C06219,SP,Sudeste,18-24,2024-06-18
C06220,BA,Nordeste,25-34,2024-12-21
C06221,SP,Sudeste,35-44,2023-07-15
C06222,PR,Sul,25-34,2025-01-02
C06223,MG,Sudeste,55+,2024-07-20
C06224,PR,Sul,25-34,2024-11-26
C06225,SP,Sudeste,25-34,2023-08-10
C06226,RJ,Sudeste,55+,2024-10-24
C06227,RJ,Sudeste,35-44,2025-02-12
C06228,MG,Sudeste,25-34,2023-03-21
C06229,PR,Sul,25-34,2022-09-19
C06230,MT,Centro-Oeste,35-44,2022-08-05
C06231,MG,Sudeste,35-44,2021-12-28
C06232,PR,Sul,55+,2022-05-29
C06233,BA,Nordeste,35-44,2025-04-14
C06234,MG,Sudeste,25-34,2024-03-22
C06235,RJ,Sudeste,25-34,2024-12-09
C06236,DF,Centro-Oeste,25-34,2023-04-30
C06237,SP,Sudeste,25-34,2023-10-02
C06238,RS,Sul,35-44,2023-02-22
C06239,SP,Sudeste,45-54,2024-04-22
C06240,CE,Nordeste,18-24,2024-05-02
C06241,GO,Centro-Oeste,25-34,2024-10-06
C06242,PR,Sul,55+,2022-01-08
C06243,PE,Nordeste,18-24,2022-10-19
C06244,BA,Nordeste,25-34,2024-11-04
C06245,PA,Norte,35-44,2023-12-25
C06246,SP,Sudeste,25-34,2022-08-30
C06247,SP,Sudeste,18-24,2022-05-31
C06248,MG,Sudeste,35-44,2022-12-19
C06249,PA,Norte,35-44,2022-01-05
C06250,SP,Sudeste,35-44,2023-05-16
C06251,MG,Sudeste,25-34,2023-12-24
C06252,SP,Sudeste,45-54,2025-03-26
C06253,SP,Sudeste,18-24,2024-03-22
C06254,GO,Centro-Oeste,35-44,2024-10-09
C06255,RJ,Sudeste,55+,2024-04-30
C06256,RS,Sul,18-24,2025-08-15
C06257,PA,Norte,25-34,2022-05-13
C06258,AM,Norte,25-34,2023-08-26
C06259,RJ,Sudeste,55+,2025-07-07
C06260,MG,Sudeste,25-34,2023-11-04
C06261,PE,Nordeste,55+,2024-05-20
C06262,SP,Sudeste,45-54,2025-10-06
C06263,BA,Nordeste,35-44,2024-04-15
C06264,SP,Sudeste,25-34,2025-05-28
C06265,CE,Nordeste,25-34,2024-01-05
C06266,RJ,Sudeste,55+,2024-02-27
C06267,BA,Nordeste,55+,2024-08-25
C06268,SP,Sudeste,35-44,2022-03-19
C06269,SP,Sudeste,35-44,2022-12-17
C06270,MG,Sudeste,35-44,2022-12-04
C06271,PR,Sul,45-54,2024-04-15
C06272,RJ,Sudeste,35-44,2022-07-19
C06273,PR,Sul,35-44,2024-05-03
C06274,SP,Sudeste,18-24,2022-09-18
C06275,MG,Sudeste,35-44,2022-09-30
C06276,SP,Sudeste,35-44,2024-06-12
C06277,RJ,Sudeste,45-54,2023-07-18
C06278,RS,Sul,35-44,2023-03-11
C06279,CE,Nordeste,55+,2025-09-11
C06280,SP,Sudeste,25-34,2025-03-16
C06281,RJ,Sudeste,55+,2022-10-08
C06282,MG,Sudeste,35-44,2025-06-09
C06283,RS,Sul,25-34,2025-08-19
C06284,BA,Nordeste,35-44,2025-02-15
C06285,BA,Nordeste,35-44,2022-11-04
C06286,SP,Sudeste,25-34,2025-04-01
C06287,SP,Sudeste,45-54,2024-09-26
C06288,SP,Sudeste,25-34,2023-07-21
C06289,RS,Sul,45-54,2025-05-20
C06290,DF,Centro-Oeste,25-34,2025-10-10
C06291,SP,Sudeste,45-54,2022-12-30
C06292,SC,Sul,35-44,2023-10-10
C06293,PE,Nordeste,25-34,2024-06-30
C06294,ES,Sudeste,25-34,2024-03-13
C06295,MG,Sudeste,35-44,2025-04-19
C06296,SC,Sul,55+,2023-08-04
C06297,RJ,Sudeste,25-34,2024-02-27
C06298,SC,Sul,55+,2022-10-08
C06299,RJ,Sudeste,35-44,2024-05-23
C06300,MG,Sudeste,25-34,2024-01-22
C06301,RS,Sul,25-34,2024-06-14
C06302,DF,Centro-Oeste,25-34,2023-06-26
C06303,RJ,Sudeste,35-44,2024-05-28
C06304,SP,Sudeste,35-44,2024-06-11
C06305,SP,Sudeste,25-34,2024-05-15
C06306,SP,Sudeste,45-54,2023-04-24
C06307,RJ,Sudeste,55+,2024-03-20
C06308,SP,Sudeste,25-34,2024-01-13
C06309,CE,Nordeste,35-44,2022-08-16
C06310,GO,Centro-Oeste,45-54,2022-10-13
C06311,CE,Nordeste,55+,2025-02-11
C06312,SP,Sudeste,35-44,2025-06-14
C06313,MG,Sudeste,45-54,2024-01-03
C06314,CE,Nordeste,55+,2022-05-08
C06315,ES,Sudeste,25-34,2024-04-11
C06316,CE,Nordeste,35-44,2023-03-23
C06317,SP,Sudeste,25-34,2025-10-18
C06318,GO,Centro-Oeste,25-34,2025-03-09
C06319,SP,Sudeste,45-54,2025-10-14
C06320,ES,Sudeste,25-34,2025-03-24
C06321,RJ,Sudeste,18-24,2022-01-04
C06322,MG,Sudeste,18-24,2025-06-03
C06323,SP,Sudeste,55+,2024-03-22
C06324,RJ,Sudeste,25-34,2025-08-18
C06325,SP,Sudeste,25-34,2025-05-08
C06326,SP,Sudeste,35-44,2022-05-09
C06327,SP,Sudeste,35-44,2024-01-22
C06328,BA,Nordeste,35-44,2024-09-06
C06329,SP,Sudeste,25-34,2025-06-13
C06330,SP,Sudeste,35-44,2024-06-07
C06331,SP,Sudeste,45-54,2023-11-02
C06332,MG,Sudeste,25-34,2022-07-15
C06333,BA,Nordeste,55+,2025-06-05
C06334,SP,Sudeste,25-34,2024-05-18
C06335,SP,Sudeste,25-34,2025-11-30
C06336,RS,Sul,35-44,2023-10-31
C06337,SP,Sudeste,45-54,2024-09-22
C06338,PE,Nordeste,45-54,2025-04-19
C06339,PE,Nordeste,25-34,2023-01-21
C06340,BA,Nordeste,25-34,2023-11-30
C06341,SP,Sudeste,35-44,2024-10-29
C06342,GO,Centro-Oeste,18-24,2024-11-23
C06343,SP,Sudeste,25-34,2025-12-03
C06344,BA,Nordeste,25-34,2024-11-28
C06345,RS,Sul,25-34,2025-10-24
C06346,RJ,Sudeste,35-44,2023-10-05
C06347,MG,Sudeste,55+,2024-12-12
C06348,RJ,Sudeste,25-34,2024-03-27
C06349,RS,Sul,55+,2024-08-04
C06350,BA,Nordeste,45-54,2023-01-06
C06351,RS,Sul,25-34,2023-03-23
C06352,MG,Sudeste,55+,2025-01-02
C06353,RJ,Sudeste,45-54,2024-10-23
C06354,AM,Norte,25-34,2023-09-26
C06355,AM,Norte,35-44,2024-04-23
C06356,BA,Nordeste,25-34,2023-02-07
C06357,MG,Sudeste,35-44,2025-08-30
C06358,RJ,Sudeste,25-34,2023-04-26
C06359,PR,Sul,45-54,2024-09-30
C06360,RJ,Sudeste,45-54,2023-02-19
C06361,ES,Sudeste,25-34,2025-04-12
C06362,PA,Norte,25-34,2022-10-12
C06363,PA,Norte,18-24,2023-07-23
C06364,RJ,Sudeste,25-34,2022-06-22
C06365,SP,Sudeste,35-44,2022-08-15
C06366,MG,Sudeste,35-44,2023-12-22
C06367,SP,Sudeste,35-44,2024-10-06
C06368,RJ,Sudeste,18-24,2022-01-15
C06369,SP,Sudeste,55+,2025-02-02
C06370,RS,Sul,35-44,2024-08-06
C06371,PA,Norte,45-54,2023-08-05
C06372,PE,Nordeste,35-44,2023-01-22
C06373,PA,Norte,25-34,2024-02-01
C06374,RS,Sul,45-54,2021-12-11
C06375,RS,Sul,55+,2023-07-25
C06376,SP,Sudeste,45-54,2023-04-25
C06377,SP,Sudeste,35-44,2025-09-20
C06378,MG,Sudeste,35-44,2024-07-28
C06379,PR,Sul,25-34,2024-05-09
C06380,MG,Sudeste,55+,2022-04-05
C06381,BA,Nordeste,35-44,2025-01-13
C06382,RJ,Sudeste,55+,2023-03-09
C06383,SP,Sudeste,35-44,2023-09-25
C06384,SP,Sudeste,25-34,2024-03-12
C06385,RS,Sul,35-44,2025-04-10
C06386,RJ,Sudeste,18-24,2024-01-17
C06387,PA,Norte,18-24,2022-12-21
C06388,SP,Sudeste,25-34,2022-12-23
C06389,PR,Sul,45-54,2024-11-07
C06390,PR,Sul,45-54,2025-08-25
C06391,MG,Sudeste,35-44,2023-08-01
C06392,RJ,Sudeste,55+,2022-09-11
C06393,SP,Sudeste,35-44,2022-03-02
C06394,SP,Sudeste,25-34,2023-05-29
C06395,PR,Sul,25-34,2022-08-24
C06396,SC,Sul,18-24,2022-05-15
C06397,RJ,Sudeste,25-34,2023-04-11
C06398,SP,Sudeste,45-54,2022-07-17
C06399,MG,Sudeste,35-44,2023-02-20
C06400,MG,Sudeste,25-34,2022-11-13
C06401,RJ,Sudeste,25-34,2024-11-17
C06402,SC,Sul,25-34,2023-05-15
C06403,SP,Sudeste,45-54,2025-08-02
C06404,SP,Sudeste,35-44,2024-09-09
C06405,SP,Sudeste,25-34,2023-06-07
C06406,SP,Sudeste,35-44,2025-07-09
C06407,SP,Sudeste,18-24,2023-09-28
C06408,PR,Sul,45-54,2024-09-11
C06409,SP,Sudeste,35-44,2023-07-26
C06410,DF,Centro-Oeste,35-44,2025-03-29
C06411,SP,Sudeste,55+,2025-06-13
C06412,SP,Sudeste,45-54,2023-09-17
C06413,ES,Sudeste,25-34,2024-11-02
C06414,SC,Sul,18-24,2025-07-29
C06415,MG,Sudeste,35-44,2022-05-09
C06416,RJ,Sudeste,35-44,2025-06-03
C06417,ES,Sudeste,18-24,2024-03-24
C06418,DF,Centro-Oeste,18-24,2025-06-12
C06419,RJ,Sudeste,25-34,2024-02-08
C06420,MG,Sudeste,45-54,2022-10-09
C06421,SP,Sudeste,18-24,2025-01-13
C06422,RS,Sul,35-44,2023-11-07
C06423,SC,Sul,25-34,2025-11-07
C06424,PR,Sul,35-44,2025-12-18
C06425,RJ,Sudeste,25-34,2022-07-23
C06426,GO,Centro-Oeste,35-44,2023-08-27
C06427,SP,Sudeste,45-54,2025-11-19
C06428,SP,Sudeste,55+,2024-12-10
C06429,PE,Nordeste,25-34,2024-06-07
C06430,BA,Nordeste,25-34,2023-08-16
C06431,SP,Sudeste,18-24,2025-01-24
C06432,RS,Sul,25-34,2024-03-28
C06433,DF,Centro-Oeste,35-44,2022-04-30
C06434,PE,Nordeste,35-44,2023-01-20
C06435,SP,Sudeste,45-54,2025-11-06
C06436,PE,Nordeste,25-34,2024-03-10
C06437,CE,Nordeste,25-34,2022-04-15
C06438,RJ,Sudeste,25-34,2025-09-21
C06439,PA,Norte,35-44,2023-10-18
C06440,GO,Centro-Oeste,35-44,2023-01-03
C06441,DF,Centro-Oeste,45-54,2023-09-25
C06442,SP,Sudeste,45-54,2025-03-04
C06443,RS,Sul,35-44,2023-07-26
C06444,SP,Sudeste,35-44,2022-07-18
C06445,BA,Nordeste,35-44,2024-02-14
C06446,BA,Nordeste,25-34,2022-01-08
C06447,PA,Norte,25-34,2024-02-14
C06448,RN,Nordeste,25-34,2025-06-14
C06449,MT,Centro-Oeste,45-54,2024-06-29
C06450,GO,Centro-Oeste,45-54,2024-04-08
C06451,CE,Nordeste,45-54,2023-06-16
C06452,RJ,Sudeste,35-44,2025-10-30
C06453,GO,Centro-Oeste,35-44,2025-07-29
C06454,PE,Nordeste,25-34,2023-03-29
C06455,SP,Sudeste,25-34,2023-08-15
C06456,MG,Sudeste,45-54,2022-06-14
C06457,GO,Centro-Oeste,25-34,2024-05-22
C06458,RJ,Sudeste,45-54,2025-04-16
C06459,RJ,Sudeste,25-34,2024-05-02
C06460,SP,Sudeste,35-44,2025-02-06
C06461,PE,Nordeste,35-44,2023-10-20
C06462,RJ,Sudeste,25-34,2023-06-07
C06463,RJ,Sudeste,45-54,2024-06-13
C06464,DF,Centro-Oeste,45-54,2024-12-11
C06465,BA,Nordeste,45-54,2025-01-22
C06466,SP,Sudeste,25-34,2024-08-11
C06467,MG,Sudeste,35-44,2024-03-20
C06468,SC,Sul,45-54,2024-04-30
C06469,SP,Sudeste,25-34,2024-06-05
C06470,RJ,Sudeste,25-34,2024-02-19
C06471,SP,Sudeste,25-34,2022-08-11
C06472,PR,Sul,25-34,2022-09-17
C06473,SP,Sudeste,18-24,2022-02-17
C06474,PE,Nordeste,35-44,2025-03-20
C06475,MT,Centro-Oeste,55+,2022-05-10
C06476,AM,Norte,55+,2024-12-31
C06477,SP,Sudeste,18-24,2023-06-03
C06478,SP,Sudeste,25-34,2023-03-28
C06479,SP,Sudeste,35-44,2024-06-05
C06480,CE,Nordeste,45-54,2024-03-30
C06481,MG,Sudeste,25-34,2024-03-27
C06482,MG,Sudeste,35-44,2023-06-14
C06483,SP,Sudeste,25-34,2023-08-08
C06484,SP,Sudeste,25-34,2025-10-23
C06485,SP,Sudeste,25-34,2023-07-05
C06486,AM,Norte,35-44,2023-02-16
C06487,SP,Sudeste,25-34,2025-08-16
C06488,SP,Sudeste,35-44,2024-09-08
C06489,RJ,Sudeste,45-54,2023-04-02
C06490,MT,Centro-Oeste,18-24,2023-04-20
C06491,SC,Sul,18-24,2023-12-20
C06492,RJ,Sudeste,18-24,2025-07-04
C06493,SP,Sudeste,25-34,2025-02-23
C06494,BA,Nordeste,25-34,2023-09-29
C06495,RS,Sul,35-44,2023-10-06
C06496,SP,Sudeste,25-34,2022-09-03
C06497,SP,Sudeste,35-44,2023-03-27
C06498,RJ,Sudeste,35-44,2024-10-18
C06499,MG,Sudeste,45-54,2025-03-21
C06500,SC,Sul,35-44,2024-10-08
C06501,RJ,Sudeste,18-24,2024-11-21
C06502,SP,Sudeste,35-44,2022-02-27
C06503,RJ,Sudeste,25-34,2023-12-25
C06504,BA,Nordeste,25-34,2024-03-03
C06505,MG,Sudeste,25-34,2025-01-20
C06506,RS,Sul,35-44,2022-06-24
C06507,DF,Centro-Oeste,35-44,2024-04-07
C06508,SP,Sudeste,55+,2025-11-16
C06509,RS,Sul,55+,2023-08-17
C06510,MG,Sudeste,55+,2025-02-27
C06511,SP,Sudeste,25-34,2022-07-01
C06512,ES,Sudeste,45-54,2025-05-14
C06513,SP,Sudeste,18-24,2023-07-10
C06514,SP,Sudeste,45-54,2024-02-24
C06515,MT,Centro-Oeste,25-34,2025-08-07
C06516,GO,Centro-Oeste,25-34,2025-04-08
C06517,SC,Sul,25-34,2025-03-23
C06518,RS,Sul,55+,2023-03-12
C06519,ES,Sudeste,45-54,2025-05-08
C06520,CE,Nordeste,35-44,2025-11-24
C06521,RJ,Sudeste,55+,2023-10-06
C06522,AM,Norte,25-34,2025-05-02
C06523,ES,Sudeste,55+,2024-03-05
C06524,GO,Centro-Oeste,18-24,2025-04-16
C06525,RS,Sul,35-44,2022-09-07
C06526,RJ,Sudeste,25-34,2023-06-02
C06527,CE,Nordeste,35-44,2022-06-08
C06528,RN,Nordeste,55+,2025-10-03
C06529,SP,Sudeste,45-54,2025-04-12
C06530,SP,Sudeste,45-54,2024-12-25
C06531,SP,Sudeste,25-34,2023-02-14
C06532,RJ,Sudeste,35-44,2024-03-14
C06533,PA,Norte,45-54,2025-03-26
C06534,SP,Sudeste,35-44,2022-01-29
C06535,RJ,Sudeste,25-34,2023-08-06
C06536,SP,Sudeste,25-34,2022-09-21
C06537,SP,Sudeste,35-44,2025-07-25
C06538,RS,Sul,35-44,2025-05-14
C06539,RJ,Sudeste,35-44,2024-11-23
C06540,RS,Sul,35-44,2024-07-11
C06541,SP,Sudeste,55+,2025-01-27
C06542,RS,Sul,45-54,2025-05-28
C06543,SP,Sudeste,18-24,2025-04-04
C06544,SP,Sudeste,45-54,2025-08-16
C06545,RJ,Sudeste,25-34,2024-09-24
C06546,PR,Sul,25-34,2022-06-19
C06547,PE,Nordeste,25-34,2023-09-27
C06548,RJ,Sudeste,35-44,2023-03-29
C06549,MG,Sudeste,25-34,2024-04-14
C06550,SP,Sudeste,18-24,2023-07-04
C06551,SP,Sudeste,25-34,2024-02-28
C06552,GO,Centro-Oeste,25-34,2025-02-07
C06553,SP,Sudeste,35-44,2025-01-03
C06554,SP,Sudeste,35-44,2025-11-22
C06555,AM,Norte,25-34,2025-03-14
C06556,RJ,Sudeste,25-34,2024-02-03
C06557,RJ,Sudeste,45-54,2023-02-10
C06558,SP,Sudeste,35-44,2024-01-07
C06559,RS,Sul,45-54,2024-04-16
C06560,PR,Sul,55+,2024-01-30
C06561,SP,Sudeste,25-34,2023-02-05
C06562,SP,Sudeste,45-54,2025-02-24
C06563,PR,Sul,55+,2023-07-31
C06564,RN,Nordeste,55+,2022-10-25
C06565,SC,Sul,35-44,2025-08-12
C06566,SP,Sudeste,25-34,2022-02-27
C06567,SP,Sudeste,45-54,2023-10-24
C06568,PR,Sul,55+,2024-05-31
C06569,RJ,Sudeste,35-44,2025-12-27
C06570,SP,Sudeste,45-54,2022-09-23
C06571,DF,Centro-Oeste,25-34,2025-12-31
C06572,CE,Nordeste,25-34,2024-12-30
C06573,SP,Sudeste,55+,2023-05-23
C06574,PA,Norte,25-34,2024-10-13
C06575,RS,Sul,25-34,2023-11-01
C06576,MG,Sudeste,45-54,2025-10-09
C06577,ES,Sudeste,45-54,2023-05-22
C06578,DF,Centro-Oeste,45-54,2023-10-20
C06579,CE,Nordeste,45-54,2022-05-14
C06580,SP,Sudeste,25-34,2025-03-13
C06581,SP,Sudeste,25-34,2024-10-09
C06582,CE,Nordeste,55+,2022-07-05
C06583,MG,Sudeste,35-44,2023-01-14
C06584,PR,Sul,45-54,2025-05-04
C06585,PR,Sul,35-44,2025-05-30
C06586,PA,Norte,45-54,2025-07-29
C06587,BA,Nordeste,55+,2023-09-23
C06588,SP,Sudeste,45-54,2022-06-25
C06589,PR,Sul,35-44,2025-11-01
C06590,SP,Sudeste,18-24,2022-06-05
C06591,RS,Sul,35-44,2022-05-17
C06592,SP,Sudeste,45-54,2023-12-30
C06593,RJ,Sudeste,55+,2025-01-07
C06594,SP,Sudeste,25-34,2023-09-09
C06595,BA,Nordeste,25-34,2023-08-18
C06596,SP,Sudeste,35-44,2022-09-27
C06597,RJ,Sudeste,18-24,2022-05-27
C06598,MG,Sudeste,45-54,2025-02-01
C06599,SP,Sudeste,18-24,2024-10-16
C06600,BA,Nordeste,45-54,2024-10-11
C06601,SP,Sudeste,18-24,2025-05-02
C06602,GO,Centro-Oeste,45-54,2024-12-18
C06603,SP,Sudeste,45-54,2024-02-18
C06604,PA,Norte,55+,2025-12-11
C06605,MG,Sudeste,25-34,2025-07-01
C06606,SP,Sudeste,55+,2023-10-01
C06607,ES,Sudeste,55+,2022-08-07
C06608,MG,Sudeste,45-54,2025-08-29
C06609,RS,Sul,55+,2025-04-10
C06610,SP,Sudeste,45-54,2024-05-15
C06611,SP,Sudeste,35-44,2024-02-11
C06612,PR,Sul,35-44,2023-05-01
C06613,PE,Nordeste,25-34,2022-08-13
C06614,SP,Sudeste,18-24,2021-12-27
C06615,PR,Sul,35-44,2023-08-22
C06616,RJ,Sudeste,45-54,2025-06-19
C06617,MG,Sudeste,45-54,2024-12-09
C06618,SP,Sudeste,45-54,2023-01-17
C06619,SP,Sudeste,25-34,2023-08-15
C06620,BA,Nordeste,25-34,2024-04-26
C06621,RS,Sul,55+,2024-02-22
C06622,MG,Sudeste,18-24,2025-11-10
C06623,SP,Sudeste,18-24,2025-09-05
C06624,MG,Sudeste,55+,2024-11-28
C06625,RS,Sul,45-54,2022-07-28
C06626,BA,Nordeste,25-34,2025-01-26
C06627,BA,Nordeste,45-54,2023-07-09
C06628,SP,Sudeste,45-54,2023-04-23
C06629,RN,Nordeste,35-44,2023-09-08
C06630,RJ,Sudeste,45-54,2025-04-04
C06631,MG,Sudeste,35-44,2024-07-02
C06632,MG,Sudeste,25-34,2024-07-11
C06633,CE,Nordeste,25-34,2024-07-25
C06634,ES,Sudeste,45-54,2024-06-19
C06635,GO,Centro-Oeste,18-24,2025-12-19
C06636,RJ,Sudeste,25-34,2023-10-01
C06637,GO,Centro-Oeste,35-44,2025-06-24
C06638,SP,Sudeste,45-54,2025-09-04
C06639,RJ,Sudeste,18-24,2023-02-24
C06640,RS,Sul,25-34,2024-01-11
C06641,PR,Sul,45-54,2024-02-02
C06642,RS,Sul,35-44,2025-04-09
C06643,DF,Centro-Oeste,25-34,2023-10-26
C06644,RJ,Sudeste,55+,2025-07-05
C06645,RJ,Sudeste,45-54,2025-01-31
C06646,SP,Sudeste,35-44,2024-01-04
C06647,SC,Sul,45-54,2025-10-22
C06648,SP,Sudeste,45-54,2022-05-29
C06649,SP,Sudeste,18-24,2025-09-29
C06650,RJ,Sudeste,25-34,2022-12-15
C06651,RJ,Sudeste,25-34,2025-04-05
C06652,SC,Sul,55+,2025-07-12
C06653,CE,Nordeste,25-34,2024-02-10
C06654,MG,Sudeste,35-44,2025-11-20
C06655,PR,Sul,18-24,2025-07-30
C06656,SP,Sudeste,35-44,2025-10-27
C06657,SP,Sudeste,55+,2023-04-01
C06658,RJ,Sudeste,45-54,2023-09-21
C06659,BA,Nordeste,35-44,2025-04-13
C06660,SP,Sudeste,25-34,2024-12-04
C06661,MG,Sudeste,25-34,2025-02-10
C06662,RN,Nordeste,25-34,2024-10-09
C06663,MG,Sudeste,25-34,2024-05-19
C06664,SP,Sudeste,35-44,2022-10-17
C06665,ES,Sudeste,25-34,2025-11-11
C06666,CE,Nordeste,25-34,2022-10-29
C06667,SP,Sudeste,35-44,2022-07-06
C06668,SP,Sudeste,35-44,2025-02-15
C06669,PA,Norte,25-34,2023-01-21
C06670,SP,Sudeste,35-44,2024-05-16
C06671,SP,Sudeste,18-24,2025-10-07
C06672,SP,Sudeste,35-44,2025-05-26
C06673,RJ,Sudeste,35-44,2022-05-20
C06674,RJ,Sudeste,35-44,2025-04-21
C06675,PE,Nordeste,18-24,2024-06-21
C06676,SP,Sudeste,25-34,2024-12-06
C06677,SP,Sudeste,35-44,2025-03-04
C06678,MG,Sudeste,35-44,2022-02-11
C06679,BA,Nordeste,25-34,2025-12-28
C06680,SP,Sudeste,25-34,2024-07-26
C06681,RJ,Sudeste,25-34,2023-03-26
C06682,MG,Sudeste,25-34,2025-07-04
C06683,DF,Centro-Oeste,25-34,2023-03-21
C06684,SP,Sudeste,55+,2025-11-30
C06685,SP,Sudeste,35-44,2024-01-24
C06686,SP,Sudeste,35-44,2025-10-24
C06687,RJ,Sudeste,25-34,2025-03-20
C06688,MG,Sudeste,35-44,2022-01-07
C06689,SP,Sudeste,25-34,2024-04-03
C06690,SC,Sul,45-54,2024-12-25
C06691,MG,Sudeste,45-54,2025-08-16
C06692,ES,Sudeste,55+,2025-10-06
C06693,RJ,Sudeste,35-44,2023-11-27
C06694,MG,Sudeste,25-34,2024-09-06
C06695,SP,Sudeste,18-24,2024-01-22
C06696,MG,Sudeste,18-24,2025-12-02
C06697,SC,Sul,25-34,2024-08-24
C06698,PE,Nordeste,18-24,2025-09-02
C06699,BA,Nordeste,35-44,2025-04-23
C06700,MG,Sudeste,25-34,2023-06-26
C06701,MG,Sudeste,25-34,2023-09-09
C06702,BA,Nordeste,35-44,2025-10-26
C06703,SC,Sul,55+,2023-12-12
C06704,SP,Sudeste,35-44,2024-10-31
C06705,RS,Sul,25-34,2024-08-21
C06706,SP,Sudeste,35-44,2025-04-14
C06707,SP,Sudeste,25-34,2025-07-29
C06708,SP,Sudeste,45-54,2024-02-05
C06709,RS,Sul,25-34,2025-08-19
C06710,RS,Sul,25-34,2023-05-05
C06711,PE,Nordeste,25-34,2025-03-11
C06712,RS,Sul,25-34,2023-11-18
C06713,SP,Sudeste,35-44,2022-07-16
C06714,MG,Sudeste,35-44,2023-06-08
C06715,SP,Sudeste,25-34,2022-10-28
C06716,RS,Sul,45-54,2023-04-08
C06717,DF,Centro-Oeste,45-54,2024-07-30
C06718,BA,Nordeste,35-44,2024-08-20
C06719,SP,Sudeste,35-44,2024-09-15
C06720,SP,Sudeste,25-34,2025-07-24
C06721,RJ,Sudeste,45-54,2022-10-26
C06722,SP,Sudeste,18-24,2024-12-06
C06723,ES,Sudeste,45-54,2023-12-19
C06724,SP,Sudeste,35-44,2022-08-06
C06725,RJ,Sudeste,25-34,2023-04-21
C06726,SP,Sudeste,35-44,2022-12-28
C06727,MG,Sudeste,55+,2025-10-29
C06728,SP,Sudeste,25-34,2022-05-10
C06729,CE,Nordeste,18-24,2022-02-28
C06730,RS,Sul,35-44,2024-02-17
C06731,SP,Sudeste,35-44,2025-03-09
C06732,RJ,Sudeste,25-34,2023-04-16
C06733,CE,Nordeste,18-24,2022-10-24
C06734,GO,Centro-Oeste,35-44,2022-07-05
C06735,SP,Sudeste,25-34,2025-08-21
C06736,PE,Nordeste,35-44,2023-10-14
C06737,MG,Sudeste,35-44,2022-06-19
C06738,SP,Sudeste,35-44,2023-09-24
C06739,RJ,Sudeste,35-44,2023-05-31
C06740,RJ,Sudeste,25-34,2024-03-30
C06741,DF,Centro-Oeste,35-44,2025-08-11
C06742,RJ,Sudeste,35-44,2023-08-19
C06743,RJ,Sudeste,25-34,2025-11-05
C06744,DF,Centro-Oeste,18-24,2024-11-28
C06745,RS,Sul,18-24,2023-05-15
C06746,SC,Sul,55+,2024-07-28
C06747,SP,Sudeste,55+,2024-01-15
C06748,RS,Sul,35-44,2023-03-29
C06749,SP,Sudeste,45-54,2022-07-29
C06750,PE,Nordeste,18-24,2023-11-15
C06751,SP,Sudeste,45-54,2023-12-06
C06752,DF,Centro-Oeste,18-24,2023-06-29
C06753,SP,Sudeste,25-34,2025-12-13
C06754,CE,Nordeste,45-54,2022-07-21
C06755,PA,Norte,25-34,2024-10-01
C06756,PR,Sul,35-44,2023-03-07
C06757,MG,Sudeste,35-44,2024-08-05
C06758,SP,Sudeste,25-34,2023-04-19
C06759,SC,Sul,25-34,2022-05-28
C06760,RJ,Sudeste,45-54,2023-01-26
C06761,BA,Nordeste,45-54,2024-08-10
C06762,SP,Sudeste,35-44,2024-12-29
C06763,GO,Centro-Oeste,25-34,2025-05-22
C06764,MG,Sudeste,18-24,2023-02-16
C06765,SC,Sul,18-24,2022-10-03
C06766,SP,Sudeste,18-24,2023-02-07
C06767,SP,Sudeste,18-24,2025-07-19
C06768,SP,Sudeste,45-54,2025-10-11
C06769,SP,Sudeste,35-44,2025-01-27
C06770,SP,Sudeste,35-44,2025-10-04
C06771,CE,Nordeste,35-44,2025-05-26
C06772,RS,Sul,35-44,2022-03-11
C06773,ES,Sudeste,25-34,2022-06-07
C06774,GO,Centro-Oeste,55+,2025-10-16
C06775,SP,Sudeste,35-44,2023-07-09
C06776,PR,Sul,55+,2022-07-07
C06777,PE,Nordeste,45-54,2023-07-28
C06778,PR,Sul,35-44,2024-10-06
C06779,SP,Sudeste,45-54,2024-09-06
C06780,MG,Sudeste,35-44,2022-09-18
C06781,BA,Nordeste,45-54,2022-09-14
C06782,RJ,Sudeste,45-54,2024-07-22
C06783,PR,Sul,25-34,2022-05-02
C06784,SP,Sudeste,25-34,2024-10-01
C06785,SP,Sudeste,25-34,2025-08-11
C06786,MG,Sudeste,35-44,2024-05-23
C06787,MG,Sudeste,35-44,2024-07-17
C06788,PR,Sul,55+,2023-05-07
C06789,BA,Nordeste,18-24,2025-03-24
C06790,MG,Sudeste,35-44,2025-09-01
C06791,SP,Sudeste,25-34,2023-12-03
C06792,SC,Sul,35-44,2023-07-15
C06793,ES,Sudeste,55+,2024-05-07
C06794,SP,Sudeste,45-54,2025-10-20
C06795,SP,Sudeste,25-34,2023-12-20
C06796,RJ,Sudeste,25-34,2025-12-08
C06797,DF,Centro-Oeste,25-34,2023-06-25
C06798,SP,Sudeste,35-44,2025-10-28
C06799,MG,Sudeste,25-34,2023-01-29
C06800,RN,Nordeste,55+,2024-01-28
C06801,PA,Norte,25-34,2025-05-12
C06802,CE,Nordeste,35-44,2025-03-24
C06803,RS,Sul,25-34,2022-05-18
C06804,PR,Sul,25-34,2024-09-11
C06805,RJ,Sudeste,25-34,2023-07-27
C06806,SP,Sudeste,25-34,2024-02-05
C06807,SP,Sudeste,18-24,2025-12-31
C06808,RJ,Sudeste,35-44,2022-09-25
C06809,PE,Nordeste,45-54,2024-08-17
C06810,SP,Sudeste,25-34,2023-10-15
C06811,DF,Centro-Oeste,25-34,2022-11-11
C06812,SP,Sudeste,18-24,2023-06-20
C06813,RN,Nordeste,45-54,2023-08-01
C06814,SP,Sudeste,35-44,2022-03-15
C06815,DF,Centro-Oeste,18-24,2025-07-10
C06816,PR,Sul,55+,2022-05-30
C06817,SP,Sudeste,25-34,2023-08-06
C06818,SP,Sudeste,25-34,2025-03-08
C06819,RS,Sul,45-54,2022-05-16
C06820,SP,Sudeste,35-44,2025-08-25
C06821,CE,Nordeste,25-34,2022-10-07
C06822,RJ,Sudeste,35-44,2024-10-04
C06823,SP,Sudeste,55+,2024-08-27
C06824,SP,Sudeste,45-54,2023-12-15
C06825,RJ,Sudeste,45-54,2023-01-04
C06826,CE,Nordeste,45-54,2024-05-28
C06827,AM,Norte,35-44,2025-10-12
C06828,SP,Sudeste,25-34,2025-05-30
C06829,SP,Sudeste,25-34,2025-07-27
C06830,RJ,Sudeste,35-44,2023-11-17
C06831,SC,Sul,35-44,2025-09-08
C06832,CE,Nordeste,55+,2025-07-03
C06833,DF,Centro-Oeste,35-44,2024-12-04
C06834,SP,Sudeste,25-34,2024-04-24
C06835,SP,Sudeste,25-34,2024-04-16
C06836,SP,Sudeste,45-54,2023-06-05
C06837,SP,Sudeste,25-34,2024-09-17
C06838,SP,Sudeste,55+,2024-12-12
C06839,RJ,Sudeste,25-34,2025-05-25
C06840,SP,Sudeste,35-44,2023-05-09
C06841,SP,Sudeste,45-54,2025-05-24
C06842,PA,Norte,18-24,2023-08-08
C06843,PA,Norte,35-44,2022-03-08
C06844,GO,Centro-Oeste,35-44,2025-03-30
C06845,SP,Sudeste,25-34,2025-12-23
C06846,MG,Sudeste,35-44,2022-12-02
C06847,BA,Nordeste,35-44,2025-09-05
C06848,RS,Sul,25-34,2023-08-19
C06849,SP,Sudeste,55+,2025-09-27
C06850,MG,Sudeste,35-44,2022-12-11
C06851,PR,Sul,45-54,2025-09-26
C06852,SP,Sudeste,25-34,2023-01-13
C06853,SP,Sudeste,55+,2024-07-18
C06854,SP,Sudeste,35-44,2025-03-05
C06855,SC,Sul,25-34,2023-08-06
C06856,BA,Nordeste,35-44,2024-08-31
C06857,SP,Sudeste,45-54,2023-01-21
C06858,PE,Nordeste,35-44,2024-02-21
C06859,GO,Centro-Oeste,35-44,2025-11-11
C06860,SP,Sudeste,25-34,2025-11-18
C06861,PE,Nordeste,55+,2024-01-24
C06862,BA,Nordeste,25-34,2022-05-15
C06863,DF,Centro-Oeste,55+,2025-03-02
C06864,SP,Sudeste,25-34,2024-05-30
C06865,SP,Sudeste,25-34,2023-07-22
C06866,SP,Sudeste,25-34,2024-08-15
C06867,SP,Sudeste,18-24,2023-04-15
C06868,SP,Sudeste,25-34,2023-08-18
C06869,SP,Sudeste,45-54,2023-11-20
C06870,SP,Sudeste,35-44,2024-06-04
C06871,CE,Nordeste,25-34,2024-02-06
C06872,PR,Sul,35-44,2025-01-15
C06873,PR,Sul,18-24,2024-05-01
C06874,SP,Sudeste,45-54,2024-04-25
C06875,SP,Sudeste,25-34,2022-03-12
C06876,SP,Sudeste,18-24,2023-03-01
C06877,SP,Sudeste,25-34,2023-07-16
C06878,SP,Sudeste,18-24,2024-10-30
C06879,RJ,Sudeste,25-34,2022-12-30
C06880,MG,Sudeste,35-44,2024-12-07
C06881,RS,Sul,45-54,2023-10-25
C06882,BA,Nordeste,45-54,2023-06-14
C06883,CE,Nordeste,35-44,2025-10-25
C06884,SP,Sudeste,25-34,2025-07-14
C06885,MT,Centro-Oeste,35-44,2022-12-23
C06886,RS,Sul,18-24,2023-08-15
C06887,RJ,Sudeste,45-54,2023-09-20
C06888,SP,Sudeste,35-44,2024-12-27
C06889,RN,Nordeste,25-34,2024-03-28
C06890,SP,Sudeste,18-24,2024-03-21
C06891,PE,Nordeste,25-34,2024-03-14
C06892,ES,Sudeste,35-44,2023-06-26
C06893,SP,Sudeste,55+,2024-05-12
C06894,BA,Nordeste,35-44,2025-01-05
C06895,RS,Sul,45-54,2024-02-18
C06896,MG,Sudeste,18-24,2025-07-31
C06897,MG,Sudeste,35-44,2024-12-12
C06898,RS,Sul,25-34,2024-08-26
C06899,SP,Sudeste,35-44,2025-12-31
C06900,MG,Sudeste,35-44,2025-04-06
C06901,SP,Sudeste,45-54,2025-09-02
C06902,SP,Sudeste,25-34,2025-07-14
C06903,PR,Sul,45-54,2024-11-23
C06904,RJ,Sudeste,25-34,2023-01-02
C06905,SP,Sudeste,25-34,2025-06-23
C06906,RJ,Sudeste,55+,2024-05-03
C06907,SP,Sudeste,25-34,2023-01-29
C06908,RJ,Sudeste,35-44,2024-09-13
C06909,RS,Sul,35-44,2025-02-14
C06910,BA,Nordeste,55+,2025-09-09
C06911,PE,Nordeste,55+,2025-05-18
C06912,RS,Sul,18-24,2025-06-11
C06913,GO,Centro-Oeste,35-44,2024-01-17
C06914,RJ,Sudeste,25-34,2025-01-11
C06915,MG,Sudeste,35-44,2025-03-20
C06916,RJ,Sudeste,55+,2024-03-09
C06917,SP,Sudeste,35-44,2025-03-01
C06918,PR,Sul,18-24,2024-07-05
C06919,PE,Nordeste,35-44,2025-10-08
C06920,SP,Sudeste,55+,2024-01-25
C06921,SP,Sudeste,45-54,2024-03-24
C06922,RJ,Sudeste,55+,2022-04-12
C06923,MG,Sudeste,35-44,2025-11-20
C06924,SP,Sudeste,35-44,2024-11-19
C06925,PE,Nordeste,35-44,2022-05-02
C06926,MG,Sudeste,25-34,2024-12-26
C06927,SP,Sudeste,25-34,2025-02-11
C06928,SP,Sudeste,35-44,2023-05-18
C06929,SC,Sul,25-34,2024-05-11
C06930,SP,Sudeste,35-44,2023-11-27
C06931,SP,Sudeste,25-34,2023-12-21
C06932,PR,Sul,45-54,2023-12-03
C06933,SP,Sudeste,45-54,2022-12-10
C06934,SP,Sudeste,35-44,2023-07-13
C06935,SP,Sudeste,35-44,2024-12-10
C06936,SP,Sudeste,25-34,2025-05-02
C06937,MT,Centro-Oeste,25-34,2025-04-29
C06938,DF,Centro-Oeste,25-34,2022-02-15
C06939,RJ,Sudeste,18-24,2022-04-29
C06940,SC,Sul,55+,2024-06-14
C06941,ES,Sudeste,25-34,2023-08-14
C06942,RJ,Sudeste,18-24,2024-01-21
C06943,SP,Sudeste,25-34,2023-07-08
C06944,PA,Norte,35-44,2023-03-14
C06945,DF,Centro-Oeste,25-34,2024-05-15
C06946,SP,Sudeste,55+,2024-09-17
C06947,SP,Sudeste,25-34,2025-04-08
C06948,SP,Sudeste,35-44,2023-03-26
C06949,MT,Centro-Oeste,55+,2025-06-13
C06950,CE,Nordeste,18-24,2023-04-18
C06951,ES,Sudeste,45-54,2022-06-11
C06952,PE,Nordeste,45-54,2023-08-20
C06953,PE,Nordeste,35-44,2025-03-22
C06954,SP,Sudeste,35-44,2024-07-25
C06955,SP,Sudeste,35-44,2024-01-24
C06956,RS,Sul,25-34,2023-06-27
C06957,RJ,Sudeste,35-44,2023-08-21
C06958,SP,Sudeste,25-34,2022-11-26
C06959,SP,Sudeste,25-34,2022-03-30
C06960,DF,Centro-Oeste,25-34,2025-04-17
C06961,PE,Nordeste,35-44,2025-07-02
C06962,BA,Nordeste,18-24,2021-12-16
C06963,SP,Sudeste,35-44,2023-12-03
C06964,ES,Sudeste,18-24,2025-02-24
C06965,SP,Sudeste,25-34,2023-07-03
C06966,RJ,Sudeste,25-34,2022-12-07
C06967,SP,Sudeste,35-44,2025-09-13
C06968,SP,Sudeste,45-54,2025-07-14
C06969,SP,Sudeste,55+,2023-12-25
C06970,MG,Sudeste,55+,2024-12-06
C06971,SP,Sudeste,45-54,2024-07-19
C06972,MG,Sudeste,45-54,2022-12-13
C06973,SP,Sudeste,35-44,2024-07-01
C06974,DF,Centro-Oeste,25-34,2022-12-07
C06975,MG,Sudeste,25-34,2024-10-17
C06976,SP,Sudeste,35-44,2024-04-11
C06977,SP,Sudeste,25-34,2022-03-24
C06978,MG,Sudeste,55+,2022-12-24
C06979,ES,Sudeste,55+,2024-07-08
C06980,SP,Sudeste,35-44,2022-09-14
C06981,SP,Sudeste,35-44,2023-04-29
C06982,SP,Sudeste,25-34,2024-11-11
C06983,SP,Sudeste,18-24,2023-08-29
C06984,PR,Sul,25-34,2025-09-28
C06985,SP,Sudeste,45-54,2023-04-11
C06986,RS,Sul,35-44,2024-03-28
C06987,SC,Sul,25-34,2025-01-03
C06988,SP,Sudeste,25-34,2024-04-16
C06989,BA,Nordeste,45-54,2023-03-02
C06990,MG,Sudeste,45-54,2025-09-08
C06991,RS,Sul,45-54,2025-01-15
C06992,DF,Centro-Oeste,25-34,2024-02-10
C06993,PR,Sul,55+,2023-03-24
C06994,RJ,Sudeste,25-34,2024-12-23
C06995,SP,Sudeste,25-34,2025-09-09
C06996,RJ,Sudeste,18-24,2025-10-02
C06997,MG,Sudeste,35-44,2024-11-02
C06998,RS,Sul,25-34,2024-08-20
C06999,PR,Sul,25-34,2024-09-12
C07000,PR,Sul,45-54,2022-05-02
C07001,GO,Centro-Oeste,18-24,2023-09-30
C07002,BA,Nordeste,35-44,2024-12-26
C07003,SP,Sudeste,35-44,2024-09-07
C07004,AM,Norte,55+,2024-04-22
C07005,SP,Sudeste,35-44,2025-10-18
C07006,SP,Sudeste,55+,2025-02-09
C07007,SP,Sudeste,35-44,2025-10-18
C07008,PE,Nordeste,45-54,2023-06-27
C07009,AM,Norte,25-34,2023-05-06
C07010,SP,Sudeste,35-44,2023-11-21
C07011,MG,Sudeste,35-44,2025-01-25
C07012,SP,Sudeste,55+,2022-07-15
C07013,RJ,Sudeste,55+,2022-01-16
C07014,RJ,Sudeste,25-34,2024-11-07
C07015,BA,Nordeste,55+,2025-04-13
C07016,PR,Sul,35-44,2022-02-22
C07017,BA,Nordeste,35-44,2022-07-09
C07018,CE,Nordeste,25-34,2024-10-15
C07019,PA,Norte,35-44,2024-08-30
C07020,SP,Sudeste,35-44,2024-02-19
C07021,BA,Nordeste,55+,2025-12-10
C07022,RS,Sul,45-54,2024-02-11
C07023,PA,Norte,18-24,2022-05-17
C07024,SP,Sudeste,45-54,2023-08-24
C07025,RS,Sul,25-34,2025-09-24
C07026,DF,Centro-Oeste,35-44,2022-10-17
C07027,CE,Nordeste,55+,2024-04-30
C07028,MG,Sudeste,35-44,2022-09-12
C07029,SP,Sudeste,35-44,2025-04-25
C07030,PE,Nordeste,35-44,2025-02-22
C07031,MG,Sudeste,18-24,2025-09-06
C07032,ES,Sudeste,35-44,2025-08-30
C07033,DF,Centro-Oeste,25-34,2024-10-25
C07034,SP,Sudeste,35-44,2024-06-01
C07035,SP,Sudeste,25-34,2025-03-09
C07036,SP,Sudeste,45-54,2024-05-12
C07037,SP,Sudeste,45-54,2025-08-19
C07038,DF,Centro-Oeste,25-34,2025-01-17
C07039,SP,Sudeste,35-44,2024-03-21
C07040,MG,Sudeste,25-34,2023-10-01
C07041,BA,Nordeste,35-44,2022-06-03
C07042,DF,Centro-Oeste,25-34,2025-01-30
C07043,PA,Norte,35-44,2024-11-22
C07044,SP,Sudeste,55+,2025-08-02
C07045,MG,Sudeste,35-44,2025-04-22
C07046,SP,Sudeste,35-44,2022-04-10
C07047,SP,Sudeste,55+,2022-12-27
C07048,BA,Nordeste,25-34,2023-03-26
C07049,BA,Nordeste,35-44,2025-04-06
C07050,SP,Sudeste,25-34,2025-12-23
C07051,MG,Sudeste,18-24,2025-07-18
C07052,ES,Sudeste,35-44,2023-08-26
C07053,SP,Sudeste,55+,2024-07-17
C07054,GO,Centro-Oeste,18-24,2025-01-17
C07055,SP,Sudeste,25-34,2023-12-05
C07056,RJ,Sudeste,35-44,2025-02-19
C07057,RN,Nordeste,18-24,2024-09-22
C07058,SP,Sudeste,25-34,2023-11-29
C07059,RJ,Sudeste,35-44,2023-11-17
C07060,SP,Sudeste,45-54,2023-12-27
C07061,RS,Sul,35-44,2024-12-09
C07062,SP,Sudeste,25-34,2024-06-17
C07063,MG,Sudeste,35-44,2025-03-25
C07064,BA,Nordeste,25-34,2023-06-05
C07065,DF,Centro-Oeste,35-44,2023-02-06
C07066,PE,Nordeste,25-34,2025-08-12
C07067,BA,Nordeste,45-54,2024-04-04
C07068,SC,Sul,25-34,2023-11-12
C07069,SP,Sudeste,25-34,2025-04-07
C07070,RJ,Sudeste,18-24,2024-08-10
C07071,RJ,Sudeste,35-44,2025-05-27
C07072,SP,Sudeste,25-34,2025-06-04
C07073,MT,Centro-Oeste,18-24,2022-09-13
C07074,PR,Sul,35-44,2022-02-18
C07075,RJ,Sudeste,25-34,2022-06-07
C07076,SP,Sudeste,45-54,2023-06-01
C07077,SP,Sudeste,55+,2024-07-11
C07078,MG,Sudeste,18-24,2024-11-26
C07079,MG,Sudeste,45-54,2025-12-20
C07080,SP,Sudeste,45-54,2024-01-19
C07081,CE,Nordeste,55+,2022-10-07
C07082,SP,Sudeste,35-44,2025-11-07
C07083,MG,Sudeste,55+,2023-04-23
C07084,DF,Centro-Oeste,25-34,2023-06-29
C07085,MG,Sudeste,45-54,2025-02-08
C07086,SP,Sudeste,25-34,2023-04-04
C07087,SP,Sudeste,45-54,2025-09-09
C07088,RS,Sul,25-34,2025-05-21
C07089,RJ,Sudeste,55+,2024-03-27
C07090,SP,Sudeste,25-34,2023-06-29
C07091,RJ,Sudeste,25-34,2025-11-27
C07092,SP,Sudeste,55+,2022-03-22
C07093,SP,Sudeste,35-44,2024-03-26
C07094,MG,Sudeste,25-34,2022-12-10
C07095,SP,Sudeste,55+,2025-01-16
C07096,SP,Sudeste,25-34,2022-02-08
C07097,MG,Sudeste,18-24,2025-08-11
C07098,PE,Nordeste,45-54,2022-01-03
C07099,MG,Sudeste,25-34,2021-12-15
C07100,PR,Sul,55+,2025-02-15
C07101,RS,Sul,25-34,2022-05-04
C07102,SP,Sudeste,35-44,2024-02-22
C07103,RJ,Sudeste,35-44,2023-10-06
C07104,BA,Nordeste,55+,2025-07-13
C07105,SP,Sudeste,25-34,2024-08-31
C07106,ES,Sudeste,55+,2024-04-30
C07107,SP,Sudeste,35-44,2024-08-24
C07108,SP,Sudeste,55+,2023-09-03
C07109,SP,Sudeste,45-54,2024-03-09
C07110,RS,Sul,35-44,2025-05-11
C07111,MG,Sudeste,35-44,2024-12-24
C07112,RS,Sul,35-44,2024-06-10
C07113,SP,Sudeste,18-24,2022-07-06
C07114,DF,Centro-Oeste,55+,2025-08-16
C07115,PR,Sul,18-24,2025-07-19
C07116,BA,Nordeste,35-44,2025-04-25
C07117,SP,Sudeste,35-44,2023-02-13
C07118,MG,Sudeste,25-34,2025-12-11
C07119,SP,Sudeste,25-34,2022-01-02
C07120,SP,Sudeste,25-34,2025-06-07
C07121,RJ,Sudeste,25-34,2025-11-21
C07122,SP,Sudeste,45-54,2022-04-10
C07123,PR,Sul,18-24,2025-01-20
C07124,AM,Norte,35-44,2023-05-29
C07125,BA,Nordeste,55+,2024-10-27
C07126,SP,Sudeste,25-34,2025-04-12
C07127,SP,Sudeste,35-44,2025-04-22
C07128,MG,Sudeste,45-54,2023-09-14
C07129,RJ,Sudeste,25-34,2024-09-18
C07130,RS,Sul,25-34,2025-07-06
C07131,MG,Sudeste,35-44,2025-02-28
C07132,RS,Sul,25-34,2025-06-03
C07133,SP,Sudeste,55+,2025-12-01
C07134,SP,Sudeste,35-44,2025-07-16
C07135,MT,Centro-Oeste,35-44,2024-08-09
C07136,SP,Sudeste,35-44,2023-12-19
C07137,RJ,Sudeste,35-44,2024-10-12
C07138,MG,Sudeste,25-34,2024-11-15
C07139,RJ,Sudeste,45-54,2025-05-26
C07140,SP,Sudeste,25-34,2023-10-25
C07141,MG,Sudeste,45-54,2022-03-09
C07142,SC,Sul,25-34,2023-08-10
C07143,SP,Sudeste,55+,2022-08-01
C07144,RJ,Sudeste,55+,2023-11-11
C07145,PA,Norte,25-34,2024-11-10
C07146,SP,Sudeste,55+,2023-04-14
C07147,PR,Sul,35-44,2024-08-24
C07148,RS,Sul,25-34,2024-05-12
C07149,CE,Nordeste,18-24,2024-12-06
C07150,SP,Sudeste,25-34,2025-05-19
C07151,PR,Sul,45-54,2024-09-07
C07152,RN,Nordeste,18-24,2022-06-07
C07153,MG,Sudeste,25-34,2024-11-13
C07154,RJ,Sudeste,45-54,2024-02-20
C07155,RJ,Sudeste,25-34,2024-09-02
C07156,BA,Nordeste,45-54,2024-04-30
C07157,PR,Sul,25-34,2022-04-14
C07158,RS,Sul,25-34,2022-04-25
C07159,MG,Sudeste,45-54,2025-11-27
C07160,MG,Sudeste,25-34,2025-10-20
C07161,BA,Nordeste,25-34,2023-06-12
C07162,BA,Nordeste,35-44,2023-11-22
C07163,ES,Sudeste,25-34,2024-11-02
C07164,SP,Sudeste,55+,2025-09-06
C07165,SP,Sudeste,45-54,2024-03-18
C07166,DF,Centro-Oeste,25-34,2024-06-17
C07167,SP,Sudeste,18-24,2024-04-16
C07168,CE,Nordeste,45-54,2025-03-02
C07169,BA,Nordeste,25-34,2024-03-26
C07170,SP,Sudeste,18-24,2024-09-11
C07171,BA,Nordeste,25-34,2022-06-07
C07172,GO,Centro-Oeste,25-34,2022-12-22
C07173,MG,Sudeste,25-34,2025-05-29
C07174,PE,Nordeste,25-34,2023-07-08
C07175,CE,Nordeste,35-44,2022-08-08
C07176,PA,Norte,45-54,2025-07-26
C07177,BA,Nordeste,35-44,2023-11-22
C07178,SP,Sudeste,35-44,2023-05-21
C07179,MG,Sudeste,45-54,2025-03-26
C07180,CE,Nordeste,55+,2022-02-23
C07181,SP,Sudeste,25-34,2023-05-13
C07182,GO,Centro-Oeste,25-34,2022-12-08
C07183,RJ,Sudeste,25-34,2023-11-01
C07184,PR,Sul,45-54,2023-04-22
C07185,CE,Nordeste,45-54,2022-06-23
C07186,RS,Sul,35-44,2023-10-11
C07187,SP,Sudeste,35-44,2023-06-15
C07188,MG,Sudeste,45-54,2024-03-07
C07189,SP,Sudeste,45-54,2025-09-11
C07190,RJ,Sudeste,25-34,2023-03-07
C07191,PA,Norte,25-34,2025-05-11
C07192,PA,Norte,55+,2023-12-02
C07193,MG,Sudeste,35-44,2023-12-07
C07194,RJ,Sudeste,25-34,2025-02-12
C07195,SP,Sudeste,45-54,2024-03-04
C07196,RJ,Sudeste,55+,2022-11-11
C07197,SP,Sudeste,45-54,2023-04-28
C07198,BA,Nordeste,25-34,2023-07-26
C07199,SP,Sudeste,35-44,2023-12-19
C07200,MG,Sudeste,35-44,2025-04-16
C07201,RJ,Sudeste,35-44,2025-06-01
C07202,RJ,Sudeste,35-44,2025-07-17
C07203,PA,Norte,35-44,2023-07-11
C07204,MG,Sudeste,45-54,2024-03-29
C07205,ES,Sudeste,18-24,2025-11-27
C07206,SP,Sudeste,35-44,2024-11-26
C07207,MG,Sudeste,25-34,2022-06-12
C07208,RJ,Sudeste,25-34,2023-10-24
C07209,PA,Norte,18-24,2023-10-24
C07210,SP,Sudeste,55+,2024-10-04
C07211,SP,Sudeste,35-44,2021-12-21
C07212,RJ,Sudeste,35-44,2023-10-29
C07213,SP,Sudeste,25-34,2022-09-09
C07214,SC,Sul,25-34,2022-04-30
C07215,RJ,Sudeste,18-24,2024-08-30
C07216,RS,Sul,18-24,2024-10-12
C07217,SP,Sudeste,45-54,2024-01-12
C07218,SP,Sudeste,25-34,2024-12-08
C07219,MT,Centro-Oeste,35-44,2023-04-21
C07220,RS,Sul,35-44,2024-05-12
C07221,MG,Sudeste,45-54,2023-11-02
C07222,ES,Sudeste,35-44,2023-11-12
C07223,PA,Norte,18-24,2024-09-10
C07224,RJ,Sudeste,25-34,2023-07-31
C07225,PR,Sul,45-54,2024-07-20
C07226,ES,Sudeste,55+,2025-10-05
C07227,RS,Sul,35-44,2024-05-17
C07228,AM,Norte,35-44,2025-05-10
C07229,MG,Sudeste,18-24,2024-10-04
C07230,SP,Sudeste,25-34,2025-04-18
C07231,SP,Sudeste,45-54,2024-12-03
C07232,RJ,Sudeste,25-34,2023-03-31
C07233,SP,Sudeste,35-44,2025-04-26
C07234,PA,Norte,45-54,2024-04-13
C07235,SP,Sudeste,25-34,2025-10-28
C07236,MG,Sudeste,35-44,2023-11-09
C07237,RS,Sul,18-24,2022-10-04
C07238,SP,Sudeste,55+,2021-12-31
C07239,SP,Sudeste,55+,2025-05-27
C07240,SP,Sudeste,25-34,2024-12-04
C07241,RJ,Sudeste,35-44,2023-05-22
C07242,RS,Sul,25-34,2025-06-28
C07243,RJ,Sudeste,55+,2024-06-04
C07244,SP,Sudeste,25-34,2022-12-13
C07245,SP,Sudeste,55+,2022-04-19
C07246,BA,Nordeste,45-54,2025-04-25
C07247,PR,Sul,18-24,2025-07-10
C07248,GO,Centro-Oeste,18-24,2022-03-18
C07249,SP,Sudeste,55+,2022-04-18
C07250,SC,Sul,35-44,2025-10-11
C07251,SP,Sudeste,25-34,2025-03-17
C07252,PE,Nordeste,25-34,2024-04-19
C07253,PR,Sul,25-34,2025-09-10
C07254,GO,Centro-Oeste,35-44,2025-02-28
C07255,BA,Nordeste,25-34,2025-11-28
C07256,SP,Sudeste,35-44,2023-10-16
C07257,RJ,Sudeste,55+,2024-12-24
C07258,PR,Sul,45-54,2022-12-23
C07259,MG,Sudeste,18-24,2022-04-22
C07260,RS,Sul,25-34,2024-10-31
C07261,SP,Sudeste,45-54,2024-01-16
C07262,GO,Centro-Oeste,18-24,2023-03-31
C07263,RJ,Sudeste,25-34,2023-06-02
C07264,AM,Norte,25-34,2025-10-15
C07265,SP,Sudeste,55+,2024-02-12
C07266,RJ,Sudeste,25-34,2022-12-15
C07267,SP,Sudeste,18-24,2023-03-20
C07268,SP,Sudeste,45-54,2024-07-04
C07269,RJ,Sudeste,25-34,2023-03-02
C07270,GO,Centro-Oeste,45-54,2025-11-12
C07271,SP,Sudeste,45-54,2024-06-09
C07272,SP,Sudeste,25-34,2025-08-17
C07273,SP,Sudeste,25-34,2024-06-20
C07274,SP,Sudeste,35-44,2025-03-05
C07275,RJ,Sudeste,35-44,2024-10-20
C07276,PR,Sul,35-44,2023-03-05
C07277,PR,Sul,45-54,2023-12-16
C07278,RJ,Sudeste,35-44,2024-07-21
C07279,SP,Sudeste,55+,2023-09-09
C07280,SP,Sudeste,35-44,2024-02-20
C07281,PE,Nordeste,18-24,2025-08-27
C07282,CE,Nordeste,55+,2025-02-06
C07283,SP,Sudeste,18-24,2025-10-14
C07284,MG,Sudeste,35-44,2024-01-25
C07285,SP,Sudeste,45-54,2022-01-22
C07286,RJ,Sudeste,25-34,2022-08-27
C07287,RJ,Sudeste,25-34,2025-02-15
C07288,PA,Norte,55+,2025-10-09
C07289,PR,Sul,18-24,2023-08-09
C07290,SP,Sudeste,25-34,2022-07-10
C07291,SC,Sul,45-54,2023-03-20
C07292,SP,Sudeste,45-54,2023-06-28
C07293,RS,Sul,25-34,2024-08-21
C07294,SP,Sudeste,25-34,2025-04-03
C07295,BA,Nordeste,25-34,2024-10-28
C07296,RJ,Sudeste,35-44,2024-02-09
C07297,BA,Nordeste,18-24,2025-09-29
C07298,SP,Sudeste,55+,2025-01-05
C07299,PE,Nordeste,35-44,2025-05-07
C07300,GO,Centro-Oeste,18-24,2022-11-17
C07301,MG,Sudeste,35-44,2025-10-31
C07302,RJ,Sudeste,25-34,2024-08-20
C07303,SP,Sudeste,25-34,2023-09-17
C07304,RJ,Sudeste,55+,2022-11-17
C07305,SP,Sudeste,18-24,2024-05-23
C07306,SP,Sudeste,25-34,2025-02-26
C07307,SP,Sudeste,45-54,2025-09-16
C07308,BA,Nordeste,25-34,2025-04-24
C07309,SP,Sudeste,25-34,2025-04-01
C07310,RN,Nordeste,25-34,2025-11-17
C07311,SP,Sudeste,35-44,2023-08-13
C07312,SP,Sudeste,35-44,2025-06-02
C07313,RS,Sul,25-34,2023-10-31
C07314,SP,Sudeste,25-34,2025-09-21
C07315,RN,Nordeste,25-34,2025-10-26
C07316,SP,Sudeste,25-34,2025-09-03
C07317,BA,Nordeste,55+,2025-06-19
C07318,SP,Sudeste,35-44,2025-06-03
C07319,PA,Norte,35-44,2023-06-05
C07320,RS,Sul,55+,2025-12-31
C07321,BA,Nordeste,25-34,2024-03-22
C07322,RN,Nordeste,25-34,2024-11-16
C07323,PE,Nordeste,35-44,2025-09-05
C07324,RJ,Sudeste,25-34,2022-12-13
C07325,SP,Sudeste,35-44,2022-03-03
C07326,MG,Sudeste,25-34,2025-01-22
C07327,SP,Sudeste,45-54,2024-09-01
C07328,PR,Sul,35-44,2024-10-15
C07329,SP,Sudeste,25-34,2023-09-02
C07330,RJ,Sudeste,25-34,2025-07-23
C07331,PE,Nordeste,35-44,2023-12-21
C07332,SP,Sudeste,35-44,2025-07-22
C07333,RJ,Sudeste,35-44,2025-05-17
C07334,SC,Sul,25-34,2025-05-12
C07335,MG,Sudeste,45-54,2024-08-16
C07336,RJ,Sudeste,35-44,2025-11-07
C07337,SP,Sudeste,35-44,2025-10-18
C07338,DF,Centro-Oeste,35-44,2022-06-15
C07339,SP,Sudeste,25-34,2023-07-28
C07340,PR,Sul,25-34,2022-09-03
C07341,RJ,Sudeste,25-34,2023-07-27
C07342,RS,Sul,25-34,2024-11-24
C07343,BA,Nordeste,25-34,2024-09-18
C07344,BA,Nordeste,25-34,2024-09-26
C07345,AM,Norte,25-34,2025-05-30
C07346,RJ,Sudeste,45-54,2023-09-24
C07347,SP,Sudeste,25-34,2024-04-20
C07348,SP,Sudeste,45-54,2025-05-19
C07349,ES,Sudeste,35-44,2022-07-02
C07350,SC,Sul,25-34,2023-07-19
C07351,MG,Sudeste,55+,2024-02-19
C07352,MG,Sudeste,55+,2021-12-20
C07353,SP,Sudeste,25-34,2023-10-25
C07354,SP,Sudeste,25-34,2024-12-30
C07355,RJ,Sudeste,35-44,2023-06-24
C07356,SP,Sudeste,25-34,2025-11-18
C07357,ES,Sudeste,45-54,2024-10-20
C07358,ES,Sudeste,35-44,2024-11-02
C07359,RJ,Sudeste,35-44,2023-04-27
C07360,MG,Sudeste,25-34,2024-01-10
C07361,DF,Centro-Oeste,18-24,2024-05-30
C07362,SP,Sudeste,25-34,2022-06-03
C07363,SP,Sudeste,18-24,2024-10-18
C07364,SP,Sudeste,25-34,2023-08-10
C07365,PR,Sul,55+,2025-08-27
C07366,SC,Sul,25-34,2022-06-14
C07367,RJ,Sudeste,25-34,2023-06-10
C07368,PR,Sul,25-34,2023-02-05
C07369,DF,Centro-Oeste,18-24,2023-12-16
C07370,SP,Sudeste,35-44,2023-04-30
C07371,PR,Sul,25-34,2023-10-01
C07372,ES,Sudeste,35-44,2025-03-15
C07373,SC,Sul,18-24,2023-07-19
C07374,MT,Centro-Oeste,55+,2024-12-06
C07375,SP,Sudeste,35-44,2022-10-27
C07376,SP,Sudeste,45-54,2022-07-18
C07377,RJ,Sudeste,35-44,2025-08-29
C07378,DF,Centro-Oeste,35-44,2023-06-08
C07379,SP,Sudeste,25-34,2023-08-07
C07380,GO,Centro-Oeste,55+,2024-05-30
C07381,PR,Sul,35-44,2025-11-15
C07382,SC,Sul,25-34,2023-02-07
C07383,MG,Sudeste,18-24,2022-01-15
C07384,SP,Sudeste,25-34,2025-03-13
C07385,RS,Sul,18-24,2024-05-07
C07386,DF,Centro-Oeste,25-34,2023-01-11
C07387,PA,Norte,45-54,2025-12-10
C07388,RS,Sul,25-34,2022-07-14
C07389,MG,Sudeste,35-44,2024-07-27
C07390,RJ,Sudeste,45-54,2024-01-25
C07391,GO,Centro-Oeste,55+,2024-04-06
C07392,GO,Centro-Oeste,35-44,2024-01-25
C07393,SP,Sudeste,45-54,2025-09-10
C07394,SP,Sudeste,25-34,2024-03-20
C07395,MG,Sudeste,45-54,2024-11-09
C07396,PR,Sul,35-44,2024-08-07
C07397,MG,Sudeste,35-44,2023-02-24
C07398,RJ,Sudeste,55+,2022-08-17
C07399,BA,Nordeste,45-54,2025-07-10
C07400,SP,Sudeste,45-54,2024-05-02
C07401,RS,Sul,35-44,2024-02-24
C07402,MG,Sudeste,35-44,2023-11-22
C07403,RJ,Sudeste,35-44,2024-10-06
C07404,RN,Nordeste,25-34,2023-05-20
C07405,SP,Sudeste,55+,2023-06-07
C07406,PR,Sul,45-54,2023-05-14
C07407,PE,Nordeste,18-24,2024-04-21
C07408,PR,Sul,18-24,2024-01-21
C07409,BA,Nordeste,45-54,2023-12-22
C07410,RJ,Sudeste,25-34,2022-08-26
C07411,GO,Centro-Oeste,25-34,2023-10-22
C07412,MG,Sudeste,25-34,2022-07-14
C07413,RJ,Sudeste,35-44,2023-09-22
C07414,PA,Norte,25-34,2022-03-22
C07415,SP,Sudeste,55+,2023-10-02
C07416,SP,Sudeste,25-34,2023-05-31
C07417,SP,Sudeste,25-34,2023-08-14
C07418,DF,Centro-Oeste,55+,2025-10-03
C07419,RJ,Sudeste,25-34,2025-04-10
C07420,SP,Sudeste,25-34,2025-05-04
C07421,SP,Sudeste,25-34,2023-10-10
C07422,SP,Sudeste,35-44,2024-10-23
C07423,RJ,Sudeste,45-54,2024-05-23
C07424,MG,Sudeste,18-24,2025-07-10
C07425,SP,Sudeste,45-54,2024-11-11
C07426,SP,Sudeste,18-24,2023-07-11
C07427,PR,Sul,25-34,2024-02-05
C07428,RJ,Sudeste,25-34,2024-12-28
C07429,SP,Sudeste,25-34,2024-12-22
C07430,SP,Sudeste,45-54,2022-12-17
C07431,PA,Norte,25-34,2024-09-29
C07432,SP,Sudeste,25-34,2024-04-30
C07433,DF,Centro-Oeste,25-34,2024-04-18
C07434,MG,Sudeste,25-34,2023-05-10
C07435,SP,Sudeste,25-34,2024-05-16
C07436,RJ,Sudeste,25-34,2024-09-19
C07437,SP,Sudeste,25-34,2022-10-25
C07438,RJ,Sudeste,25-34,2025-03-29
C07439,RJ,Sudeste,18-24,2025-03-07
C07440,SP,Sudeste,25-34,2025-07-24
C07441,BA,Nordeste,45-54,2024-08-10
C07442,SP,Sudeste,45-54,2025-09-12
C07443,SP,Sudeste,35-44,2023-08-08
C07444,SP,Sudeste,35-44,2023-02-09
C07445,PR,Sul,45-54,2025-10-15
C07446,RJ,Sudeste,18-24,2024-07-04
C07447,SP,Sudeste,55+,2025-06-04
C07448,MG,Sudeste,35-44,2023-11-23
C07449,DF,Centro-Oeste,45-54,2023-06-05
C07450,BA,Nordeste,18-24,2024-12-11
C07451,SP,Sudeste,35-44,2025-10-31
C07452,BA,Nordeste,25-34,2025-07-11
C07453,SP,Sudeste,25-34,2022-01-13
C07454,AM,Norte,25-34,2024-07-16
C07455,SP,Sudeste,45-54,2024-01-30
C07456,SP,Sudeste,45-54,2022-12-24
C07457,DF,Centro-Oeste,25-34,2024-09-22
C07458,SP,Sudeste,35-44,2024-01-17
C07459,SP,Sudeste,18-24,2024-04-19
C07460,PE,Nordeste,18-24,2025-07-01
C07461,PR,Sul,45-54,2024-03-12
C07462,MG,Sudeste,35-44,2023-08-08
C07463,MT,Centro-Oeste,25-34,2025-11-28
C07464,DF,Centro-Oeste,25-34,2025-01-19
C07465,SP,Sudeste,45-54,2024-02-26
C07466,CE,Nordeste,18-24,2023-03-19
C07467,RJ,Sudeste,35-44,2021-12-30
C07468,SP,Sudeste,35-44,2025-02-07
C07469,PR,Sul,25-34,2025-09-01
C07470,MG,Sudeste,55+,2022-05-30
C07471,GO,Centro-Oeste,35-44,2022-12-05
C07472,CE,Nordeste,25-34,2022-08-03
C07473,SP,Sudeste,35-44,2023-08-07
C07474,SP,Sudeste,35-44,2024-08-30
C07475,RN,Nordeste,25-34,2023-12-11
C07476,RJ,Sudeste,35-44,2024-10-01
C07477,RS,Sul,18-24,2024-07-19
C07478,DF,Centro-Oeste,25-34,2024-03-13
C07479,SP,Sudeste,25-34,2025-03-05
C07480,PR,Sul,45-54,2024-07-24
C07481,MG,Sudeste,25-34,2024-09-09
C07482,PA,Norte,25-34,2024-04-08
C07483,PR,Sul,25-34,2022-03-26
C07484,BA,Nordeste,25-34,2024-06-28
C07485,SP,Sudeste,25-34,2022-06-25
C07486,MG,Sudeste,25-34,2025-09-19
C07487,SP,Sudeste,25-34,2024-07-01
C07488,RJ,Sudeste,35-44,2024-06-16
C07489,SP,Sudeste,35-44,2023-07-21
C07490,MT,Centro-Oeste,45-54,2022-04-09
C07491,RS,Sul,35-44,2023-12-25
C07492,SP,Sudeste,55+,2022-02-17
C07493,MG,Sudeste,25-34,2022-10-17
C07494,CE,Nordeste,25-34,2022-09-27
C07495,SC,Sul,18-24,2024-06-27
C07496,SC,Sul,35-44,2021-12-30
C07497,CE,Nordeste,35-44,2025-08-25
C07498,MG,Sudeste,25-34,2024-05-14
C07499,SP,Sudeste,18-24,2025-03-06
C07500,RS,Sul,45-54,2023-12-16
C07501,SP,Sudeste,18-24,2023-09-25
C07502,SP,Sudeste,35-44,2023-05-27
C07503,GO,Centro-Oeste,25-34,2023-08-17
C07504,RS,Sul,25-34,2023-09-08
C07505,SP,Sudeste,25-34,2023-01-04
C07506,RJ,Sudeste,25-34,2023-06-24
C07507,PA,Norte,18-24,2023-01-17
C07508,BA,Nordeste,35-44,2022-12-19
C07509,RJ,Sudeste,45-54,2023-05-19
C07510,PR,Sul,55+,2022-02-24
C07511,PE,Nordeste,18-24,2025-08-19
C07512,ES,Sudeste,18-24,2025-07-12
C07513,MG,Sudeste,45-54,2023-11-22
C07514,RS,Sul,35-44,2022-12-26
C07515,SP,Sudeste,45-54,2022-08-02
C07516,SP,Sudeste,45-54,2025-11-24
C07517,RS,Sul,25-34,2023-03-08
C07518,SP,Sudeste,18-24,2023-07-15
C07519,RJ,Sudeste,25-34,2023-09-17
C07520,DF,Centro-Oeste,45-54,2024-10-06
C07521,RJ,Sudeste,35-44,2022-02-27
C07522,RS,Sul,35-44,2024-06-18
C07523,MG,Sudeste,35-44,2024-01-20
C07524,RS,Sul,35-44,2024-07-17
C07525,SP,Sudeste,18-24,2022-02-19
C07526,GO,Centro-Oeste,18-24,2023-12-11
C07527,BA,Nordeste,45-54,2023-07-20
C07528,BA,Nordeste,35-44,2024-05-26
C07529,ES,Sudeste,18-24,2024-02-27
C07530,GO,Centro-Oeste,55+,2023-01-06
C07531,RS,Sul,35-44,2022-01-14
C07532,RJ,Sudeste,55+,2023-02-18
C07533,MG,Sudeste,55+,2023-05-12
C07534,SP,Sudeste,35-44,2025-03-22
C07535,SP,Sudeste,55+,2024-01-04
C07536,SC,Sul,35-44,2024-08-07
C07537,DF,Centro-Oeste,25-34,2025-12-29
C07538,PE,Nordeste,18-24,2024-11-17
C07539,PR,Sul,35-44,2023-08-06
C07540,RJ,Sudeste,25-34,2021-12-30
C07541,MG,Sudeste,55+,2025-02-17
C07542,SP,Sudeste,25-34,2025-01-28
C07543,MG,Sudeste,55+,2025-12-29
C07544,BA,Nordeste,35-44,2022-12-01
C07545,BA,Nordeste,55+,2023-04-20
C07546,RN,Nordeste,25-34,2025-11-05
C07547,PR,Sul,45-54,2023-10-23
C07548,CE,Nordeste,18-24,2023-03-29
C07549,MG,Sudeste,25-34,2024-11-25
C07550,RJ,Sudeste,45-54,2023-08-28
C07551,PE,Nordeste,35-44,2023-11-13
C07552,SP,Sudeste,55+,2025-04-24
C07553,RJ,Sudeste,55+,2025-05-03
C07554,DF,Centro-Oeste,25-34,2025-07-01
C07555,RJ,Sudeste,35-44,2023-07-20
C07556,SP,Sudeste,35-44,2023-12-10
C07557,SP,Sudeste,25-34,2024-07-11
C07558,RS,Sul,45-54,2025-10-04
C07559,DF,Centro-Oeste,35-44,2024-07-11
C07560,DF,Centro-Oeste,45-54,2023-07-10
C07561,SP,Sudeste,45-54,2023-08-14
C07562,DF,Centro-Oeste,35-44,2025-08-05
C07563,RS,Sul,35-44,2025-04-12
C07564,MG,Sudeste,25-34,2025-02-09
C07565,SP,Sudeste,25-34,2024-01-14
C07566,PE,Nordeste,35-44,2024-04-06
C07567,PR,Sul,55+,2025-01-04
C07568,SP,Sudeste,35-44,2022-04-17
C07569,PE,Nordeste,25-34,2023-09-04
C07570,CE,Nordeste,55+,2024-06-10
C07571,BA,Nordeste,25-34,2025-06-30
C07572,ES,Sudeste,25-34,2023-07-16
C07573,PR,Sul,25-34,2022-05-03
C07574,SP,Sudeste,25-34,2023-10-03
C07575,SP,Sudeste,25-34,2022-06-29
C07576,SP,Sudeste,35-44,2024-11-05
C07577,SP,Sudeste,45-54,2025-10-25
C07578,SP,Sudeste,45-54,2024-01-06
C07579,PA,Norte,35-44,2024-11-23
C07580,RS,Sul,25-34,2023-01-17
C07581,SP,Sudeste,45-54,2022-12-17
C07582,MG,Sudeste,25-34,2024-04-09
C07583,RS,Sul,45-54,2025-04-26
C07584,MG,Sudeste,35-44,2022-02-04
C07585,ES,Sudeste,35-44,2023-10-09
C07586,CE,Nordeste,35-44,2025-11-06
C07587,PR,Sul,25-34,2023-09-15
C07588,SC,Sul,35-44,2024-11-24
C07589,MG,Sudeste,18-24,2025-05-06
C07590,SP,Sudeste,35-44,2025-12-06
C07591,PE,Nordeste,25-34,2025-06-08
C07592,MG,Sudeste,35-44,2022-10-13
C07593,MG,Sudeste,25-34,2022-08-09
C07594,SP,Sudeste,25-34,2024-10-31
C07595,SP,Sudeste,35-44,2024-01-17
C07596,SP,Sudeste,25-34,2023-05-12
C07597,SP,Sudeste,45-54,2024-03-13
C07598,RS,Sul,25-34,2025-06-14
C07599,SP,Sudeste,25-34,2025-12-01
C07600,SP,Sudeste,55+,2025-08-07
C07601,MG,Sudeste,25-34,2021-12-05
C07602,RJ,Sudeste,55+,2023-12-25
C07603,RJ,Sudeste,55+,2025-09-08
C07604,RJ,Sudeste,25-34,2023-11-11
C07605,SP,Sudeste,35-44,2022-06-22
C07606,SP,Sudeste,25-34,2023-01-15
C07607,MG,Sudeste,35-44,2024-02-25
C07608,PR,Sul,35-44,2025-07-05
C07609,SP,Sudeste,25-34,2024-10-09
C07610,SP,Sudeste,55+,2022-12-05
C07611,CE,Nordeste,25-34,2024-12-22
C07612,SP,Sudeste,35-44,2022-09-07
C07613,SP,Sudeste,35-44,2025-11-19
C07614,MT,Centro-Oeste,25-34,2025-09-24
C07615,BA,Nordeste,45-54,2024-01-13
C07616,DF,Centro-Oeste,35-44,2023-11-03
C07617,SC,Sul,35-44,2024-09-06
C07618,SP,Sudeste,25-34,2025-02-25
C07619,SP,Sudeste,25-34,2025-11-09
C07620,SP,Sudeste,35-44,2025-12-20
C07621,RJ,Sudeste,35-44,2024-09-02
C07622,MG,Sudeste,35-44,2024-03-15
C07623,SP,Sudeste,55+,2023-04-13
C07624,SP,Sudeste,25-34,2024-08-14
C07625,MG,Sudeste,18-24,2024-05-17
C07626,MG,Sudeste,25-34,2022-03-26
C07627,SP,Sudeste,45-54,2024-08-08
C07628,SP,Sudeste,25-34,2025-09-19
C07629,SP,Sudeste,25-34,2024-11-09
C07630,SP,Sudeste,45-54,2025-12-06
C07631,DF,Centro-Oeste,45-54,2024-09-16
C07632,RJ,Sudeste,55+,2024-05-15
C07633,MG,Sudeste,25-34,2025-08-07
C07634,SP,Sudeste,25-34,2023-12-02
C07635,GO,Centro-Oeste,55+,2023-12-31
C07636,MG,Sudeste,35-44,2024-04-08
C07637,RJ,Sudeste,45-54,2025-03-22
C07638,PR,Sul,45-54,2023-02-09
C07639,SP,Sudeste,35-44,2025-02-28
C07640,MG,Sudeste,45-54,2022-05-15
C07641,GO,Centro-Oeste,35-44,2024-05-11
C07642,SC,Sul,25-34,2024-09-07
C07643,MG,Sudeste,18-24,2024-02-29
C07644,SP,Sudeste,18-24,2024-04-16
C07645,SP,Sudeste,35-44,2025-01-13
C07646,MG,Sudeste,45-54,2024-01-21
C07647,SP,Sudeste,18-24,2025-02-19
C07648,PE,Nordeste,35-44,2023-08-16
C07649,CE,Nordeste,55+,2023-11-30
C07650,RJ,Sudeste,45-54,2024-08-07
C07651,RJ,Sudeste,45-54,2024-11-02
C07652,SP,Sudeste,35-44,2022-08-15
C07653,MT,Centro-Oeste,55+,2024-02-07
C07654,BA,Nordeste,45-54,2025-06-08
C07655,RJ,Sudeste,35-44,2023-03-11
C07656,SP,Sudeste,25-34,2022-06-28
C07657,BA,Nordeste,35-44,2024-08-15
C07658,PE,Nordeste,45-54,2022-05-15
C07659,CE,Nordeste,18-24,2025-10-28
C07660,PR,Sul,35-44,2023-09-30
C07661,SP,Sudeste,35-44,2022-09-22
C07662,MG,Sudeste,35-44,2024-06-14
C07663,SC,Sul,35-44,2024-04-02
C07664,SC,Sul,35-44,2024-04-23
C07665,SP,Sudeste,55+,2025-02-11
C07666,RJ,Sudeste,18-24,2024-04-07
C07667,CE,Nordeste,18-24,2023-08-22
C07668,MG,Sudeste,35-44,2023-12-13
C07669,PE,Nordeste,35-44,2024-10-27
C07670,RJ,Sudeste,25-34,2023-05-03
C07671,SP,Sudeste,25-34,2022-11-21
C07672,SC,Sul,25-34,2025-03-04
C07673,GO,Centro-Oeste,35-44,2024-09-21
C07674,PA,Norte,35-44,2025-01-30
C07675,SP,Sudeste,25-34,2022-09-26
C07676,SP,Sudeste,35-44,2025-12-26
C07677,SP,Sudeste,45-54,2024-11-26
C07678,RS,Sul,25-34,2022-12-30
C07679,RS,Sul,25-34,2023-03-07
C07680,PR,Sul,25-34,2022-02-15
C07681,SP,Sudeste,35-44,2023-10-24
C07682,SP,Sudeste,35-44,2025-04-07
C07683,SP,Sudeste,25-34,2023-08-18
C07684,PR,Sul,35-44,2024-09-20
C07685,SP,Sudeste,35-44,2025-05-16
C07686,DF,Centro-Oeste,35-44,2022-02-09
C07687,RS,Sul,55+,2024-06-07
C07688,RJ,Sudeste,25-34,2025-04-13
C07689,SP,Sudeste,25-34,2022-03-21
C07690,SP,Sudeste,18-24,2022-10-13
C07691,PR,Sul,35-44,2024-10-08
C07692,MG,Sudeste,18-24,2023-10-16
C07693,MG,Sudeste,18-24,2023-05-22
C07694,RJ,Sudeste,25-34,2025-10-22
C07695,RN,Nordeste,18-24,2024-04-09
C07696,MT,Centro-Oeste,35-44,2022-10-29
C07697,SP,Sudeste,18-24,2023-05-14
C07698,RS,Sul,25-34,2025-04-17
C07699,PE,Nordeste,55+,2024-08-31
C07700,SP,Sudeste,45-54,2025-08-21
C07701,AM,Norte,25-34,2025-11-15
C07702,SC,Sul,25-34,2025-08-24
C07703,SP,Sudeste,25-34,2022-11-21
C07704,PR,Sul,35-44,2025-12-31
C07705,MG,Sudeste,25-34,2023-08-05
C07706,DF,Centro-Oeste,35-44,2022-05-11
C07707,SP,Sudeste,18-24,2022-09-07
C07708,RJ,Sudeste,35-44,2025-09-07
C07709,SP,Sudeste,18-24,2023-11-16
C07710,SP,Sudeste,35-44,2023-01-16
C07711,PE,Nordeste,35-44,2024-06-07
C07712,SP,Sudeste,55+,2022-10-28
C07713,SC,Sul,45-54,2025-08-08
C07714,BA,Nordeste,45-54,2022-08-09
C07715,RJ,Sudeste,45-54,2024-02-17
C07716,RS,Sul,35-44,2025-01-19
C07717,SP,Sudeste,25-34,2025-06-24
C07718,SP,Sudeste,35-44,2024-09-08
C07719,GO,Centro-Oeste,25-34,2024-07-14
C07720,DF,Centro-Oeste,55+,2024-01-29
C07721,SP,Sudeste,25-34,2025-04-10
C07722,RJ,Sudeste,35-44,2025-05-23
C07723,SP,Sudeste,25-34,2025-11-16
C07724,DF,Centro-Oeste,25-34,2024-10-23
C07725,PR,Sul,25-34,2023-07-05
C07726,SP,Sudeste,35-44,2025-11-01
C07727,BA,Nordeste,55+,2022-09-04
C07728,RJ,Sudeste,35-44,2025-11-29
C07729,SP,Sudeste,18-24,2025-01-05
C07730,SP,Sudeste,25-34,2025-05-01
C07731,PR,Sul,25-34,2025-11-23
C07732,RJ,Sudeste,35-44,2024-02-06
C07733,SP,Sudeste,18-24,2024-08-17
C07734,SP,Sudeste,45-54,2024-11-01
C07735,PA,Norte,25-34,2025-05-03
C07736,MG,Sudeste,45-54,2024-08-06
C07737,SP,Sudeste,25-34,2022-09-11
C07738,MG,Sudeste,45-54,2024-01-11
C07739,BA,Nordeste,35-44,2022-07-21
C07740,SP,Sudeste,45-54,2025-05-13
C07741,SP,Sudeste,25-34,2024-06-11
C07742,ES,Sudeste,55+,2024-07-25
C07743,SP,Sudeste,25-34,2024-10-12
C07744,SP,Sudeste,35-44,2024-10-11
C07745,RJ,Sudeste,35-44,2022-12-04
C07746,PA,Norte,55+,2022-08-10
C07747,SP,Sudeste,35-44,2024-08-14
C07748,SP,Sudeste,25-34,2024-04-03
C07749,PR,Sul,45-54,2022-12-08
C07750,SP,Sudeste,25-34,2025-07-26
C07751,PE,Nordeste,45-54,2024-12-06
C07752,RN,Nordeste,35-44,2025-09-08
C07753,SP,Sudeste,55+,2025-01-19
C07754,SP,Sudeste,55+,2025-09-05
C07755,SP,Sudeste,45-54,2023-06-25
C07756,SP,Sudeste,25-34,2023-11-13
C07757,RJ,Sudeste,35-44,2022-10-30
C07758,PR,Sul,35-44,2023-09-08
C07759,SP,Sudeste,45-54,2025-04-12
C07760,CE,Nordeste,25-34,2024-09-04
C07761,SP,Sudeste,45-54,2025-02-08
C07762,SP,Sudeste,35-44,2023-03-06
C07763,SP,Sudeste,35-44,2025-11-08
C07764,PR,Sul,35-44,2023-01-22
C07765,SP,Sudeste,45-54,2025-03-13
C07766,MG,Sudeste,35-44,2024-06-26
C07767,SP,Sudeste,35-44,2023-07-13
C07768,GO,Centro-Oeste,45-54,2024-10-30
C07769,SP,Sudeste,35-44,2024-02-20
C07770,SC,Sul,55+,2022-11-21
C07771,BA,Nordeste,45-54,2025-10-12
C07772,MG,Sudeste,25-34,2022-05-18
C07773,SP,Sudeste,35-44,2022-04-06
C07774,PA,Norte,55+,2024-02-10
C07775,MT,Centro-Oeste,25-34,2024-12-31
C07776,MG,Sudeste,45-54,2023-01-22
C07777,ES,Sudeste,55+,2024-08-23
C07778,SP,Sudeste,25-34,2023-04-02
C07779,PR,Sul,25-34,2025-01-04
C07780,SP,Sudeste,25-34,2022-10-15
C07781,BA,Nordeste,25-34,2024-09-05
C07782,CE,Nordeste,35-44,2024-02-19
C07783,CE,Nordeste,55+,2024-01-04
C07784,SC,Sul,35-44,2024-06-23
C07785,PR,Sul,18-24,2024-05-22
C07786,SC,Sul,45-54,2023-08-23
C07787,SC,Sul,35-44,2024-10-11
C07788,MG,Sudeste,35-44,2024-12-16
C07789,RS,Sul,18-24,2024-12-27
C07790,RJ,Sudeste,18-24,2025-06-15
C07791,SP,Sudeste,25-34,2023-09-20
C07792,PE,Nordeste,45-54,2022-03-13
C07793,RS,Sul,25-34,2022-04-27
C07794,SP,Sudeste,55+,2022-09-29
C07795,ES,Sudeste,25-34,2025-09-30
C07796,DF,Centro-Oeste,35-44,2025-07-21
C07797,PE,Nordeste,45-54,2024-05-07
C07798,SP,Sudeste,35-44,2025-12-20
C07799,SP,Sudeste,35-44,2025-07-12
C07800,ES,Sudeste,45-54,2022-08-22
C07801,SP,Sudeste,25-34,2025-07-18
C07802,RS,Sul,25-34,2023-05-28
C07803,MG,Sudeste,45-54,2022-02-28
C07804,SP,Sudeste,35-44,2022-07-31
C07805,RJ,Sudeste,18-24,2025-04-24
C07806,DF,Centro-Oeste,25-34,2022-10-20
C07807,PE,Nordeste,35-44,2024-06-17
C07808,MG,Sudeste,18-24,2025-04-12
C07809,DF,Centro-Oeste,35-44,2023-05-31
C07810,MT,Centro-Oeste,35-44,2024-12-26
C07811,RJ,Sudeste,25-34,2023-11-25
C07812,SP,Sudeste,35-44,2025-09-09
C07813,SP,Sudeste,45-54,2024-12-12
C07814,RS,Sul,35-44,2025-04-26
C07815,CE,Nordeste,18-24,2023-09-30
C07816,AM,Norte,18-24,2022-10-19
C07817,MG,Sudeste,35-44,2024-05-06
C07818,BA,Nordeste,18-24,2025-07-19
C07819,SC,Sul,45-54,2024-06-10
C07820,BA,Nordeste,25-34,2025-09-02
C07821,MT,Centro-Oeste,45-54,2023-01-04
C07822,RJ,Sudeste,35-44,2025-12-31
C07823,RS,Sul,45-54,2024-02-21
C07824,SP,Sudeste,25-34,2025-05-03
C07825,DF,Centro-Oeste,25-34,2024-02-27
C07826,MG,Sudeste,45-54,2023-10-01
C07827,SP,Sudeste,45-54,2023-03-15
C07828,PR,Sul,25-34,2023-12-02
C07829,SP,Sudeste,55+,2022-12-26
C07830,RJ,Sudeste,35-44,2023-02-24
C07831,PA,Norte,45-54,2024-03-23
C07832,SP,Sudeste,55+,2023-02-26
C07833,PR,Sul,35-44,2023-03-15
C07834,BA,Nordeste,25-34,2022-10-11
C07835,RS,Sul,25-34,2025-05-15
C07836,RJ,Sudeste,35-44,2022-04-13
C07837,MG,Sudeste,25-34,2021-12-31
C07838,RJ,Sudeste,45-54,2023-02-04
C07839,SP,Sudeste,18-24,2025-01-17
C07840,SC,Sul,35-44,2025-04-21
C07841,BA,Nordeste,45-54,2022-12-11
C07842,SP,Sudeste,35-44,2025-06-02
C07843,AM,Norte,25-34,2024-06-02
C07844,CE,Nordeste,35-44,2024-10-03
C07845,RS,Sul,55+,2024-01-29
C07846,RN,Nordeste,35-44,2025-01-22
C07847,CE,Nordeste,35-44,2023-03-25
C07848,MG,Sudeste,35-44,2023-06-10
C07849,SP,Sudeste,35-44,2023-01-13
C07850,MG,Sudeste,25-34,2023-03-19
C07851,RJ,Sudeste,18-24,2022-07-25
C07852,SP,Sudeste,18-24,2022-09-19
C07853,GO,Centro-Oeste,45-54,2025-11-27
C07854,SP,Sudeste,45-54,2023-08-21
C07855,RS,Sul,35-44,2022-07-09
C07856,SP,Sudeste,25-34,2024-11-11
C07857,SP,Sudeste,35-44,2024-05-01
C07858,SC,Sul,25-34,2022-08-29
C07859,RJ,Sudeste,25-34,2025-06-12
C07860,RJ,Sudeste,55+,2025-04-21
C07861,RS,Sul,45-54,2025-09-18
C07862,ES,Sudeste,25-34,2025-10-02
C07863,SP,Sudeste,18-24,2022-11-03
C07864,SP,Sudeste,55+,2025-01-11
C07865,MG,Sudeste,45-54,2025-02-11
C07866,SP,Sudeste,45-54,2022-05-18
C07867,MG,Sudeste,45-54,2023-04-19
C07868,PR,Sul,35-44,2024-12-20
C07869,PA,Norte,55+,2022-11-26
C07870,SC,Sul,35-44,2022-06-16
C07871,PA,Norte,35-44,2024-02-16
C07872,SP,Sudeste,25-34,2024-12-10
C07873,RJ,Sudeste,25-34,2022-11-02
C07874,RJ,Sudeste,25-34,2022-12-14
C07875,SP,Sudeste,55+,2025-08-13
C07876,SP,Sudeste,25-34,2023-03-01
C07877,SP,Sudeste,35-44,2023-03-03
C07878,RS,Sul,18-24,2025-01-31
C07879,ES,Sudeste,25-34,2023-03-24
C07880,SP,Sudeste,35-44,2024-06-01
C07881,SP,Sudeste,25-34,2024-08-08
C07882,GO,Centro-Oeste,25-34,2024-10-04
C07883,SP,Sudeste,35-44,2024-03-25
C07884,SC,Sul,25-34,2022-04-27
C07885,RJ,Sudeste,35-44,2022-12-13
C07886,PA,Norte,55+,2025-06-14
C07887,PR,Sul,25-34,2023-06-21
C07888,SP,Sudeste,35-44,2025-02-07
C07889,BA,Nordeste,45-54,2025-09-29
C07890,RJ,Sudeste,35-44,2024-07-15
C07891,DF,Centro-Oeste,25-34,2024-06-19
C07892,SP,Sudeste,25-34,2025-04-14
C07893,RJ,Sudeste,25-34,2025-09-05
C07894,PE,Nordeste,25-34,2025-09-29
C07895,RJ,Sudeste,45-54,2023-02-06
C07896,MG,Sudeste,25-34,2022-06-15
C07897,PE,Nordeste,45-54,2023-07-21
C07898,SP,Sudeste,35-44,2024-12-31
C07899,MG,Sudeste,25-34,2023-11-11
C07900,SC,Sul,55+,2024-07-12
C07901,PR,Sul,25-34,2025-02-05
C07902,RJ,Sudeste,35-44,2025-11-26
C07903,PE,Nordeste,25-34,2023-12-31
C07904,PA,Norte,25-34,2025-08-03
C07905,SP,Sudeste,35-44,2025-07-02
C07906,SP,Sudeste,25-34,2023-07-07
C07907,CE,Nordeste,35-44,2024-01-16
C07908,RS,Sul,25-34,2024-07-16
C07909,SP,Sudeste,45-54,2023-05-09
C07910,SP,Sudeste,35-44,2023-09-29
C07911,SP,Sudeste,35-44,2024-08-11
C07912,SP,Sudeste,55+,2024-05-07
C07913,BA,Nordeste,35-44,2024-11-17
C07914,SP,Sudeste,35-44,2025-01-21
C07915,RJ,Sudeste,35-44,2024-03-21
C07916,BA,Nordeste,25-34,2024-06-20
C07917,RS,Sul,25-34,2023-08-05
C07918,RS,Sul,25-34,2025-03-12
C07919,SP,Sudeste,35-44,2022-07-23
C07920,RS,Sul,55+,2022-07-26
C07921,MG,Sudeste,55+,2024-11-14
C07922,PA,Norte,45-54,2023-11-14
C07923,DF,Centro-Oeste,55+,2025-09-16
C07924,BA,Nordeste,35-44,2023-09-24
C07925,RS,Sul,55+,2022-03-16
C07926,RS,Sul,55+,2024-03-06
C07927,SC,Sul,45-54,2025-08-20
C07928,MG,Sudeste,35-44,2023-07-25
C07929,SP,Sudeste,25-34,2022-01-01
C07930,PA,Norte,25-34,2022-07-27
C07931,MG,Sudeste,45-54,2023-06-13
C07932,PE,Nordeste,45-54,2023-08-15
C07933,CE,Nordeste,55+,2024-03-24
C07934,PR,Sul,25-34,2024-07-22
C07935,MG,Sudeste,35-44,2025-09-09
C07936,SP,Sudeste,35-44,2022-12-11
C07937,PR,Sul,45-54,2022-12-12
C07938,RJ,Sudeste,25-34,2023-11-20
C07939,DF,Centro-Oeste,45-54,2023-02-17
C07940,BA,Nordeste,25-34,2025-11-23
C07941,SP,Sudeste,55+,2024-07-20
C07942,SP,Sudeste,55+,2025-09-14
C07943,SP,Sudeste,55+,2023-08-03
C07944,ES,Sudeste,35-44,2023-10-25
C07945,PR,Sul,35-44,2022-07-12
C07946,BA,Nordeste,25-34,2025-09-15
C07947,MG,Sudeste,45-54,2024-11-29
C07948,RN,Nordeste,25-34,2022-05-25
C07949,SP,Sudeste,45-54,2022-08-08
C07950,PR,Sul,45-54,2022-08-16
C07951,SP,Sudeste,25-34,2025-07-30
C07952,RN,Nordeste,18-24,2024-11-16
C07953,SP,Sudeste,18-24,2024-12-12
C07954,RJ,Sudeste,35-44,2022-11-19
C07955,SP,Sudeste,25-34,2024-07-23
C07956,SC,Sul,35-44,2025-09-12
C07957,PR,Sul,45-54,2025-08-21
C07958,PE,Nordeste,35-44,2024-06-16
C07959,SP,Sudeste,55+,2025-05-19
C07960,SC,Sul,25-34,2023-08-10
C07961,MG,Sudeste,35-44,2024-05-19
C07962,RS,Sul,18-24,2025-07-16
C07963,SP,Sudeste,25-34,2025-04-07
C07964,RS,Sul,35-44,2023-10-06
C07965,SP,Sudeste,45-54,2024-05-03
C07966,PE,Nordeste,25-34,2023-09-01
C07967,SP,Sudeste,45-54,2023-02-21
C07968,MG,Sudeste,45-54,2025-03-25
C07969,SP,Sudeste,18-24,2023-08-22
C07970,SP,Sudeste,35-44,2023-04-13
C07971,SP,Sudeste,25-34,2025-09-11
C07972,BA,Nordeste,25-34,2025-01-12
C07973,SP,Sudeste,45-54,2024-08-01
C07974,SP,Sudeste,25-34,2024-10-06
C07975,SP,Sudeste,25-34,2023-03-11
C07976,MG,Sudeste,35-44,2022-09-21
C07977,RJ,Sudeste,35-44,2025-03-28
C07978,RJ,Sudeste,35-44,2022-09-08
C07979,SC,Sul,18-24,2023-08-04
C07980,RJ,Sudeste,35-44,2023-04-08
C07981,SP,Sudeste,55+,2022-04-29
C07982,PR,Sul,25-34,2024-09-21
C07983,MG,Sudeste,55+,2025-05-11
C07984,RN,Nordeste,35-44,2022-11-27
C07985,SP,Sudeste,35-44,2025-11-06
C07986,PE,Nordeste,25-34,2025-12-13
C07987,PE,Nordeste,25-34,2025-11-11
C07988,PE,Nordeste,18-24,2024-06-19
C07989,RJ,Sudeste,18-24,2023-11-28
C07990,DF,Centro-Oeste,45-54,2025-06-14
C07991,SP,Sudeste,55+,2022-03-02
C07992,RJ,Sudeste,25-34,2025-02-08
C07993,MG,Sudeste,55+,2022-11-28
C07994,SP,Sudeste,25-34,2024-03-21
C07995,MG,Sudeste,25-34,2024-05-02
C07996,RS,Sul,55+,2025-06-13
C07997,DF,Centro-Oeste,45-54,2025-03-17
C07998,BA,Nordeste,55+,2022-02-28
C07999,PR,Sul,25-34,2024-12-14
C08000,SP,Sudeste,55+,2025-12-31
C08001,CE,Nordeste,25-34,2025-10-10
C08002,MG,Sudeste,55+,2023-12-30
C08003,SP,Sudeste,55+,2024-04-24
C08004,SP,Sudeste,45-54,2023-06-07
C08005,DF,Centro-Oeste,55+,2023-11-20
C08006,MG,Sudeste,35-44,2022-10-30
C08007,SP,Sudeste,25-34,2022-09-22
C08008,SP,Sudeste,18-24,2022-10-18
C08009,RJ,Sudeste,35-44,2024-08-04
C08010,SP,Sudeste,35-44,2024-12-21
C08011,SP,Sudeste,35-44,2024-10-03
C08012,RJ,Sudeste,25-34,2025-02-08
C08013,RJ,Sudeste,35-44,2023-07-06
C08014,SP,Sudeste,25-34,2024-07-17
C08015,ES,Sudeste,35-44,2023-10-29
C08016,PA,Norte,35-44,2022-12-24
C08017,SP,Sudeste,35-44,2025-02-08
C08018,SP,Sudeste,35-44,2023-02-23
C08019,MG,Sudeste,25-34,2023-12-09
C08020,ES,Sudeste,35-44,2022-07-17
C08021,RJ,Sudeste,45-54,2024-02-07
C08022,BA,Nordeste,35-44,2023-07-04
C08023,SP,Sudeste,25-34,2022-12-10
C08024,SP,Sudeste,35-44,2023-11-10
C08025,SP,Sudeste,35-44,2024-08-07
C08026,SP,Sudeste,35-44,2023-12-01
C08027,PR,Sul,25-34,2024-07-12
C08028,SP,Sudeste,18-24,2024-07-13
C08029,PR,Sul,45-54,2025-03-03
C08030,BA,Nordeste,25-34,2025-09-01
C08031,BA,Nordeste,35-44,2025-09-01
C08032,SP,Sudeste,35-44,2022-02-04
C08033,RJ,Sudeste,25-34,2023-04-13
C08034,SC,Sul,25-34,2023-08-20
C08035,SP,Sudeste,18-24,2025-08-15
C08036,RN,Nordeste,55+,2024-12-20
C08037,MG,Sudeste,35-44,2025-05-23
C08038,PR,Sul,55+,2025-06-18
C08039,RJ,Sudeste,35-44,2022-03-23
C08040,SP,Sudeste,35-44,2023-04-01
C08041,MG,Sudeste,25-34,2022-08-02
C08042,DF,Centro-Oeste,35-44,2025-12-15
C08043,SP,Sudeste,45-54,2024-03-29
C08044,SP,Sudeste,25-34,2024-02-19
C08045,MG,Sudeste,25-34,2022-08-30
C08046,ES,Sudeste,18-24,2024-09-13
C08047,BA,Nordeste,25-34,2023-07-04
C08048,MG,Sudeste,35-44,2025-07-24
C08049,SP,Sudeste,55+,2024-06-04
C08050,AM,Norte,45-54,2023-01-06
C08051,MG,Sudeste,25-34,2025-01-19
C08052,PA,Norte,45-54,2024-01-31
C08053,PR,Sul,18-24,2023-09-10
C08054,RS,Sul,55+,2024-05-06
C08055,SP,Sudeste,35-44,2022-12-05
C08056,SC,Sul,25-34,2025-03-06
C08057,SP,Sudeste,18-24,2023-12-12
C08058,MG,Sudeste,18-24,2023-02-13
C08059,RS,Sul,45-54,2024-02-22
C08060,RS,Sul,35-44,2023-11-06
C08061,SP,Sudeste,25-34,2023-01-25
C08062,SP,Sudeste,45-54,2022-08-12
C08063,PR,Sul,35-44,2024-10-08
C08064,RJ,Sudeste,25-34,2024-02-22
C08065,SP,Sudeste,45-54,2022-07-26
C08066,MG,Sudeste,35-44,2024-02-02
C08067,MG,Sudeste,35-44,2022-09-09
C08068,PR,Sul,35-44,2024-04-17
C08069,SP,Sudeste,25-34,2023-03-16
C08070,MG,Sudeste,35-44,2023-03-06
C08071,RS,Sul,45-54,2023-02-27
C08072,PE,Nordeste,55+,2024-01-14
C08073,RJ,Sudeste,35-44,2022-08-02
C08074,GO,Centro-Oeste,45-54,2025-05-29
C08075,BA,Nordeste,25-34,2023-12-30
C08076,SC,Sul,25-34,2023-11-15
C08077,CE,Nordeste,25-34,2024-06-10
C08078,BA,Nordeste,55+,2025-07-13
C08079,SC,Sul,35-44,2023-01-15
C08080,SP,Sudeste,18-24,2024-11-27
C08081,CE,Nordeste,45-54,2025-09-13
C08082,MT,Centro-Oeste,25-34,2024-08-10
C08083,SP,Sudeste,25-34,2025-02-02
C08084,PR,Sul,35-44,2024-09-12
C08085,RJ,Sudeste,18-24,2025-09-02
C08086,SP,Sudeste,25-34,2025-05-02
C08087,GO,Centro-Oeste,25-34,2022-09-22
C08088,RJ,Sudeste,18-24,2024-06-20
C08089,RJ,Sudeste,35-44,2024-01-21
C08090,BA,Nordeste,45-54,2022-06-06
C08091,PA,Norte,18-24,2025-07-31
C08092,SP,Sudeste,35-44,2024-07-16
C08093,RJ,Sudeste,35-44,2024-09-18
C08094,RJ,Sudeste,25-34,2025-06-03
C08095,PR,Sul,18-24,2025-02-08
C08096,SC,Sul,55+,2024-06-27
C08097,CE,Nordeste,25-34,2023-02-11
C08098,RJ,Sudeste,55+,2023-07-18
C08099,SP,Sudeste,35-44,2022-08-05
C08100,MT,Centro-Oeste,25-34,2023-06-02
C08101,CE,Nordeste,55+,2022-04-29
C08102,GO,Centro-Oeste,25-34,2025-02-16
C08103,SP,Sudeste,45-54,2025-02-27
C08104,RJ,Sudeste,55+,2022-04-09
C08105,SP,Sudeste,35-44,2024-01-11
C08106,SP,Sudeste,35-44,2024-12-20
C08107,SP,Sudeste,35-44,2025-05-23
C08108,SP,Sudeste,25-34,2025-07-27
C08109,SP,Sudeste,35-44,2025-03-20
C08110,MG,Sudeste,45-54,2024-01-26
C08111,SP,Sudeste,55+,2025-04-20
C08112,RJ,Sudeste,35-44,2025-05-17
C08113,DF,Centro-Oeste,35-44,2022-11-08
C08114,MG,Sudeste,35-44,2023-03-31
C08115,GO,Centro-Oeste,25-34,2021-12-11
C08116,MG,Sudeste,25-34,2023-12-20
C08117,GO,Centro-Oeste,25-34,2024-08-07
C08118,DF,Centro-Oeste,55+,2025-02-26
C08119,RJ,Sudeste,45-54,2024-08-07
C08120,RJ,Sudeste,55+,2022-04-23
C08121,RS,Sul,25-34,2025-03-12
C08122,ES,Sudeste,18-24,2024-07-19
C08123,RS,Sul,18-24,2025-04-04
C08124,SC,Sul,25-34,2023-11-17
C08125,SP,Sudeste,55+,2024-10-07
C08126,RJ,Sudeste,35-44,2025-02-13
C08127,MG,Sudeste,25-34,2022-06-20
C08128,RN,Nordeste,35-44,2024-12-17
C08129,SP,Sudeste,45-54,2025-05-12
C08130,RJ,Sudeste,25-34,2022-11-30
C08131,MG,Sudeste,25-34,2023-07-04
C08132,PE,Nordeste,55+,2025-07-19
C08133,AM,Norte,25-34,2024-05-26
C08134,MG,Sudeste,35-44,2025-09-08
C08135,SP,Sudeste,25-34,2025-12-14
C08136,SP,Sudeste,35-44,2022-11-09
C08137,SP,Sudeste,45-54,2025-06-29
C08138,SP,Sudeste,35-44,2025-04-08
C08139,SP,Sudeste,45-54,2023-01-24
C08140,ES,Sudeste,45-54,2022-11-26
C08141,SP,Sudeste,25-34,2024-10-28
C08142,MG,Sudeste,25-34,2023-06-18
C08143,SP,Sudeste,55+,2022-11-03
C08144,SP,Sudeste,35-44,2022-02-13
C08145,SP,Sudeste,45-54,2024-11-05
C08146,BA,Nordeste,35-44,2025-08-14
C08147,RJ,Sudeste,18-24,2023-05-27
C08148,PR,Sul,35-44,2025-11-15
C08149,SP,Sudeste,18-24,2023-03-23
C08150,RS,Sul,45-54,2022-04-22
C08151,SP,Sudeste,18-24,2022-05-09
C08152,MG,Sudeste,35-44,2023-12-09
C08153,PR,Sul,25-34,2023-07-14
C08154,SP,Sudeste,35-44,2025-02-23
C08155,BA,Nordeste,45-54,2022-09-01
C08156,SP,Sudeste,35-44,2024-07-22
C08157,CE,Nordeste,18-24,2023-03-03
C08158,SP,Sudeste,35-44,2022-08-10
C08159,SP,Sudeste,35-44,2023-07-10
C08160,RJ,Sudeste,45-54,2024-06-04
C08161,PA,Norte,25-34,2024-02-03
C08162,MG,Sudeste,35-44,2022-10-09
C08163,AM,Norte,25-34,2025-03-31
C08164,MG,Sudeste,25-34,2024-11-23
C08165,PE,Nordeste,35-44,2023-03-31
C08166,ES,Sudeste,25-34,2025-10-06
C08167,RS,Sul,25-34,2024-07-09
C08168,PR,Sul,25-34,2024-11-27
C08169,SP,Sudeste,35-44,2025-06-04
C08170,SP,Sudeste,35-44,2022-09-08
C08171,SP,Sudeste,18-24,2025-05-15
C08172,SP,Sudeste,35-44,2022-05-21
C08173,BA,Nordeste,35-44,2023-02-28
C08174,PE,Nordeste,25-34,2022-05-07
C08175,SP,Sudeste,45-54,2025-08-16
C08176,DF,Centro-Oeste,45-54,2025-12-31
C08177,RJ,Sudeste,45-54,2023-06-10
C08178,MG,Sudeste,18-24,2025-01-24
C08179,SC,Sul,45-54,2025-10-07
C08180,RJ,Sudeste,25-34,2024-10-01
C08181,MG,Sudeste,25-34,2025-12-01
C08182,SP,Sudeste,25-34,2025-11-14
C08183,CE,Nordeste,25-34,2024-06-21
C08184,BA,Nordeste,55+,2022-12-31
C08185,BA,Nordeste,55+,2023-08-01
C08186,RJ,Sudeste,55+,2023-12-03
C08187,SP,Sudeste,18-24,2023-04-11
C08188,SP,Sudeste,25-34,2025-10-16
C08189,DF,Centro-Oeste,45-54,2022-07-30
C08190,MG,Sudeste,25-34,2024-08-30
C08191,SP,Sudeste,55+,2022-04-12
C08192,MG,Sudeste,25-34,2024-11-22
C08193,RN,Nordeste,25-34,2025-04-07
C08194,AM,Norte,25-34,2022-12-31
C08195,RS,Sul,35-44,2024-02-17
C08196,MG,Sudeste,35-44,2025-10-05
C08197,ES,Sudeste,45-54,2024-08-08
C08198,GO,Centro-Oeste,35-44,2023-08-12
C08199,MT,Centro-Oeste,35-44,2024-01-11
C08200,RS,Sul,25-34,2023-08-23
C08201,SP,Sudeste,35-44,2024-08-19
C08202,SP,Sudeste,45-54,2023-10-07
C08203,SP,Sudeste,35-44,2023-10-21
C08204,SP,Sudeste,45-54,2025-01-06
C08205,RJ,Sudeste,25-34,2022-07-31
C08206,RJ,Sudeste,35-44,2022-12-10
C08207,SC,Sul,35-44,2022-12-26
C08208,RJ,Sudeste,45-54,2024-11-28
C08209,RJ,Sudeste,55+,2025-03-31
C08210,PA,Norte,35-44,2025-06-18
C08211,SP,Sudeste,35-44,2025-11-09
C08212,PR,Sul,25-34,2023-06-19
C08213,MG,Sudeste,35-44,2024-07-18
C08214,SP,Sudeste,55+,2024-12-06
C08215,ES,Sudeste,35-44,2024-07-27
C08216,SP,Sudeste,55+,2023-04-26
C08217,SP,Sudeste,35-44,2024-12-26
C08218,PR,Sul,55+,2022-09-13
C08219,DF,Centro-Oeste,25-34,2025-07-18
C08220,SP,Sudeste,35-44,2022-03-20
C08221,RJ,Sudeste,35-44,2025-07-01
C08222,SP,Sudeste,25-34,2025-02-11
C08223,SP,Sudeste,25-34,2025-06-13
C08224,SP,Sudeste,45-54,2023-03-02
C08225,RJ,Sudeste,25-34,2024-11-03
C08226,SP,Sudeste,35-44,2024-12-28
C08227,SP,Sudeste,25-34,2025-08-05
C08228,SP,Sudeste,55+,2023-04-23
C08229,PR,Sul,18-24,2025-11-25
C08230,RJ,Sudeste,25-34,2022-09-10
C08231,SP,Sudeste,35-44,2022-02-14
C08232,PE,Nordeste,35-44,2024-07-24
C08233,RS,Sul,45-54,2022-08-18
C08234,SP,Sudeste,35-44,2025-03-20
C08235,RJ,Sudeste,45-54,2024-02-14
C08236,SP,Sudeste,35-44,2023-08-31
C08237,SP,Sudeste,18-24,2024-06-08
C08238,RN,Nordeste,25-34,2025-09-14
C08239,SP,Sudeste,55+,2025-03-27
C08240,PE,Nordeste,35-44,2022-05-24
C08241,RS,Sul,55+,2023-04-13
C08242,SP,Sudeste,25-34,2024-11-21
C08243,PE,Nordeste,25-34,2024-02-19
C08244,BA,Nordeste,45-54,2024-03-17
C08245,PE,Nordeste,25-34,2024-10-29
C08246,SP,Sudeste,25-34,2025-07-07
C08247,AM,Norte,25-34,2023-01-28
C08248,PA,Norte,55+,2023-06-13
C08249,MG,Sudeste,18-24,2025-06-07
C08250,PA,Norte,25-34,2025-01-02
C08251,SP,Sudeste,35-44,2023-11-13
C08252,PR,Sul,25-34,2024-03-31
C08253,CE,Nordeste,55+,2024-08-24
C08254,BA,Nordeste,45-54,2024-09-24
C08255,RJ,Sudeste,45-54,2022-09-16
C08256,RS,Sul,25-34,2025-05-07
C08257,SC,Sul,18-24,2022-01-29
C08258,DF,Centro-Oeste,18-24,2022-11-21
C08259,BA,Nordeste,25-34,2023-05-04
C08260,BA,Nordeste,55+,2022-03-22
C08261,RJ,Sudeste,25-34,2022-12-13
C08262,RJ,Sudeste,18-24,2024-04-24
C08263,SP,Sudeste,45-54,2024-04-06
C08264,SP,Sudeste,45-54,2022-08-09
C08265,SP,Sudeste,25-34,2025-11-14
C08266,SP,Sudeste,25-34,2024-12-25
C08267,RN,Nordeste,25-34,2025-05-23
C08268,PE,Nordeste,35-44,2024-09-18
C08269,BA,Nordeste,18-24,2025-12-09
C08270,MG,Sudeste,35-44,2023-02-03
C08271,CE,Nordeste,25-34,2025-10-22
C08272,MG,Sudeste,35-44,2025-08-11
C08273,MG,Sudeste,18-24,2023-08-16
C08274,CE,Nordeste,18-24,2023-07-31
C08275,PA,Norte,45-54,2024-06-26
C08276,PE,Nordeste,55+,2023-11-03
C08277,PR,Sul,45-54,2024-03-05
C08278,RJ,Sudeste,25-34,2025-07-20
C08279,SP,Sudeste,25-34,2024-02-14
C08280,SP,Sudeste,25-34,2022-12-22
C08281,MG,Sudeste,45-54,2024-11-22
C08282,GO,Centro-Oeste,55+,2024-09-09
C08283,SP,Sudeste,35-44,2022-10-08
C08284,CE,Nordeste,35-44,2025-11-06
C08285,SP,Sudeste,25-34,2024-10-28
C08286,PE,Nordeste,25-34,2022-09-13
C08287,SP,Sudeste,35-44,2023-07-26
C08288,DF,Centro-Oeste,25-34,2022-04-02
C08289,RJ,Sudeste,25-34,2022-05-04
C08290,RJ,Sudeste,25-34,2025-08-21
C08291,PE,Nordeste,45-54,2025-03-09
C08292,SP,Sudeste,25-34,2025-09-07
C08293,SP,Sudeste,55+,2023-11-20
C08294,RN,Nordeste,35-44,2024-06-09
C08295,MG,Sudeste,45-54,2024-06-21
C08296,RJ,Sudeste,35-44,2024-10-30
C08297,BA,Nordeste,35-44,2024-01-17
C08298,BA,Nordeste,35-44,2024-11-05
C08299,SP,Sudeste,45-54,2025-01-16
C08300,AM,Norte,25-34,2025-01-19
C08301,SP,Sudeste,25-34,2025-11-09
C08302,SP,Sudeste,45-54,2025-07-17
C08303,SP,Sudeste,25-34,2024-08-19
C08304,SC,Sul,25-34,2023-04-20
C08305,BA,Nordeste,18-24,2025-10-14
C08306,SP,Sudeste,18-24,2024-08-31
C08307,RJ,Sudeste,35-44,2023-01-12
C08308,RJ,Sudeste,25-34,2023-12-17
C08309,SP,Sudeste,45-54,2023-09-19
C08310,SP,Sudeste,35-44,2024-04-23
C08311,PR,Sul,45-54,2024-07-31
C08312,SP,Sudeste,45-54,2022-06-30
C08313,MG,Sudeste,25-34,2025-07-01
C08314,SP,Sudeste,18-24,2023-01-29
C08315,SP,Sudeste,25-34,2023-11-20
C08316,MG,Sudeste,25-34,2024-08-19
C08317,SC,Sul,25-34,2023-03-07
C08318,BA,Nordeste,18-24,2023-10-01
C08319,SP,Sudeste,35-44,2025-05-15
C08320,SP,Sudeste,45-54,2025-10-01
C08321,RS,Sul,18-24,2025-03-16
C08322,SC,Sul,35-44,2023-10-09
C08323,ES,Sudeste,55+,2024-07-30
C08324,RJ,Sudeste,25-34,2023-02-28
C08325,PR,Sul,25-34,2023-04-22
C08326,PA,Norte,45-54,2024-01-01
C08327,MG,Sudeste,25-34,2024-10-26
C08328,SP,Sudeste,25-34,2024-03-04
C08329,GO,Centro-Oeste,25-34,2024-09-02
C08330,PA,Norte,18-24,2024-08-26
C08331,MG,Sudeste,18-24,2022-01-19
C08332,SP,Sudeste,18-24,2025-01-27
C08333,RS,Sul,35-44,2025-06-29
C08334,RS,Sul,18-24,2022-05-05
C08335,BA,Nordeste,35-44,2024-10-21
C08336,RS,Sul,45-54,2023-07-15
C08337,RJ,Sudeste,25-34,2024-12-09
C08338,RJ,Sudeste,35-44,2024-07-21
C08339,SP,Sudeste,25-34,2025-01-31
C08340,GO,Centro-Oeste,45-54,2025-07-25
C08341,GO,Centro-Oeste,25-34,2025-01-15
C08342,SP,Sudeste,35-44,2023-07-25
C08343,SC,Sul,55+,2022-08-29
C08344,MG,Sudeste,25-34,2025-04-13
C08345,SP,Sudeste,25-34,2022-04-25
C08346,BA,Nordeste,55+,2025-06-04
C08347,SP,Sudeste,25-34,2025-07-21
C08348,DF,Centro-Oeste,45-54,2023-10-12
C08349,SP,Sudeste,35-44,2024-04-26
C08350,SC,Sul,35-44,2023-04-01
C08351,DF,Centro-Oeste,35-44,2025-01-25
C08352,GO,Centro-Oeste,18-24,2023-09-06
C08353,MT,Centro-Oeste,18-24,2025-01-17
C08354,SP,Sudeste,35-44,2024-12-07
C08355,RN,Nordeste,25-34,2023-01-08
C08356,ES,Sudeste,45-54,2022-10-10
C08357,MG,Sudeste,35-44,2022-11-09
C08358,PE,Nordeste,35-44,2023-07-16
C08359,SP,Sudeste,35-44,2024-07-05
C08360,SC,Sul,55+,2024-12-27
C08361,SP,Sudeste,35-44,2022-12-27
C08362,BA,Nordeste,25-34,2023-08-14
C08363,CE,Nordeste,45-54,2024-04-12
C08364,MG,Sudeste,25-34,2025-03-09
C08365,CE,Nordeste,55+,2023-12-23
C08366,CE,Nordeste,25-34,2025-09-03
C08367,BA,Nordeste,25-34,2023-11-14
C08368,SP,Sudeste,18-24,2025-12-05
C08369,PE,Nordeste,45-54,2024-10-12
C08370,RN,Nordeste,18-24,2025-01-25
C08371,SP,Sudeste,35-44,2025-01-06
C08372,CE,Nordeste,25-34,2024-09-25
C08373,PE,Nordeste,18-24,2025-11-19
C08374,PR,Sul,18-24,2024-06-07
C08375,SC,Sul,35-44,2023-03-19
C08376,CE,Nordeste,45-54,2022-04-20
C08377,PR,Sul,25-34,2023-10-29
C08378,SC,Sul,55+,2024-07-11
C08379,PR,Sul,35-44,2024-01-22
C08380,CE,Nordeste,45-54,2023-07-01
C08381,DF,Centro-Oeste,25-34,2024-01-29
C08382,SP,Sudeste,25-34,2023-12-25
C08383,SP,Sudeste,45-54,2023-02-12
C08384,SP,Sudeste,25-34,2023-12-13
C08385,RJ,Sudeste,25-34,2023-07-04
C08386,MG,Sudeste,35-44,2021-12-22
C08387,PE,Nordeste,25-34,2024-10-10
C08388,BA,Nordeste,25-34,2022-10-08
C08389,PE,Nordeste,45-54,2022-12-24
C08390,GO,Centro-Oeste,25-34,2025-04-06
C08391,SP,Sudeste,25-34,2022-03-06
C08392,SC,Sul,18-24,2025-11-10
C08393,RJ,Sudeste,35-44,2023-09-06
C08394,DF,Centro-Oeste,18-24,2023-08-29
C08395,RS,Sul,18-24,2025-04-05
C08396,BA,Nordeste,35-44,2023-03-19
C08397,BA,Nordeste,18-24,2024-02-23
C08398,PR,Sul,45-54,2024-09-12
C08399,SP,Sudeste,55+,2024-12-28
C08400,SP,Sudeste,25-34,2023-01-02
C08401,ES,Sudeste,25-34,2022-12-13
C08402,SP,Sudeste,55+,2025-01-05
C08403,SP,Sudeste,45-54,2022-06-26
C08404,PR,Sul,55+,2022-05-26
C08405,RJ,Sudeste,55+,2024-05-22
C08406,PE,Nordeste,35-44,2024-03-14
C08407,PR,Sul,35-44,2022-02-21
C08408,SP,Sudeste,35-44,2024-07-31
C08409,RS,Sul,18-24,2025-03-09
C08410,AM,Norte,25-34,2022-09-01
C08411,SP,Sudeste,45-54,2023-01-26
C08412,MG,Sudeste,25-34,2023-04-26
C08413,MG,Sudeste,25-34,2024-06-08
C08414,RJ,Sudeste,25-34,2022-10-21
C08415,RJ,Sudeste,18-24,2023-08-08
C08416,RJ,Sudeste,25-34,2024-01-12
C08417,SP,Sudeste,35-44,2024-09-14
C08418,SP,Sudeste,25-34,2024-12-02
C08419,MG,Sudeste,18-24,2024-02-20
C08420,SP,Sudeste,35-44,2025-05-22
C08421,MG,Sudeste,45-54,2023-08-13
C08422,RJ,Sudeste,55+,2024-09-01
C08423,SP,Sudeste,35-44,2024-11-23
C08424,SP,Sudeste,35-44,2023-11-20
C08425,PE,Nordeste,45-54,2025-01-27
C08426,RJ,Sudeste,25-34,2025-05-02
C08427,PR,Sul,55+,2024-09-23
C08428,SP,Sudeste,35-44,2024-06-07
C08429,SP,Sudeste,35-44,2024-09-01
C08430,PR,Sul,25-34,2022-10-18
C08431,BA,Nordeste,35-44,2024-03-25
C08432,MG,Sudeste,25-34,2022-09-19
C08433,RS,Sul,35-44,2022-11-07
C08434,CE,Nordeste,25-34,2024-09-10
C08435,RJ,Sudeste,18-24,2023-11-29
C08436,ES,Sudeste,45-54,2022-11-04
C08437,RS,Sul,25-34,2025-09-21
C08438,RS,Sul,55+,2024-05-21
C08439,GO,Centro-Oeste,45-54,2023-08-20
C08440,SP,Sudeste,18-24,2023-01-10
C08441,RJ,Sudeste,25-34,2023-11-29
C08442,MG,Sudeste,35-44,2025-07-02
C08443,MG,Sudeste,45-54,2022-08-23
C08444,RJ,Sudeste,25-34,2024-11-16
C08445,BA,Nordeste,45-54,2023-10-22
C08446,SP,Sudeste,18-24,2024-01-04
C08447,AM,Norte,45-54,2025-11-26
C08448,SP,Sudeste,25-34,2024-12-27
C08449,SP,Sudeste,18-24,2025-05-18
C08450,PR,Sul,35-44,2025-03-18
C08451,SC,Sul,35-44,2025-07-08
C08452,BA,Nordeste,35-44,2025-05-02
C08453,RJ,Sudeste,18-24,2022-04-10
C08454,RJ,Sudeste,45-54,2022-10-09
C08455,SP,Sudeste,25-34,2025-08-13
C08456,BA,Nordeste,25-34,2025-08-06
C08457,CE,Nordeste,25-34,2023-09-17
C08458,BA,Nordeste,45-54,2025-09-29
C08459,SP,Sudeste,25-34,2025-07-06
C08460,SP,Sudeste,35-44,2025-03-09
C08461,RN,Nordeste,35-44,2023-09-18
C08462,SP,Sudeste,35-44,2025-11-23
C08463,RS,Sul,25-34,2024-01-30
C08464,CE,Nordeste,35-44,2024-12-11
C08465,SP,Sudeste,25-34,2023-05-31
C08466,SP,Sudeste,55+,2023-05-13
C08467,MG,Sudeste,25-34,2025-10-28
C08468,MT,Centro-Oeste,25-34,2024-01-09
C08469,PR,Sul,35-44,2022-08-29
C08470,SP,Sudeste,18-24,2025-06-17
C08471,MG,Sudeste,35-44,2024-11-05
C08472,RJ,Sudeste,35-44,2022-06-19
C08473,SP,Sudeste,25-34,2024-03-17
C08474,SC,Sul,35-44,2024-07-11
C08475,RS,Sul,45-54,2024-06-11
C08476,PR,Sul,55+,2023-06-07
C08477,RJ,Sudeste,45-54,2023-01-03
C08478,BA,Nordeste,18-24,2024-10-24
C08479,MG,Sudeste,25-34,2022-06-04
C08480,PR,Sul,18-24,2025-12-23
C08481,MG,Sudeste,25-34,2024-04-05
C08482,SP,Sudeste,25-34,2022-12-10
C08483,PA,Norte,35-44,2022-03-28
C08484,PR,Sul,35-44,2023-02-20
C08485,SP,Sudeste,25-34,2024-01-05
C08486,RJ,Sudeste,45-54,2024-07-09
C08487,RS,Sul,35-44,2024-05-01
C08488,GO,Centro-Oeste,25-34,2023-10-25
C08489,SP,Sudeste,25-34,2024-02-25
C08490,SP,Sudeste,25-34,2022-05-16
C08491,SP,Sudeste,25-34,2023-01-17
C08492,PR,Sul,25-34,2022-03-02
C08493,CE,Nordeste,25-34,2024-02-21
C08494,DF,Centro-Oeste,45-54,2022-06-20
C08495,SP,Sudeste,45-54,2022-07-30
C08496,RN,Nordeste,45-54,2023-12-23
C08497,PR,Sul,45-54,2022-10-20
C08498,SP,Sudeste,35-44,2025-05-09
C08499,RJ,Sudeste,25-34,2023-06-01
C08500,SP,Sudeste,55+,2025-03-11
C08501,SP,Sudeste,25-34,2024-06-21
C08502,SP,Sudeste,25-34,2023-11-14
C08503,SP,Sudeste,18-24,2025-12-24
C08504,SP,Sudeste,35-44,2024-05-06
C08505,PE,Nordeste,55+,2023-03-16
C08506,RJ,Sudeste,45-54,2024-07-05
C08507,PE,Nordeste,35-44,2022-02-26
C08508,RS,Sul,18-24,2024-02-24
C08509,CE,Nordeste,18-24,2025-04-14
C08510,SP,Sudeste,25-34,2025-10-21
C08511,SP,Sudeste,35-44,2024-09-29
C08512,CE,Nordeste,55+,2024-07-03
C08513,PR,Sul,45-54,2024-08-25
C08514,MG,Sudeste,18-24,2023-01-24
C08515,SP,Sudeste,25-34,2025-02-04
C08516,SC,Sul,35-44,2024-03-26
C08517,RJ,Sudeste,25-34,2024-03-05
C08518,SP,Sudeste,25-34,2024-11-30
C08519,CE,Nordeste,25-34,2023-12-19
C08520,BA,Nordeste,18-24,2023-05-25
C08521,BA,Nordeste,35-44,2022-11-30
C08522,PE,Nordeste,25-34,2023-06-24
C08523,MG,Sudeste,35-44,2023-01-13
C08524,SC,Sul,18-24,2024-08-31
C08525,BA,Nordeste,18-24,2025-08-23
C08526,CE,Nordeste,45-54,2024-12-17
C08527,BA,Nordeste,35-44,2023-07-30
C08528,RJ,Sudeste,18-24,2023-07-14
C08529,SP,Sudeste,25-34,2024-06-29
C08530,PR,Sul,25-34,2023-12-30
C08531,SP,Sudeste,25-34,2025-07-17
C08532,SP,Sudeste,55+,2022-10-04
C08533,MG,Sudeste,25-34,2024-09-17
C08534,PR,Sul,55+,2024-04-12
C08535,SP,Sudeste,55+,2023-02-28
C08536,SC,Sul,45-54,2024-04-16
C08537,ES,Sudeste,25-34,2022-03-29
C08538,RJ,Sudeste,35-44,2025-01-19
C08539,SP,Sudeste,45-54,2023-12-10
C08540,DF,Centro-Oeste,18-24,2023-12-12
C08541,MG,Sudeste,25-34,2023-11-11
C08542,MG,Sudeste,35-44,2025-12-21
C08543,PA,Norte,25-34,2025-12-10
C08544,RS,Sul,25-34,2025-07-06
C08545,RS,Sul,25-34,2025-06-26
C08546,SP,Sudeste,35-44,2023-06-23
C08547,SP,Sudeste,25-34,2025-07-09
C08548,SC,Sul,35-44,2025-08-02
C08549,MG,Sudeste,25-34,2023-12-25
C08550,PR,Sul,25-34,2022-02-05
C08551,SP,Sudeste,35-44,2024-01-05
C08552,DF,Centro-Oeste,35-44,2025-12-16
C08553,SC,Sul,55+,2024-10-14
C08554,SP,Sudeste,35-44,2025-03-20
C08555,RJ,Sudeste,18-24,2023-12-23
C08556,PA,Norte,45-54,2025-07-29
C08557,SP,Sudeste,35-44,2022-10-21
C08558,SP,Sudeste,35-44,2024-01-14
C08559,MG,Sudeste,18-24,2025-03-30
C08560,SP,Sudeste,18-24,2023-08-03
C08561,SC,Sul,18-24,2024-04-18
C08562,SP,Sudeste,45-54,2025-12-08
C08563,PR,Sul,25-34,2023-12-15
C08564,SP,Sudeste,45-54,2025-08-08
C08565,SP,Sudeste,45-54,2024-07-10
C08566,SP,Sudeste,45-54,2024-06-21
C08567,SP,Sudeste,45-54,2022-08-16
C08568,SP,Sudeste,25-34,2024-03-14
C08569,GO,Centro-Oeste,18-24,2023-08-16
C08570,MG,Sudeste,25-34,2023-12-24
C08571,RS,Sul,25-34,2025-07-09
C08572,SP,Sudeste,25-34,2023-01-06
C08573,RJ,Sudeste,35-44,2025-06-03
C08574,SP,Sudeste,25-34,2024-11-25
C08575,SP,Sudeste,45-54,2023-07-23
C08576,CE,Nordeste,18-24,2024-06-25
C08577,SC,Sul,55+,2023-04-19
C08578,SP,Sudeste,25-34,2024-01-20
C08579,MG,Sudeste,25-34,2022-10-29
C08580,SP,Sudeste,35-44,2024-03-17
C08581,SP,Sudeste,25-34,2025-05-06
C08582,RS,Sul,35-44,2023-02-25
C08583,SP,Sudeste,35-44,2024-05-21
C08584,PR,Sul,18-24,2025-04-24
C08585,SP,Sudeste,55+,2024-06-18
C08586,SP,Sudeste,18-24,2022-08-26
C08587,RS,Sul,25-34,2022-02-15
C08588,SP,Sudeste,25-34,2024-01-25
C08589,ES,Sudeste,25-34,2024-03-26
C08590,PE,Nordeste,35-44,2024-07-17
C08591,RJ,Sudeste,35-44,2024-10-10
C08592,RJ,Sudeste,25-34,2024-04-10
C08593,SP,Sudeste,35-44,2024-11-30
C08594,SP,Sudeste,25-34,2024-01-04
C08595,SP,Sudeste,25-34,2025-12-11
C08596,SP,Sudeste,35-44,2022-06-22
C08597,PE,Nordeste,25-34,2024-01-14
C08598,SP,Sudeste,45-54,2024-09-23
C08599,PR,Sul,45-54,2022-12-08
C08600,SP,Sudeste,25-34,2024-10-11
C08601,MG,Sudeste,55+,2024-11-25
C08602,BA,Nordeste,35-44,2025-07-01
C08603,PE,Nordeste,25-34,2024-09-30
C08604,SP,Sudeste,45-54,2025-02-04
C08605,PE,Nordeste,35-44,2022-07-04
C08606,MG,Sudeste,55+,2025-01-19
C08607,PE,Nordeste,18-24,2023-07-13
C08608,SP,Sudeste,35-44,2024-07-27
C08609,GO,Centro-Oeste,25-34,2025-05-21
C08610,DF,Centro-Oeste,25-34,2024-09-19
C08611,RJ,Sudeste,55+,2024-05-15
C08612,DF,Centro-Oeste,55+,2024-08-07
C08613,SP,Sudeste,35-44,2024-06-23
C08614,CE,Nordeste,25-34,2023-09-23
C08615,SC,Sul,55+,2022-11-29
C08616,SP,Sudeste,18-24,2025-12-23
C08617,RJ,Sudeste,35-44,2023-06-07
C08618,MG,Sudeste,45-54,2025-05-20
C08619,RS,Sul,25-34,2024-08-02
C08620,ES,Sudeste,45-54,2022-06-10
C08621,MG,Sudeste,55+,2025-02-24
C08622,SP,Sudeste,25-34,2022-09-26
C08623,SP,Sudeste,25-34,2025-02-10
C08624,PE,Nordeste,45-54,2022-12-13
C08625,SC,Sul,35-44,2023-11-11
C08626,SP,Sudeste,35-44,2024-03-25
C08627,ES,Sudeste,55+,2024-02-25
C08628,RJ,Sudeste,45-54,2024-08-14
C08629,CE,Nordeste,35-44,2024-05-28
C08630,SP,Sudeste,55+,2023-10-18
C08631,MG,Sudeste,25-34,2022-08-08
C08632,PR,Sul,18-24,2023-10-18
C08633,SP,Sudeste,25-34,2025-12-13
C08634,GO,Centro-Oeste,35-44,2025-01-03
C08635,GO,Centro-Oeste,55+,2025-08-09
C08636,DF,Centro-Oeste,35-44,2022-12-25
C08637,SP,Sudeste,55+,2023-03-29
C08638,SP,Sudeste,35-44,2024-11-10
C08639,RS,Sul,35-44,2022-12-04
C08640,SC,Sul,25-34,2025-01-20
C08641,RJ,Sudeste,35-44,2023-04-18
C08642,PE,Nordeste,45-54,2022-08-01
C08643,SP,Sudeste,35-44,2025-10-31
C08644,RJ,Sudeste,45-54,2023-11-15
C08645,PR,Sul,45-54,2022-08-25
C08646,PE,Nordeste,45-54,2024-09-21
C08647,MG,Sudeste,55+,2024-06-19
C08648,DF,Centro-Oeste,25-34,2024-07-23
C08649,PA,Norte,25-34,2024-08-23
C08650,SC,Sul,25-34,2023-10-22
C08651,SP,Sudeste,25-34,2025-04-06
C08652,SP,Sudeste,25-34,2023-09-16
C08653,RN,Nordeste,35-44,2025-10-27
C08654,RJ,Sudeste,18-24,2022-03-01
C08655,MG,Sudeste,35-44,2024-08-29
C08656,SP,Sudeste,18-24,2024-12-25
C08657,SP,Sudeste,25-34,2024-07-12
C08658,RS,Sul,35-44,2024-07-04
C08659,SP,Sudeste,45-54,2025-11-18
C08660,DF,Centro-Oeste,25-34,2022-02-05
C08661,RJ,Sudeste,18-24,2022-09-28
C08662,RS,Sul,35-44,2023-01-31
C08663,SP,Sudeste,25-34,2023-01-09
C08664,SP,Sudeste,55+,2023-08-02
C08665,PE,Nordeste,35-44,2024-01-11
C08666,PR,Sul,45-54,2024-04-17
C08667,MG,Sudeste,25-34,2022-08-28
C08668,CE,Nordeste,45-54,2024-05-11
C08669,SP,Sudeste,45-54,2024-05-18
C08670,SP,Sudeste,35-44,2025-11-21
C08671,CE,Nordeste,25-34,2025-05-05
C08672,PA,Norte,35-44,2025-09-01
C08673,RJ,Sudeste,35-44,2024-09-12
C08674,PR,Sul,35-44,2025-10-20
C08675,SP,Sudeste,35-44,2025-08-23
C08676,SP,Sudeste,45-54,2023-06-10
C08677,SP,Sudeste,55+,2024-03-06
C08678,SP,Sudeste,35-44,2022-11-01
C08679,MG,Sudeste,45-54,2024-03-31
C08680,SP,Sudeste,18-24,2024-11-08
C08681,PE,Nordeste,35-44,2023-03-25
C08682,RS,Sul,25-34,2025-06-04
C08683,PR,Sul,55+,2024-04-30
C08684,CE,Nordeste,18-24,2024-01-23
C08685,RS,Sul,45-54,2024-06-21
C08686,DF,Centro-Oeste,55+,2022-09-16
C08687,PR,Sul,45-54,2023-05-07
C08688,PR,Sul,55+,2025-11-26
C08689,SP,Sudeste,25-34,2022-06-08
C08690,SP,Sudeste,25-34,2023-11-27
C08691,MG,Sudeste,35-44,2022-10-15
C08692,PA,Norte,35-44,2025-03-09
C08693,PR,Sul,18-24,2023-06-18
C08694,BA,Nordeste,35-44,2025-03-02
C08695,MG,Sudeste,18-24,2024-11-29
C08696,PE,Nordeste,25-34,2025-06-06
C08697,MG,Sudeste,25-34,2023-03-02
C08698,DF,Centro-Oeste,35-44,2024-05-24
C08699,RJ,Sudeste,35-44,2024-09-20
C08700,SP,Sudeste,55+,2023-02-10
C08701,SP,Sudeste,25-34,2022-07-26
C08702,CE,Nordeste,55+,2024-10-10
C08703,PE,Nordeste,35-44,2025-02-12
C08704,CE,Nordeste,25-34,2024-12-25
C08705,MG,Sudeste,45-54,2022-06-27
C08706,MG,Sudeste,55+,2022-12-18
C08707,SP,Sudeste,18-24,2022-05-10
C08708,RN,Nordeste,35-44,2024-11-28
C08709,RJ,Sudeste,25-34,2023-10-18
C08710,BA,Nordeste,25-34,2025-02-16
C08711,RS,Sul,35-44,2024-01-18
C08712,SP,Sudeste,55+,2024-04-02
C08713,SP,Sudeste,45-54,2024-10-29
C08714,PR,Sul,25-34,2025-02-26
C08715,BA,Nordeste,18-24,2024-06-25
C08716,RS,Sul,35-44,2023-08-04
C08717,PR,Sul,25-34,2024-12-10
C08718,GO,Centro-Oeste,25-34,2025-01-06
C08719,RS,Sul,45-54,2022-03-06
C08720,SP,Sudeste,55+,2025-05-05
C08721,SC,Sul,25-34,2023-11-30
C08722,RS,Sul,45-54,2024-07-14
C08723,SP,Sudeste,18-24,2025-10-09
C08724,SP,Sudeste,25-34,2023-11-02
C08725,BA,Nordeste,35-44,2025-06-13
C08726,SP,Sudeste,25-34,2022-03-20
C08727,PA,Norte,25-34,2022-09-28
C08728,PR,Sul,45-54,2024-03-05
C08729,RJ,Sudeste,45-54,2025-01-12
C08730,SP,Sudeste,18-24,2025-01-26
C08731,SP,Sudeste,35-44,2025-03-22
C08732,SP,Sudeste,18-24,2025-09-13
C08733,SP,Sudeste,35-44,2024-06-20
C08734,SP,Sudeste,25-34,2025-12-22
C08735,GO,Centro-Oeste,45-54,2023-01-27
C08736,SP,Sudeste,18-24,2024-07-22
C08737,RJ,Sudeste,35-44,2024-04-15
C08738,RS,Sul,25-34,2024-11-23
C08739,PR,Sul,35-44,2022-07-06
C08740,PR,Sul,25-34,2022-10-05
C08741,MG,Sudeste,45-54,2025-08-09
C08742,PR,Sul,25-34,2025-10-24
C08743,RS,Sul,25-34,2025-02-17
C08744,GO,Centro-Oeste,45-54,2024-06-30
C08745,SP,Sudeste,45-54,2022-03-21
C08746,SP,Sudeste,25-34,2025-06-05
C08747,PE,Nordeste,25-34,2022-10-22
C08748,MG,Sudeste,25-34,2024-03-29
C08749,SP,Sudeste,55+,2024-09-04
C08750,SP,Sudeste,55+,2024-04-20
C08751,SP,Sudeste,35-44,2025-08-09
C08752,SP,Sudeste,55+,2024-05-18
C08753,RJ,Sudeste,35-44,2022-10-24
C08754,SP,Sudeste,25-34,2022-09-30
C08755,DF,Centro-Oeste,45-54,2023-09-09
C08756,AM,Norte,55+,2025-04-03
C08757,SP,Sudeste,35-44,2025-07-01
C08758,SP,Sudeste,55+,2024-05-31
C08759,RS,Sul,25-34,2025-10-31
C08760,MG,Sudeste,18-24,2025-08-12
C08761,SP,Sudeste,35-44,2022-11-12
C08762,CE,Nordeste,35-44,2022-10-09
C08763,SP,Sudeste,35-44,2022-10-06
C08764,SC,Sul,45-54,2025-09-05
C08765,CE,Nordeste,35-44,2022-07-16
C08766,RJ,Sudeste,35-44,2024-12-02
C08767,SP,Sudeste,25-34,2025-07-24
C08768,SP,Sudeste,25-34,2024-06-18
C08769,PA,Norte,45-54,2022-09-04
C08770,SP,Sudeste,35-44,2023-01-23
C08771,SP,Sudeste,45-54,2023-07-30
C08772,SP,Sudeste,25-34,2024-05-14
C08773,RJ,Sudeste,25-34,2022-12-18
C08774,RJ,Sudeste,35-44,2025-07-17
C08775,RS,Sul,25-34,2023-08-28
C08776,PR,Sul,25-34,2024-05-14
C08777,AM,Norte,35-44,2025-08-29
C08778,RN,Nordeste,45-54,2022-07-13
C08779,BA,Nordeste,25-34,2023-10-15
C08780,RS,Sul,35-44,2025-07-17
C08781,MT,Centro-Oeste,55+,2023-12-22
C08782,PR,Sul,55+,2025-03-03
C08783,BA,Nordeste,18-24,2022-03-14
C08784,RS,Sul,35-44,2024-08-28
C08785,SP,Sudeste,35-44,2025-04-11
C08786,RJ,Sudeste,45-54,2025-01-05
C08787,CE,Nordeste,25-34,2025-09-20
C08788,BA,Nordeste,25-34,2023-03-18
C08789,RN,Nordeste,45-54,2024-01-22
C08790,RJ,Sudeste,35-44,2025-02-13
C08791,PR,Sul,55+,2023-03-03
C08792,SP,Sudeste,35-44,2025-09-24
C08793,RJ,Sudeste,55+,2025-04-02
C08794,CE,Nordeste,35-44,2022-02-25
C08795,RS,Sul,35-44,2025-06-04
C08796,SP,Sudeste,35-44,2024-10-22
C08797,SP,Sudeste,35-44,2023-11-05
C08798,BA,Nordeste,35-44,2024-07-05
C08799,RS,Sul,55+,2023-10-02
C08800,PR,Sul,45-54,2025-06-11
C08801,CE,Nordeste,45-54,2022-06-24
C08802,PE,Nordeste,35-44,2024-12-03
C08803,SP,Sudeste,25-34,2025-11-08
C08804,SP,Sudeste,45-54,2023-02-04
C08805,RN,Nordeste,18-24,2023-09-14
C08806,PE,Nordeste,35-44,2025-01-15
C08807,MG,Sudeste,55+,2024-05-26
C08808,AM,Norte,45-54,2025-01-20
C08809,MG,Sudeste,35-44,2022-04-30
C08810,SP,Sudeste,45-54,2025-05-28
C08811,PR,Sul,25-34,2022-05-29
C08812,PR,Sul,55+,2024-09-04
C08813,SP,Sudeste,25-34,2025-03-26
C08814,PA,Norte,25-34,2024-05-22
C08815,RS,Sul,35-44,2024-01-28
C08816,SP,Sudeste,25-34,2024-07-29
C08817,SC,Sul,35-44,2023-01-30
C08818,SC,Sul,45-54,2024-12-17
C08819,PR,Sul,35-44,2022-07-02
C08820,MG,Sudeste,25-34,2022-07-16
C08821,SP,Sudeste,35-44,2024-08-02
C08822,SP,Sudeste,35-44,2022-07-17
C08823,PR,Sul,35-44,2024-05-01
C08824,SP,Sudeste,25-34,2022-09-15
C08825,PE,Nordeste,45-54,2024-07-21
C08826,SP,Sudeste,18-24,2024-02-22
C08827,BA,Nordeste,55+,2023-12-09
C08828,SP,Sudeste,55+,2024-12-23
C08829,SP,Sudeste,25-34,2023-12-27
C08830,MG,Sudeste,35-44,2024-11-29
C08831,SP,Sudeste,45-54,2025-05-09
C08832,PR,Sul,25-34,2022-05-06
C08833,RJ,Sudeste,35-44,2023-08-02
C08834,SP,Sudeste,25-34,2022-03-19
C08835,BA,Nordeste,25-34,2022-01-02
C08836,DF,Centro-Oeste,55+,2022-10-23
C08837,GO,Centro-Oeste,25-34,2025-04-01
C08838,MG,Sudeste,35-44,2024-09-09
C08839,PR,Sul,25-34,2022-11-06
C08840,MG,Sudeste,45-54,2025-11-25
C08841,RS,Sul,25-34,2025-04-20
C08842,SP,Sudeste,55+,2024-05-11
C08843,RJ,Sudeste,25-34,2025-06-17
C08844,RJ,Sudeste,55+,2025-03-25
C08845,SP,Sudeste,25-34,2024-01-09
C08846,RS,Sul,25-34,2023-07-29
C08847,RJ,Sudeste,35-44,2024-10-23
C08848,RJ,Sudeste,55+,2025-06-17
C08849,BA,Nordeste,35-44,2024-10-03
C08850,CE,Nordeste,35-44,2023-10-31
C08851,GO,Centro-Oeste,55+,2025-09-23
C08852,DF,Centro-Oeste,25-34,2025-01-30
C08853,SP,Sudeste,18-24,2022-08-15
C08854,SC,Sul,25-34,2024-04-29
C08855,PR,Sul,35-44,2022-08-09
C08856,SP,Sudeste,35-44,2022-08-22
C08857,SP,Sudeste,35-44,2024-08-18
C08858,RS,Sul,45-54,2024-04-03
C08859,SP,Sudeste,25-34,2024-07-19
C08860,SP,Sudeste,18-24,2023-01-03
C08861,PR,Sul,35-44,2023-09-03
C08862,SP,Sudeste,25-34,2025-08-12
C08863,RS,Sul,25-34,2021-12-05
C08864,SP,Sudeste,35-44,2024-12-13
C08865,MG,Sudeste,25-34,2025-07-09
C08866,BA,Nordeste,25-34,2024-05-14
C08867,SP,Sudeste,35-44,2023-07-17
C08868,SC,Sul,55+,2025-09-28
C08869,SP,Sudeste,35-44,2025-04-15
C08870,RS,Sul,25-34,2025-09-20
C08871,GO,Centro-Oeste,35-44,2024-06-03
C08872,BA,Nordeste,35-44,2022-12-31
C08873,SP,Sudeste,35-44,2022-04-23
C08874,RJ,Sudeste,35-44,2024-08-19
C08875,PR,Sul,35-44,2025-03-03
C08876,SP,Sudeste,35-44,2024-09-01
C08877,PA,Norte,55+,2022-02-28
C08878,PE,Nordeste,55+,2024-11-07
C08879,CE,Nordeste,25-34,2023-09-08
C08880,GO,Centro-Oeste,35-44,2025-03-25
C08881,SC,Sul,45-54,2023-07-18
C08882,RJ,Sudeste,45-54,2025-02-11
C08883,MG,Sudeste,35-44,2025-04-15
C08884,MG,Sudeste,35-44,2025-03-22
C08885,PR,Sul,45-54,2024-01-23
C08886,SP,Sudeste,45-54,2023-02-04
C08887,SP,Sudeste,25-34,2024-10-19
C08888,RS,Sul,25-34,2025-09-02
C08889,PE,Nordeste,18-24,2024-02-13
C08890,SP,Sudeste,18-24,2024-07-17
C08891,RN,Nordeste,45-54,2022-08-01
C08892,CE,Nordeste,18-24,2024-01-10
C08893,MT,Centro-Oeste,45-54,2024-02-12
C08894,SP,Sudeste,18-24,2023-09-29
C08895,RJ,Sudeste,35-44,2024-07-04
C08896,RJ,Sudeste,25-34,2024-04-13
C08897,RJ,Sudeste,35-44,2023-05-29
C08898,RJ,Sudeste,35-44,2023-03-19
C08899,RN,Nordeste,35-44,2023-08-11
C08900,PR,Sul,25-34,2024-08-01
C08901,DF,Centro-Oeste,18-24,2025-04-12
C08902,MG,Sudeste,25-34,2022-01-25
C08903,SP,Sudeste,25-34,2022-04-17
C08904,RJ,Sudeste,25-34,2022-08-21
C08905,CE,Nordeste,35-44,2023-04-15
C08906,SC,Sul,35-44,2022-02-10
C08907,RJ,Sudeste,25-34,2025-12-16
C08908,DF,Centro-Oeste,55+,2025-07-11
C08909,SP,Sudeste,35-44,2025-09-03
C08910,SP,Sudeste,45-54,2024-03-08
C08911,MG,Sudeste,18-24,2025-09-23
C08912,BA,Nordeste,55+,2024-10-12
C08913,RJ,Sudeste,25-34,2024-12-20
C08914,PR,Sul,25-34,2024-09-27
C08915,CE,Nordeste,25-34,2023-10-27
C08916,RJ,Sudeste,25-34,2024-10-30
C08917,SP,Sudeste,35-44,2024-02-01
C08918,SP,Sudeste,35-44,2024-09-30
C08919,GO,Centro-Oeste,25-34,2023-06-12
C08920,SP,Sudeste,35-44,2024-12-20
C08921,SP,Sudeste,45-54,2025-07-27
C08922,SP,Sudeste,25-34,2025-04-14
C08923,PR,Sul,35-44,2023-05-15
C08924,RN,Nordeste,25-34,2025-03-24
C08925,GO,Centro-Oeste,45-54,2023-08-20
C08926,SP,Sudeste,35-44,2025-02-10
C08927,RJ,Sudeste,35-44,2025-05-19
C08928,SP,Sudeste,55+,2023-05-21
C08929,SP,Sudeste,25-34,2024-05-10
C08930,RJ,Sudeste,45-54,2025-05-15
C08931,RJ,Sudeste,55+,2024-02-14
C08932,SP,Sudeste,25-34,2024-05-19
C08933,PE,Nordeste,45-54,2022-01-07
C08934,SP,Sudeste,45-54,2023-07-31
C08935,SP,Sudeste,18-24,2025-05-08
C08936,PR,Sul,35-44,2025-04-18
C08937,RS,Sul,35-44,2023-09-27
C08938,SP,Sudeste,18-24,2024-04-27
C08939,PE,Nordeste,25-34,2022-05-09
C08940,SP,Sudeste,25-34,2023-10-21
C08941,BA,Nordeste,18-24,2023-06-26
C08942,SP,Sudeste,35-44,2025-12-21
C08943,SC,Sul,25-34,2025-11-28
C08944,RJ,Sudeste,25-34,2023-06-20
C08945,PE,Nordeste,18-24,2025-03-18
C08946,SP,Sudeste,55+,2025-11-27
C08947,MG,Sudeste,35-44,2024-07-27
C08948,SP,Sudeste,35-44,2023-11-03
C08949,SP,Sudeste,45-54,2023-10-05
C08950,SP,Sudeste,25-34,2023-06-03
C08951,PR,Sul,35-44,2022-09-01
C08952,PR,Sul,35-44,2023-02-11
C08953,BA,Nordeste,25-34,2025-07-31
C08954,SP,Sudeste,45-54,2024-06-12
C08955,RJ,Sudeste,25-34,2023-02-03
C08956,GO,Centro-Oeste,35-44,2025-03-11
C08957,RS,Sul,35-44,2025-06-12
C08958,RJ,Sudeste,35-44,2023-04-19
C08959,SP,Sudeste,45-54,2023-01-18
C08960,SP,Sudeste,25-34,2025-08-05
C08961,SP,Sudeste,25-34,2025-09-13
C08962,SC,Sul,35-44,2025-11-10
C08963,SP,Sudeste,45-54,2023-10-22
C08964,SP,Sudeste,25-34,2022-04-24
C08965,RS,Sul,45-54,2021-12-20
C08966,SC,Sul,18-24,2023-10-28
C08967,RS,Sul,25-34,2022-03-30
C08968,RJ,Sudeste,35-44,2024-07-30
C08969,SP,Sudeste,35-44,2024-12-16
C08970,RJ,Sudeste,25-34,2022-09-23
C08971,BA,Nordeste,35-44,2025-06-26
C08972,CE,Nordeste,35-44,2022-12-25
C08973,MG,Sudeste,25-34,2024-02-27
C08974,ES,Sudeste,35-44,2025-07-03
C08975,SP,Sudeste,35-44,2023-07-05
C08976,SP,Sudeste,25-34,2023-07-06
C08977,RJ,Sudeste,45-54,2024-12-30
C08978,RS,Sul,35-44,2023-04-07
C08979,RJ,Sudeste,35-44,2023-09-01
C08980,SP,Sudeste,55+,2025-04-10
C08981,SP,Sudeste,25-34,2025-05-02
C08982,PR,Sul,25-34,2025-07-17
C08983,SC,Sul,45-54,2024-01-07
C08984,SP,Sudeste,55+,2025-08-25
C08985,RJ,Sudeste,55+,2022-09-15
C08986,PR,Sul,45-54,2022-12-20
C08987,SC,Sul,25-34,2024-03-03
C08988,SP,Sudeste,35-44,2025-05-23
C08989,SC,Sul,25-34,2023-11-10
C08990,PR,Sul,25-34,2025-10-24
C08991,SP,Sudeste,45-54,2023-10-02
C08992,BA,Nordeste,45-54,2025-04-18
C08993,RJ,Sudeste,35-44,2023-07-19
C08994,PE,Nordeste,35-44,2023-04-08
C08995,SP,Sudeste,45-54,2024-07-25
C08996,PR,Sul,25-34,2024-02-02
C08997,GO,Centro-Oeste,25-34,2022-11-10
C08998,PA,Norte,25-34,2023-04-22
C08999,ES,Sudeste,45-54,2022-01-30
C09000,PR,Sul,45-54,2024-07-09
C09001,MG,Sudeste,25-34,2024-03-10
C09002,RS,Sul,25-34,2025-11-21
C09003,SP,Sudeste,18-24,2024-02-16
C09004,SP,Sudeste,25-34,2024-06-24
C09005,SP,Sudeste,25-34,2025-11-09
C09006,SP,Sudeste,18-24,2025-03-02
C09007,MT,Centro-Oeste,25-34,2024-04-02
C09008,ES,Sudeste,35-44,2024-02-05
C09009,SC,Sul,25-34,2023-05-28
C09010,BA,Nordeste,25-34,2022-11-11
C09011,SP,Sudeste,45-54,2023-03-08
C09012,BA,Nordeste,45-54,2024-02-22
C09013,SP,Sudeste,35-44,2025-12-31
C09014,PE,Nordeste,35-44,2024-02-09
C09015,MG,Sudeste,35-44,2023-08-10
C09016,BA,Nordeste,35-44,2024-01-20
C09017,MG,Sudeste,35-44,2022-10-07
C09018,GO,Centro-Oeste,25-34,2023-02-07
C09019,RJ,Sudeste,35-44,2024-10-09
C09020,SP,Sudeste,35-44,2024-07-15
C09021,RS,Sul,35-44,2023-04-01
C09022,SP,Sudeste,18-24,2025-09-19
C09023,SP,Sudeste,25-34,2025-11-03
C09024,BA,Nordeste,55+,2025-02-13
C09025,MG,Sudeste,35-44,2024-08-31
C09026,PR,Sul,25-34,2023-03-17
C09027,RJ,Sudeste,35-44,2024-09-03
C09028,BA,Nordeste,35-44,2025-03-31
C09029,RJ,Sudeste,18-24,2022-02-27
C09030,SP,Sudeste,18-24,2023-07-31
C09031,RJ,Sudeste,25-34,2023-09-15
C09032,SP,Sudeste,18-24,2025-08-06
C09033,GO,Centro-Oeste,25-34,2025-08-08
C09034,MT,Centro-Oeste,35-44,2023-02-08
C09035,SP,Sudeste,35-44,2024-01-29
C09036,RJ,Sudeste,45-54,2022-08-08
C09037,RJ,Sudeste,18-24,2024-01-29
C09038,RS,Sul,55+,2025-11-06
C09039,BA,Nordeste,35-44,2024-11-08
C09040,SP,Sudeste,45-54,2025-03-24
C09041,SP,Sudeste,25-34,2022-09-29
C09042,RJ,Sudeste,35-44,2023-07-01
C09043,SP,Sudeste,18-24,2024-11-08
C09044,RS,Sul,45-54,2023-04-01
C09045,BA,Nordeste,35-44,2022-01-27
C09046,CE,Nordeste,35-44,2025-09-25
C09047,SP,Sudeste,25-34,2024-06-21
C09048,SC,Sul,25-34,2022-04-21
C09049,BA,Nordeste,35-44,2025-04-21
C09050,SP,Sudeste,35-44,2023-10-17
C09051,SP,Sudeste,45-54,2023-04-07
C09052,SP,Sudeste,18-24,2024-04-26
C09053,SP,Sudeste,18-24,2023-05-22
C09054,MT,Centro-Oeste,25-34,2023-08-25
C09055,MG,Sudeste,55+,2025-04-05
C09056,RJ,Sudeste,35-44,2022-03-09
C09057,BA,Nordeste,45-54,2021-12-01
C09058,RS,Sul,55+,2025-10-16
C09059,PR,Sul,18-24,2022-11-24
C09060,SP,Sudeste,25-34,2024-09-16
C09061,SP,Sudeste,25-34,2023-01-15
C09062,PE,Nordeste,35-44,2024-11-01
C09063,DF,Centro-Oeste,35-44,2025-12-18
C09064,RS,Sul,45-54,2022-07-12
C09065,SP,Sudeste,35-44,2023-01-07
C09066,SP,Sudeste,45-54,2025-05-17
C09067,PR,Sul,25-34,2023-04-10
C09068,SP,Sudeste,45-54,2024-12-09
C09069,CE,Nordeste,25-34,2023-03-17
C09070,GO,Centro-Oeste,25-34,2022-07-25
C09071,DF,Centro-Oeste,25-34,2024-05-17
C09072,SP,Sudeste,35-44,2022-11-15
C09073,SP,Sudeste,25-34,2025-01-25
C09074,SP,Sudeste,35-44,2025-02-10
C09075,RJ,Sudeste,35-44,2022-01-28
C09076,RJ,Sudeste,35-44,2024-08-19
C09077,SP,Sudeste,18-24,2022-05-06
C09078,SP,Sudeste,35-44,2025-05-04
C09079,SP,Sudeste,25-34,2025-06-10
C09080,SP,Sudeste,45-54,2025-11-08
C09081,SC,Sul,35-44,2023-07-27
C09082,PE,Nordeste,25-34,2023-05-02
C09083,PR,Sul,25-34,2022-04-27
C09084,SP,Sudeste,25-34,2022-08-12
C09085,SC,Sul,35-44,2025-06-26
C09086,SP,Sudeste,35-44,2023-07-24
C09087,SP,Sudeste,45-54,2024-07-05
C09088,PR,Sul,18-24,2022-01-25
C09089,SP,Sudeste,25-34,2023-12-11
C09090,SP,Sudeste,25-34,2024-02-05
C09091,BA,Nordeste,35-44,2024-03-02
C09092,SP,Sudeste,35-44,2024-08-30
C09093,DF,Centro-Oeste,35-44,2025-09-09
C09094,MG,Sudeste,55+,2024-12-25
C09095,BA,Nordeste,25-34,2025-05-20
C09096,SP,Sudeste,25-34,2025-08-24
C09097,SP,Sudeste,25-34,2025-01-12
C09098,CE,Nordeste,25-34,2025-05-08
C09099,SP,Sudeste,25-34,2023-01-27
C09100,SP,Sudeste,35-44,2025-10-17
C09101,SP,Sudeste,45-54,2023-09-11
C09102,RJ,Sudeste,18-24,2023-04-09
C09103,SP,Sudeste,18-24,2025-02-06
C09104,RJ,Sudeste,35-44,2025-11-17
C09105,PR,Sul,18-24,2024-08-11
C09106,PE,Nordeste,35-44,2024-07-02
C09107,RS,Sul,35-44,2022-09-18
C09108,RJ,Sudeste,25-34,2023-09-07
C09109,SP,Sudeste,55+,2022-03-30
C09110,SP,Sudeste,55+,2023-03-05
C09111,PE,Nordeste,35-44,2025-08-28
C09112,SP,Sudeste,25-34,2024-04-06
C09113,SP,Sudeste,25-34,2024-10-11
C09114,BA,Nordeste,35-44,2023-05-20
C09115,SP,Sudeste,25-34,2022-09-26
C09116,RJ,Sudeste,25-34,2025-08-16
C09117,SP,Sudeste,25-34,2023-02-17
C09118,BA,Nordeste,25-34,2024-04-25
C09119,SC,Sul,45-54,2025-12-03
C09120,SP,Sudeste,45-54,2025-10-23
C09121,RJ,Sudeste,35-44,2022-07-19
C09122,DF,Centro-Oeste,18-24,2023-08-06
C09123,RS,Sul,35-44,2024-01-21
C09124,CE,Nordeste,25-34,2025-10-29
C09125,SP,Sudeste,35-44,2024-02-17
C09126,DF,Centro-Oeste,45-54,2024-06-20
C09127,SP,Sudeste,25-34,2025-07-13
C09128,CE,Nordeste,35-44,2023-07-12
C09129,DF,Centro-Oeste,45-54,2024-09-14
C09130,SP,Sudeste,25-34,2025-11-07
C09131,SP,Sudeste,25-34,2025-06-26
C09132,GO,Centro-Oeste,35-44,2025-07-19
C09133,SP,Sudeste,55+,2022-04-19
C09134,PR,Sul,55+,2024-08-23
C09135,PE,Nordeste,35-44,2024-06-11
C09136,CE,Nordeste,25-34,2025-09-25
C09137,MG,Sudeste,45-54,2024-08-30
C09138,BA,Nordeste,45-54,2024-01-17
C09139,RS,Sul,35-44,2024-10-04
C09140,AM,Norte,35-44,2023-11-06
C09141,RJ,Sudeste,25-34,2023-11-02
C09142,SP,Sudeste,25-34,2022-07-09
C09143,RJ,Sudeste,45-54,2023-06-17
C09144,PR,Sul,45-54,2023-12-28
C09145,ES,Sudeste,25-34,2024-09-28
C09146,RJ,Sudeste,45-54,2024-06-20
C09147,RJ,Sudeste,45-54,2024-01-17
C09148,MG,Sudeste,25-34,2022-08-23
C09149,SP,Sudeste,35-44,2025-10-19
C09150,SP,Sudeste,35-44,2024-06-16
C09151,SC,Sul,25-34,2025-04-29
C09152,PE,Nordeste,25-34,2022-12-19
C09153,RJ,Sudeste,35-44,2025-01-11
C09154,SP,Sudeste,45-54,2025-05-23
C09155,RJ,Sudeste,55+,2025-04-26
C09156,SP,Sudeste,55+,2025-04-20
C09157,SP,Sudeste,45-54,2023-07-07
C09158,RJ,Sudeste,25-34,2022-07-30
C09159,PE,Nordeste,35-44,2025-01-16
C09160,DF,Centro-Oeste,55+,2024-10-28
C09161,SC,Sul,35-44,2025-12-05
C09162,DF,Centro-Oeste,25-34,2023-07-03
C09163,RJ,Sudeste,35-44,2025-10-06
C09164,BA,Nordeste,45-54,2022-11-27
C09165,GO,Centro-Oeste,25-34,2025-05-23
C09166,GO,Centro-Oeste,55+,2023-12-28
C09167,GO,Centro-Oeste,55+,2022-12-02
C09168,MG,Sudeste,45-54,2025-06-22
C09169,PR,Sul,55+,2024-05-04
C09170,PR,Sul,18-24,2023-10-28
C09171,SP,Sudeste,25-34,2025-09-27
C09172,SP,Sudeste,18-24,2023-01-03
C09173,SP,Sudeste,35-44,2022-02-28
C09174,GO,Centro-Oeste,25-34,2025-06-03
C09175,BA,Nordeste,25-34,2025-03-25
C09176,MG,Sudeste,18-24,2024-11-24
C09177,SP,Sudeste,25-34,2022-03-10
C09178,RS,Sul,35-44,2023-06-20
C09179,SP,Sudeste,25-34,2025-09-15
C09180,SC,Sul,25-34,2024-11-12
C09181,RJ,Sudeste,55+,2024-12-13
C09182,SP,Sudeste,45-54,2024-03-10
C09183,SP,Sudeste,25-34,2023-08-14
C09184,SP,Sudeste,25-34,2023-10-16
C09185,SP,Sudeste,35-44,2023-02-10
C09186,SP,Sudeste,45-54,2024-10-20
C09187,SP,Sudeste,25-34,2024-03-07
C09188,SP,Sudeste,25-34,2025-01-12
C09189,BA,Nordeste,18-24,2025-03-23
C09190,RJ,Sudeste,55+,2022-12-02
C09191,SP,Sudeste,35-44,2023-12-11
C09192,PR,Sul,25-34,2024-08-05
C09193,RS,Sul,35-44,2025-10-06
C09194,RS,Sul,25-34,2022-02-28
C09195,RJ,Sudeste,35-44,2025-06-19
C09196,SP,Sudeste,45-54,2024-01-12
C09197,RJ,Sudeste,55+,2022-08-02
C09198,RS,Sul,25-34,2023-11-24
C09199,SP,Sudeste,35-44,2023-07-15
C09200,SP,Sudeste,55+,2022-03-23
C09201,DF,Centro-Oeste,55+,2025-08-07
C09202,DF,Centro-Oeste,25-34,2024-09-09
C09203,SP,Sudeste,45-54,2023-11-26
C09204,MG,Sudeste,25-34,2025-03-20
C09205,MG,Sudeste,35-44,2023-07-06
C09206,GO,Centro-Oeste,35-44,2024-10-02
C09207,SC,Sul,25-34,2023-06-28
C09208,MT,Centro-Oeste,35-44,2023-06-26
C09209,SP,Sudeste,55+,2024-03-21
C09210,PA,Norte,45-54,2025-01-06
C09211,RS,Sul,25-34,2025-03-22
C09212,GO,Centro-Oeste,45-54,2025-12-31
C09213,RJ,Sudeste,35-44,2025-12-23
C09214,BA,Nordeste,18-24,2025-09-26
C09215,PR,Sul,25-34,2023-06-20
C09216,MG,Sudeste,25-34,2022-11-02
C09217,SP,Sudeste,45-54,2025-10-02
C09218,RS,Sul,25-34,2023-07-28
C09219,PE,Nordeste,45-54,2023-06-16
C09220,PR,Sul,45-54,2022-08-09
C09221,SP,Sudeste,35-44,2025-06-28
C09222,MT,Centro-Oeste,25-34,2024-03-16
C09223,PR,Sul,25-34,2025-02-26
C09224,SC,Sul,25-34,2023-08-28
C09225,SP,Sudeste,35-44,2023-11-23
C09226,SC,Sul,25-34,2023-02-12
C09227,SP,Sudeste,45-54,2025-05-22
C09228,RJ,Sudeste,18-24,2022-08-31
C09229,DF,Centro-Oeste,25-34,2024-02-24
C09230,SC,Sul,25-34,2023-09-10
C09231,RJ,Sudeste,18-24,2022-04-16
C09232,RS,Sul,35-44,2024-07-23
C09233,SP,Sudeste,55+,2022-12-15
C09234,SP,Sudeste,25-34,2024-04-16
C09235,PR,Sul,55+,2025-12-04
C09236,SC,Sul,25-34,2023-07-04
C09237,MT,Centro-Oeste,25-34,2024-09-28
C09238,DF,Centro-Oeste,35-44,2024-02-09
C09239,MG,Sudeste,35-44,2024-12-04
C09240,DF,Centro-Oeste,25-34,2025-06-30
C09241,PE,Nordeste,35-44,2025-03-28
C09242,SP,Sudeste,55+,2024-11-24
C09243,SP,Sudeste,25-34,2025-01-22
C09244,RJ,Sudeste,45-54,2022-09-19
C09245,RS,Sul,45-54,2024-10-26
C09246,BA,Nordeste,45-54,2025-01-27
C09247,BA,Nordeste,25-34,2025-07-18
C09248,SP,Sudeste,25-34,2024-11-17
C09249,RJ,Sudeste,35-44,2025-05-31
C09250,PE,Nordeste,35-44,2023-08-05
C09251,SC,Sul,45-54,2025-11-28
C09252,RJ,Sudeste,45-54,2025-11-29
C09253,SC,Sul,18-24,2025-02-25
C09254,RJ,Sudeste,35-44,2024-11-01
C09255,SP,Sudeste,45-54,2024-03-03
C09256,PA,Norte,35-44,2024-11-18
C09257,SP,Sudeste,45-54,2024-07-25
C09258,BA,Nordeste,55+,2024-01-20
C09259,DF,Centro-Oeste,18-24,2024-04-03
C09260,RJ,Sudeste,55+,2025-05-31
C09261,PR,Sul,35-44,2023-05-10
C09262,RJ,Sudeste,45-54,2023-05-24
C09263,SP,Sudeste,35-44,2024-09-24
C09264,CE,Nordeste,35-44,2025-05-04
C09265,GO,Centro-Oeste,18-24,2022-04-27
C09266,SP,Sudeste,25-34,2024-03-23
C09267,RS,Sul,45-54,2025-08-04
C09268,RJ,Sudeste,25-34,2025-02-11
C09269,SP,Sudeste,35-44,2024-08-18
C09270,SP,Sudeste,25-34,2025-10-30
C09271,CE,Nordeste,18-24,2022-01-01
C09272,MT,Centro-Oeste,45-54,2024-01-02
C09273,SP,Sudeste,45-54,2023-04-29
C09274,SP,Sudeste,35-44,2024-03-12
C09275,RJ,Sudeste,18-24,2024-02-25
C09276,PE,Nordeste,25-34,2023-10-06
C09277,SC,Sul,35-44,2025-08-03
C09278,RS,Sul,25-34,2024-06-08
C09279,MG,Sudeste,45-54,2024-08-15
C09280,RJ,Sudeste,55+,2022-07-18
C09281,SP,Sudeste,45-54,2025-01-25
C09282,SP,Sudeste,25-34,2024-10-28
C09283,RJ,Sudeste,35-44,2023-08-02
C09284,CE,Nordeste,35-44,2022-05-19
C09285,SP,Sudeste,18-24,2025-01-02
C09286,RS,Sul,35-44,2024-12-26
C09287,SP,Sudeste,35-44,2023-06-27
C09288,RJ,Sudeste,35-44,2023-11-09
C09289,SP,Sudeste,25-34,2022-01-17
C09290,SP,Sudeste,45-54,2023-07-23
C09291,PR,Sul,25-34,2025-12-02
C09292,RJ,Sudeste,55+,2023-10-05
C09293,PE,Nordeste,55+,2025-07-05
C09294,RJ,Sudeste,25-34,2025-11-14
C09295,MG,Sudeste,45-54,2023-09-02
C09296,PR,Sul,25-34,2024-12-21
C09297,RJ,Sudeste,45-54,2024-12-06
C09298,SP,Sudeste,35-44,2023-08-28
C09299,SP,Sudeste,25-34,2023-08-14
C09300,SP,Sudeste,35-44,2023-03-18
C09301,RN,Nordeste,35-44,2023-11-03
C09302,RS,Sul,25-34,2025-05-16
C09303,SP,Sudeste,45-54,2024-06-16
C09304,RJ,Sudeste,25-34,2022-02-21
C09305,SP,Sudeste,45-54,2024-11-17
C09306,SC,Sul,25-34,2025-12-08
C09307,BA,Nordeste,25-34,2023-02-27
C09308,PR,Sul,25-34,2024-06-07
C09309,BA,Nordeste,55+,2025-10-18
C09310,BA,Nordeste,25-34,2022-04-11
C09311,RJ,Sudeste,55+,2025-07-15
C09312,RJ,Sudeste,25-34,2024-01-04
C09313,RJ,Sudeste,55+,2025-11-15
C09314,SC,Sul,45-54,2023-10-22
C09315,SC,Sul,55+,2023-04-14
C09316,SC,Sul,55+,2023-05-11
C09317,RJ,Sudeste,25-34,2024-10-13
C09318,SP,Sudeste,25-34,2024-08-14
C09319,RS,Sul,25-34,2024-08-09
C09320,SP,Sudeste,35-44,2023-07-19
C09321,RJ,Sudeste,18-24,2023-02-21
C09322,PR,Sul,25-34,2024-04-19
C09323,BA,Nordeste,35-44,2025-05-19
C09324,CE,Nordeste,45-54,2023-11-19
C09325,PA,Norte,25-34,2024-03-31
C09326,SC,Sul,55+,2025-02-12
C09327,MG,Sudeste,55+,2024-01-10
C09328,MG,Sudeste,18-24,2024-09-14
C09329,PR,Sul,35-44,2023-06-07
C09330,SC,Sul,25-34,2024-01-23
C09331,CE,Nordeste,45-54,2024-10-15
C09332,RJ,Sudeste,45-54,2025-01-15
C09333,SP,Sudeste,45-54,2024-08-25
C09334,SC,Sul,25-34,2023-12-07
C09335,RJ,Sudeste,35-44,2023-12-20
C09336,PR,Sul,45-54,2023-09-28
C09337,SP,Sudeste,35-44,2023-07-19
C09338,SP,Sudeste,25-34,2025-09-13
C09339,DF,Centro-Oeste,18-24,2024-02-04
C09340,DF,Centro-Oeste,25-34,2024-12-26
C09341,DF,Centro-Oeste,55+,2022-07-27
C09342,MG,Sudeste,45-54,2023-01-04
C09343,MG,Sudeste,45-54,2025-03-02
C09344,RJ,Sudeste,45-54,2024-12-24
C09345,SP,Sudeste,45-54,2024-03-13
C09346,RJ,Sudeste,55+,2024-07-25
C09347,DF,Centro-Oeste,45-54,2025-11-01
C09348,RJ,Sudeste,18-24,2022-02-26
C09349,SP,Sudeste,35-44,2022-10-15
C09350,RS,Sul,55+,2023-07-25
C09351,MT,Centro-Oeste,55+,2022-12-03
C09352,RJ,Sudeste,45-54,2023-06-03
C09353,RN,Nordeste,45-54,2024-04-21
C09354,CE,Nordeste,25-34,2023-02-15
C09355,SP,Sudeste,25-34,2023-07-30
C09356,SP,Sudeste,55+,2024-07-09
C09357,SC,Sul,35-44,2023-01-04
C09358,SP,Sudeste,45-54,2023-10-10
C09359,GO,Centro-Oeste,18-24,2025-12-10
C09360,RJ,Sudeste,55+,2025-10-30
C09361,SC,Sul,25-34,2023-06-01
C09362,SP,Sudeste,25-34,2024-11-11
C09363,SP,Sudeste,25-34,2025-04-17
C09364,RN,Nordeste,55+,2022-06-12
C09365,MG,Sudeste,45-54,2023-04-13
C09366,SP,Sudeste,35-44,2023-03-21
C09367,MG,Sudeste,25-34,2022-12-01
C09368,SP,Sudeste,25-34,2025-07-11
C09369,SP,Sudeste,45-54,2023-05-31
C09370,MG,Sudeste,25-34,2022-08-08
C09371,SP,Sudeste,25-34,2022-05-31
C09372,SP,Sudeste,45-54,2025-01-03
C09373,SP,Sudeste,35-44,2023-07-06
C09374,MG,Sudeste,18-24,2023-08-01
C09375,MG,Sudeste,25-34,2025-05-01
C09376,BA,Nordeste,35-44,2024-02-28
C09377,SP,Sudeste,35-44,2024-12-19
C09378,PE,Nordeste,25-34,2024-04-13
C09379,RJ,Sudeste,55+,2024-12-09
C09380,CE,Nordeste,18-24,2024-12-17
C09381,MT,Centro-Oeste,25-34,2023-08-26
C09382,SC,Sul,55+,2022-04-18
C09383,SC,Sul,35-44,2025-05-16
C09384,SP,Sudeste,35-44,2023-06-12
C09385,SP,Sudeste,45-54,2025-12-23
C09386,ES,Sudeste,18-24,2025-01-12
C09387,SP,Sudeste,35-44,2025-05-14
C09388,PE,Nordeste,45-54,2023-03-08
C09389,SP,Sudeste,55+,2025-10-23
C09390,SC,Sul,25-34,2025-12-23
C09391,ES,Sudeste,45-54,2022-12-01
C09392,SP,Sudeste,18-24,2025-01-15
C09393,RJ,Sudeste,45-54,2025-05-01
C09394,PR,Sul,45-54,2023-03-04
C09395,RJ,Sudeste,45-54,2025-01-29
C09396,SP,Sudeste,25-34,2022-11-27
C09397,SP,Sudeste,25-34,2023-11-07
C09398,DF,Centro-Oeste,55+,2022-04-20
C09399,SP,Sudeste,35-44,2024-12-04
C09400,PE,Nordeste,25-34,2022-12-27
C09401,RS,Sul,35-44,2025-11-09
C09402,SP,Sudeste,25-34,2025-05-11
C09403,AM,Norte,35-44,2023-10-21
C09404,SP,Sudeste,25-34,2025-05-01
C09405,SP,Sudeste,18-24,2025-07-13
C09406,RJ,Sudeste,55+,2025-08-26
C09407,SP,Sudeste,25-34,2024-05-19
C09408,GO,Centro-Oeste,25-34,2025-02-02
C09409,PR,Sul,18-24,2023-12-01
C09410,GO,Centro-Oeste,45-54,2025-03-30
C09411,BA,Nordeste,25-34,2025-08-04
C09412,SP,Sudeste,45-54,2023-03-23
C09413,PE,Nordeste,35-44,2024-01-24
C09414,GO,Centro-Oeste,35-44,2022-01-13
C09415,RJ,Sudeste,45-54,2022-08-30
C09416,RJ,Sudeste,55+,2025-07-10
C09417,PE,Nordeste,35-44,2023-07-12
C09418,SP,Sudeste,45-54,2024-04-02
C09419,SP,Sudeste,35-44,2024-06-29
C09420,RJ,Sudeste,35-44,2024-03-22
C09421,SP,Sudeste,55+,2025-08-24
C09422,RS,Sul,25-34,2023-07-04
C09423,SP,Sudeste,35-44,2024-01-19
C09424,SP,Sudeste,55+,2024-02-18
C09425,SP,Sudeste,35-44,2023-08-18
C09426,SP,Sudeste,55+,2022-08-14
C09427,SP,Sudeste,35-44,2024-08-10
C09428,RS,Sul,25-34,2025-03-07
C09429,RJ,Sudeste,35-44,2023-10-06
C09430,SP,Sudeste,35-44,2025-09-03
C09431,RS,Sul,25-34,2024-03-23
C09432,MG,Sudeste,18-24,2025-01-01
C09433,SC,Sul,35-44,2024-09-05
C09434,SP,Sudeste,25-34,2025-11-02
C09435,SP,Sudeste,18-24,2022-01-14
C09436,RJ,Sudeste,18-24,2022-08-31
C09437,RS,Sul,25-34,2025-11-11
C09438,RJ,Sudeste,45-54,2023-07-02
C09439,PR,Sul,35-44,2025-01-09
C09440,SP,Sudeste,25-34,2022-03-02
C09441,MG,Sudeste,35-44,2023-10-12
C09442,SP,Sudeste,45-54,2024-12-15
C09443,GO,Centro-Oeste,35-44,2024-06-09
C09444,RJ,Sudeste,25-34,2024-08-16
C09445,GO,Centro-Oeste,35-44,2023-04-21
C09446,SP,Sudeste,35-44,2025-06-17
C09447,RJ,Sudeste,18-24,2024-08-12
C09448,RJ,Sudeste,55+,2024-11-04
C09449,PR,Sul,45-54,2025-07-18
C09450,SP,Sudeste,55+,2025-08-25
C09451,BA,Nordeste,25-34,2023-07-26
C09452,SP,Sudeste,35-44,2025-05-28
C09453,MG,Sudeste,25-34,2023-01-24
C09454,RN,Nordeste,25-34,2024-03-21
C09455,MT,Centro-Oeste,35-44,2024-04-06
C09456,PR,Sul,35-44,2024-06-07
C09457,SP,Sudeste,35-44,2021-12-13
C09458,SP,Sudeste,45-54,2023-09-21
C09459,SP,Sudeste,25-34,2022-11-30
C09460,RJ,Sudeste,45-54,2025-01-16
C09461,BA,Nordeste,18-24,2023-09-21
C09462,RJ,Sudeste,55+,2025-02-08
C09463,SP,Sudeste,25-34,2024-04-21
C09464,DF,Centro-Oeste,45-54,2024-05-31
C09465,ES,Sudeste,35-44,2025-08-01
C09466,RJ,Sudeste,45-54,2024-05-20
C09467,PR,Sul,25-34,2024-02-10
C09468,SP,Sudeste,55+,2025-12-23
C09469,DF,Centro-Oeste,25-34,2023-03-21
C09470,PE,Nordeste,25-34,2022-05-31
C09471,SP,Sudeste,25-34,2025-04-22
C09472,ES,Sudeste,35-44,2025-06-18
C09473,RS,Sul,35-44,2023-12-27
C09474,SP,Sudeste,18-24,2025-06-28
C09475,SP,Sudeste,35-44,2025-08-11
C09476,RJ,Sudeste,18-24,2025-11-25
C09477,SP,Sudeste,25-34,2023-08-25
C09478,SP,Sudeste,35-44,2025-09-16
C09479,PR,Sul,35-44,2023-05-10
C09480,GO,Centro-Oeste,18-24,2025-04-26
C09481,PR,Sul,45-54,2023-01-30
C09482,SC,Sul,35-44,2024-11-18
C09483,RJ,Sudeste,25-34,2024-05-19
C09484,DF,Centro-Oeste,55+,2023-02-18
C09485,SP,Sudeste,35-44,2024-12-16
C09486,SC,Sul,35-44,2022-04-07
C09487,CE,Nordeste,35-44,2023-11-03
C09488,BA,Nordeste,25-34,2025-04-25
C09489,RJ,Sudeste,18-24,2023-12-13
C09490,PE,Nordeste,25-34,2023-06-21
C09491,PE,Nordeste,25-34,2023-04-05
C09492,RJ,Sudeste,25-34,2023-01-05
C09493,RJ,Sudeste,18-24,2024-04-24
C09494,PE,Nordeste,25-34,2023-12-07
C09495,MG,Sudeste,25-34,2024-01-30
C09496,SP,Sudeste,18-24,2023-12-28
C09497,GO,Centro-Oeste,45-54,2024-03-10
C09498,MG,Sudeste,45-54,2024-10-02
C09499,MG,Sudeste,55+,2025-10-24
C09500,PR,Sul,35-44,2024-01-26
C09501,PE,Nordeste,55+,2022-04-30
C09502,SP,Sudeste,55+,2024-04-27
C09503,SP,Sudeste,35-44,2024-05-08
C09504,MG,Sudeste,35-44,2024-11-16
C09505,SP,Sudeste,25-34,2024-11-01
C09506,PA,Norte,25-34,2025-06-26
C09507,PE,Nordeste,25-34,2025-07-10
C09508,PA,Norte,45-54,2025-06-18
C09509,RJ,Sudeste,45-54,2024-11-25
C09510,PE,Nordeste,45-54,2024-05-30
C09511,SC,Sul,18-24,2025-08-08
C09512,DF,Centro-Oeste,35-44,2025-07-25
C09513,SP,Sudeste,25-34,2022-05-10
C09514,SP,Sudeste,25-34,2022-08-15
C09515,PA,Norte,35-44,2025-08-20
C09516,SP,Sudeste,35-44,2024-08-25
C09517,BA,Nordeste,35-44,2023-08-13
C09518,RS,Sul,45-54,2024-12-22
C09519,RS,Sul,25-34,2024-11-20
C09520,MG,Sudeste,18-24,2024-04-30
C09521,MG,Sudeste,25-34,2025-06-09
C09522,SP,Sudeste,25-34,2024-12-24
C09523,RS,Sul,25-34,2025-05-25
C09524,SP,Sudeste,25-34,2023-01-22
C09525,SP,Sudeste,55+,2021-12-10
C09526,SP,Sudeste,45-54,2024-07-17
C09527,PR,Sul,45-54,2023-11-11
C09528,SP,Sudeste,55+,2023-04-18
C09529,SP,Sudeste,45-54,2024-07-13
C09530,CE,Nordeste,35-44,2025-10-24
C09531,MG,Sudeste,35-44,2024-11-04
C09532,SP,Sudeste,45-54,2025-06-03
C09533,RJ,Sudeste,35-44,2025-07-03
C09534,GO,Centro-Oeste,55+,2025-09-29
C09535,SP,Sudeste,55+,2025-08-05
C09536,CE,Nordeste,18-24,2025-12-01
C09537,RJ,Sudeste,35-44,2025-06-26
C09538,PR,Sul,25-34,2024-12-04
C09539,PE,Nordeste,35-44,2025-08-08
C09540,RJ,Sudeste,25-34,2024-01-30
C09541,SP,Sudeste,25-34,2024-01-24
C09542,SC,Sul,35-44,2024-11-14
C09543,SP,Sudeste,55+,2023-10-11
C09544,SP,Sudeste,55+,2024-05-27
C09545,MG,Sudeste,55+,2023-05-20
C09546,SP,Sudeste,25-34,2023-08-16
C09547,SP,Sudeste,18-24,2024-06-02
C09548,PE,Nordeste,55+,2023-05-04
C09549,ES,Sudeste,35-44,2023-12-18
C09550,BA,Nordeste,45-54,2022-09-04
C09551,RJ,Sudeste,35-44,2025-04-17
C09552,SP,Sudeste,35-44,2024-04-12
C09553,SC,Sul,45-54,2023-06-29
C09554,SP,Sudeste,45-54,2023-12-26
C09555,MG,Sudeste,55+,2022-05-23
C09556,ES,Sudeste,25-34,2022-12-30
C09557,RS,Sul,45-54,2022-10-25
C09558,PA,Norte,35-44,2025-01-10
C09559,MG,Sudeste,55+,2023-01-26
C09560,MG,Sudeste,25-34,2025-03-24
C09561,RJ,Sudeste,55+,2025-09-30
C09562,SP,Sudeste,18-24,2024-11-03
C09563,MG,Sudeste,25-34,2023-11-23
C09564,SP,Sudeste,18-24,2025-06-08
C09565,SP,Sudeste,18-24,2023-07-03
C09566,RJ,Sudeste,35-44,2024-05-19
C09567,SP,Sudeste,35-44,2023-10-10
C09568,RJ,Sudeste,25-34,2022-12-30
C09569,PR,Sul,25-34,2024-07-18
C09570,SP,Sudeste,25-34,2023-08-02
C09571,PR,Sul,25-34,2024-05-27
C09572,PE,Nordeste,35-44,2023-12-05
C09573,SP,Sudeste,18-24,2024-01-15
C09574,RS,Sul,35-44,2024-11-07
C09575,SP,Sudeste,25-34,2023-02-06
C09576,MG,Sudeste,25-34,2025-11-15
C09577,CE,Nordeste,35-44,2024-07-09
C09578,PE,Nordeste,55+,2024-06-23
C09579,RJ,Sudeste,25-34,2024-02-24
C09580,RS,Sul,25-34,2022-12-18
C09581,SC,Sul,35-44,2024-08-29
C09582,RJ,Sudeste,55+,2023-07-23
C09583,SP,Sudeste,18-24,2022-06-16
C09584,RJ,Sudeste,18-24,2025-07-02
C09585,MG,Sudeste,25-34,2022-07-03
C09586,SP,Sudeste,55+,2025-07-22
C09587,PA,Norte,35-44,2024-06-18
C09588,SC,Sul,25-34,2025-11-07
C09589,SP,Sudeste,18-24,2024-02-11
C09590,SP,Sudeste,55+,2025-06-09
C09591,MG,Sudeste,45-54,2023-10-31
C09592,SP,Sudeste,35-44,2025-04-06
C09593,SP,Sudeste,18-24,2024-05-17
C09594,SP,Sudeste,35-44,2024-11-03
C09595,PR,Sul,35-44,2022-12-21
C09596,GO,Centro-Oeste,25-34,2025-09-26
C09597,RS,Sul,25-34,2024-08-09
C09598,SP,Sudeste,55+,2024-05-28
C09599,PE,Nordeste,55+,2025-03-09
C09600,PE,Nordeste,45-54,2024-10-19
C09601,RJ,Sudeste,45-54,2023-08-04
C09602,PR,Sul,45-54,2024-06-30
C09603,SC,Sul,45-54,2024-06-26
C09604,CE,Nordeste,45-54,2024-05-29
C09605,SP,Sudeste,25-34,2024-02-05
C09606,BA,Nordeste,18-24,2023-03-10
C09607,PR,Sul,25-34,2023-01-23
C09608,MG,Sudeste,25-34,2025-11-24
C09609,AM,Norte,45-54,2025-05-04
C09610,SP,Sudeste,45-54,2023-03-02
C09611,SP,Sudeste,35-44,2024-01-31
C09612,PA,Norte,35-44,2022-03-21
C09613,SP,Sudeste,55+,2025-03-31
C09614,SP,Sudeste,18-24,2025-06-22
C09615,SP,Sudeste,55+,2025-11-14
C09616,DF,Centro-Oeste,35-44,2023-09-18
C09617,SP,Sudeste,25-34,2023-09-17
C09618,GO,Centro-Oeste,25-34,2025-02-09
C09619,MG,Sudeste,45-54,2025-09-06
C09620,PR,Sul,35-44,2025-02-11
C09621,PR,Sul,45-54,2023-08-06
C09622,GO,Centro-Oeste,55+,2023-04-22
C09623,BA,Nordeste,35-44,2024-11-09
C09624,SP,Sudeste,55+,2024-08-31
C09625,SP,Sudeste,18-24,2023-02-24
C09626,DF,Centro-Oeste,25-34,2025-12-04
C09627,PR,Sul,55+,2024-08-25
C09628,PA,Norte,25-34,2023-11-02
C09629,PE,Nordeste,25-34,2024-03-09
C09630,DF,Centro-Oeste,25-34,2025-11-23
C09631,RS,Sul,25-34,2025-07-19
C09632,SC,Sul,45-54,2023-09-06
C09633,SP,Sudeste,35-44,2024-09-06
C09634,SC,Sul,55+,2025-11-19
C09635,PE,Nordeste,45-54,2024-12-16
C09636,PR,Sul,18-24,2024-02-07
C09637,SC,Sul,25-34,2023-01-12
C09638,ES,Sudeste,25-34,2022-01-18
C09639,MT,Centro-Oeste,35-44,2021-12-21
C09640,SP,Sudeste,25-34,2022-11-20
C09641,RJ,Sudeste,25-34,2025-10-31
C09642,RJ,Sudeste,35-44,2025-11-21
C09643,SP,Sudeste,45-54,2024-12-07
C09644,RJ,Sudeste,35-44,2025-11-07
C09645,MG,Sudeste,45-54,2023-12-17
C09646,AM,Norte,25-34,2022-04-25
C09647,GO,Centro-Oeste,45-54,2022-06-14
C09648,RS,Sul,55+,2024-12-01
C09649,PR,Sul,25-34,2024-08-04
C09650,RJ,Sudeste,18-24,2022-11-19
C09651,SP,Sudeste,55+,2025-05-11
C09652,RS,Sul,45-54,2024-12-15
C09653,SP,Sudeste,35-44,2025-05-17
C09654,SP,Sudeste,25-34,2023-03-14
C09655,RJ,Sudeste,35-44,2022-11-20
C09656,PA,Norte,25-34,2024-04-25
C09657,RJ,Sudeste,25-34,2024-04-13
C09658,RS,Sul,45-54,2025-07-11
C09659,RJ,Sudeste,45-54,2025-01-22
C09660,ES,Sudeste,35-44,2022-05-03
C09661,MG,Sudeste,25-34,2023-10-09
C09662,SP,Sudeste,25-34,2025-07-10
C09663,BA,Nordeste,25-34,2024-02-11
C09664,SP,Sudeste,25-34,2023-07-29
C09665,RS,Sul,35-44,2024-07-09
C09666,PA,Norte,35-44,2022-02-27
C09667,SP,Sudeste,25-34,2022-09-19
C09668,SP,Sudeste,55+,2024-07-20
C09669,SC,Sul,35-44,2024-08-30
C09670,PE,Nordeste,55+,2023-08-17
C09671,SP,Sudeste,45-54,2022-09-10
C09672,BA,Nordeste,35-44,2023-08-04
C09673,SP,Sudeste,45-54,2023-03-08
C09674,SP,Sudeste,25-34,2025-02-28
C09675,RJ,Sudeste,18-24,2023-01-22
C09676,RJ,Sudeste,45-54,2024-02-03
C09677,RJ,Sudeste,35-44,2025-02-23
C09678,PE,Nordeste,25-34,2024-08-05
C09679,SP,Sudeste,55+,2022-02-16
C09680,SC,Sul,55+,2025-04-27
C09681,PE,Nordeste,45-54,2022-02-09
C09682,SP,Sudeste,45-54,2022-01-07
C09683,RS,Sul,35-44,2024-01-02
C09684,MG,Sudeste,25-34,2024-05-23
C09685,SP,Sudeste,45-54,2022-08-01
C09686,RS,Sul,25-34,2024-07-28
C09687,RJ,Sudeste,35-44,2024-08-13
C09688,SP,Sudeste,55+,2022-10-26
C09689,SP,Sudeste,25-34,2024-12-08
C09690,RS,Sul,25-34,2025-05-07
C09691,CE,Nordeste,25-34,2025-01-25
C09692,PR,Sul,35-44,2022-10-12
C09693,RJ,Sudeste,25-34,2023-10-14
C09694,CE,Nordeste,35-44,2023-11-08
C09695,RJ,Sudeste,55+,2024-05-22
C09696,SP,Sudeste,25-34,2023-01-30
C09697,RS,Sul,35-44,2023-12-22
C09698,SP,Sudeste,55+,2023-11-14
C09699,BA,Nordeste,25-34,2024-12-16
C09700,SP,Sudeste,35-44,2025-02-06
C09701,AM,Norte,25-34,2024-06-17
C09702,SP,Sudeste,45-54,2024-02-21
C09703,RS,Sul,25-34,2022-06-09
C09704,SP,Sudeste,55+,2022-11-25
C09705,GO,Centro-Oeste,25-34,2022-09-28
C09706,DF,Centro-Oeste,25-34,2024-10-17
C09707,SP,Sudeste,55+,2022-12-09
C09708,SP,Sudeste,18-24,2022-07-15
C09709,DF,Centro-Oeste,18-24,2025-05-19
C09710,GO,Centro-Oeste,45-54,2024-04-19
C09711,PE,Nordeste,18-24,2024-02-03
C09712,SP,Sudeste,25-34,2025-09-28
C09713,ES,Sudeste,35-44,2024-04-04
C09714,PR,Sul,45-54,2024-11-12
C09715,BA,Nordeste,25-34,2022-09-19
C09716,DF,Centro-Oeste,35-44,2025-06-01
C09717,SP,Sudeste,25-34,2022-10-24
C09718,ES,Sudeste,35-44,2023-11-13
C09719,SC,Sul,25-34,2024-03-03
C09720,SP,Sudeste,55+,2024-06-09
C09721,RS,Sul,18-24,2024-01-15
C09722,MG,Sudeste,35-44,2024-07-09
C09723,SP,Sudeste,18-24,2025-11-13
C09724,BA,Nordeste,55+,2023-08-22
C09725,RJ,Sudeste,55+,2025-04-12
C09726,PA,Norte,35-44,2025-10-26
C09727,ES,Sudeste,55+,2024-12-14
C09728,PR,Sul,25-34,2025-02-12
C09729,PR,Sul,25-34,2023-11-20
C09730,PR,Sul,25-34,2025-02-25
C09731,SC,Sul,18-24,2024-06-24
C09732,RS,Sul,25-34,2025-02-04
C09733,RN,Nordeste,45-54,2025-07-08
C09734,RJ,Sudeste,25-34,2023-12-12
C09735,SP,Sudeste,35-44,2022-01-27
C09736,PE,Nordeste,45-54,2025-02-11
C09737,RJ,Sudeste,25-34,2022-08-05
C09738,DF,Centro-Oeste,25-34,2024-12-16
C09739,SP,Sudeste,35-44,2025-09-06
C09740,RN,Nordeste,25-34,2025-02-04
C09741,BA,Nordeste,45-54,2023-11-26
C09742,PR,Sul,55+,2024-02-27
C09743,RJ,Sudeste,45-54,2023-09-11
C09744,SP,Sudeste,55+,2022-10-21
C09745,MG,Sudeste,35-44,2023-09-25
C09746,SP,Sudeste,35-44,2024-07-12
C09747,RN,Nordeste,25-34,2025-10-07
C09748,PR,Sul,25-34,2024-04-27
C09749,CE,Nordeste,25-34,2025-08-29
C09750,SP,Sudeste,55+,2025-10-30
C09751,PR,Sul,45-54,2024-07-17
C09752,GO,Centro-Oeste,25-34,2025-01-24
C09753,SP,Sudeste,18-24,2025-12-22
C09754,SP,Sudeste,35-44,2023-06-05
C09755,BA,Nordeste,35-44,2023-02-26
C09756,RS,Sul,45-54,2024-08-09
C09757,SP,Sudeste,45-54,2024-06-21
C09758,SP,Sudeste,45-54,2022-06-08
C09759,SP,Sudeste,18-24,2022-02-12
C09760,SP,Sudeste,35-44,2023-10-29
C09761,RS,Sul,45-54,2022-11-12
C09762,SP,Sudeste,45-54,2023-01-16
C09763,MG,Sudeste,35-44,2024-04-29
C09764,SP,Sudeste,18-24,2025-11-22
C09765,PE,Nordeste,35-44,2024-09-28
C09766,RJ,Sudeste,35-44,2024-09-12
C09767,PA,Norte,18-24,2024-09-04
C09768,RJ,Sudeste,35-44,2023-07-19
C09769,RN,Nordeste,35-44,2024-04-16
C09770,RJ,Sudeste,35-44,2022-07-19
C09771,ES,Sudeste,55+,2023-11-04
C09772,SP,Sudeste,25-34,2022-08-26
C09773,SP,Sudeste,35-44,2025-12-21
C09774,DF,Centro-Oeste,45-54,2022-09-23
C09775,SP,Sudeste,45-54,2024-04-14
C09776,PR,Sul,25-34,2024-12-15
C09777,SP,Sudeste,45-54,2023-11-02
C09778,RN,Nordeste,35-44,2024-10-13
C09779,CE,Nordeste,25-34,2022-09-01
C09780,SP,Sudeste,35-44,2023-12-18
C09781,SP,Sudeste,18-24,2025-02-02
C09782,BA,Nordeste,35-44,2024-11-04
C09783,RJ,Sudeste,25-34,2022-04-10
C09784,MG,Sudeste,55+,2023-05-20
C09785,BA,Nordeste,35-44,2023-01-17
C09786,PR,Sul,45-54,2022-10-16
C09787,BA,Nordeste,25-34,2024-01-12
C09788,SP,Sudeste,25-34,2022-09-18
C09789,SP,Sudeste,25-34,2024-10-29
C09790,RJ,Sudeste,35-44,2025-12-04
C09791,SP,Sudeste,35-44,2024-12-22
C09792,CE,Nordeste,25-34,2022-04-02
C09793,MG,Sudeste,35-44,2024-06-13
C09794,SP,Sudeste,25-34,2024-08-15
C09795,PA,Norte,45-54,2023-10-10
C09796,ES,Sudeste,25-34,2023-05-29
C09797,BA,Nordeste,45-54,2023-05-19
C09798,SP,Sudeste,35-44,2024-01-14
C09799,RJ,Sudeste,35-44,2022-10-23
C09800,PE,Nordeste,25-34,2022-08-08
C09801,RJ,Sudeste,25-34,2022-08-08
C09802,SC,Sul,25-34,2024-06-19
C09803,RJ,Sudeste,18-24,2023-12-07
C09804,PE,Nordeste,35-44,2023-04-24
C09805,SP,Sudeste,25-34,2025-06-22
C09806,MG,Sudeste,45-54,2023-08-04
C09807,RS,Sul,45-54,2024-09-17
C09808,PE,Nordeste,45-54,2025-12-12
C09809,PR,Sul,35-44,2024-04-27
C09810,MG,Sudeste,45-54,2025-01-31
C09811,RJ,Sudeste,45-54,2023-07-06
C09812,SP,Sudeste,25-34,2025-12-21
C09813,RS,Sul,35-44,2023-07-01
C09814,PR,Sul,25-34,2024-01-16
C09815,MG,Sudeste,25-34,2025-08-16
C09816,SP,Sudeste,25-34,2024-01-18
C09817,PR,Sul,35-44,2023-10-13
C09818,DF,Centro-Oeste,55+,2024-04-26
C09819,PR,Sul,35-44,2025-01-04
C09820,SP,Sudeste,55+,2022-10-12
C09821,ES,Sudeste,35-44,2025-03-30
C09822,SP,Sudeste,45-54,2023-03-23
C09823,GO,Centro-Oeste,55+,2023-05-15
C09824,SP,Sudeste,55+,2025-10-31
C09825,GO,Centro-Oeste,25-34,2024-11-15
C09826,MG,Sudeste,35-44,2022-12-29
C09827,ES,Sudeste,45-54,2023-09-14
C09828,MG,Sudeste,18-24,2024-05-25
C09829,SP,Sudeste,18-24,2024-02-19
C09830,SP,Sudeste,45-54,2024-09-13
C09831,RN,Nordeste,18-24,2025-07-09
C09832,PA,Norte,55+,2025-10-15
C09833,SP,Sudeste,18-24,2024-03-12
C09834,RJ,Sudeste,35-44,2025-02-13
C09835,BA,Nordeste,25-34,2024-09-01
C09836,RJ,Sudeste,25-34,2024-06-09
C09837,GO,Centro-Oeste,55+,2023-04-11
C09838,SP,Sudeste,25-34,2024-10-21
C09839,RJ,Sudeste,25-34,2025-12-05
C09840,PE,Nordeste,45-54,2023-09-27
C09841,RJ,Sudeste,35-44,2024-06-28
C09842,SP,Sudeste,18-24,2024-05-20
C09843,RJ,Sudeste,18-24,2025-11-29
C09844,RS,Sul,25-34,2023-02-20
C09845,SC,Sul,25-34,2025-07-08
C09846,SP,Sudeste,35-44,2022-04-11
C09847,SP,Sudeste,35-44,2024-06-16
C09848,MT,Centro-Oeste,45-54,2023-07-04
C09849,PR,Sul,25-34,2022-07-07
C09850,DF,Centro-Oeste,25-34,2024-11-18
C09851,MG,Sudeste,45-54,2022-05-27
C09852,ES,Sudeste,35-44,2023-02-12
C09853,PE,Nordeste,25-34,2025-12-05
C09854,RJ,Sudeste,55+,2024-10-11
C09855,PA,Norte,35-44,2025-02-08
C09856,SP,Sudeste,45-54,2025-08-23
C09857,RJ,Sudeste,45-54,2024-12-31
C09858,SP,Sudeste,18-24,2022-10-17
C09859,MG,Sudeste,35-44,2025-02-09
C09860,SP,Sudeste,35-44,2025-09-22
C09861,SP,Sudeste,18-24,2023-01-01
C09862,SP,Sudeste,25-34,2024-09-28
C09863,SP,Sudeste,35-44,2023-06-16
C09864,SP,Sudeste,25-34,2023-01-20
C09865,DF,Centro-Oeste,55+,2022-08-26
C09866,RJ,Sudeste,25-34,2023-07-09
C09867,SP,Sudeste,25-34,2025-02-23
C09868,MG,Sudeste,55+,2025-02-01
C09869,MG,Sudeste,35-44,2024-08-04
C09870,SP,Sudeste,55+,2023-09-04
C09871,SP,Sudeste,18-24,2024-02-02
C09872,SP,Sudeste,45-54,2023-11-02
C09873,RJ,Sudeste,55+,2025-05-17
C09874,PA,Norte,35-44,2025-04-04
C09875,SP,Sudeste,45-54,2023-09-04
C09876,SP,Sudeste,25-34,2025-02-07
C09877,SP,Sudeste,45-54,2023-05-19
C09878,BA,Nordeste,35-44,2024-01-04
C09879,SP,Sudeste,45-54,2024-09-26
C09880,RS,Sul,35-44,2024-11-28
C09881,SP,Sudeste,18-24,2024-03-17
C09882,SP,Sudeste,25-34,2024-08-17
C09883,PR,Sul,35-44,2025-12-10
C09884,DF,Centro-Oeste,55+,2023-02-11
C09885,RJ,Sudeste,25-34,2024-05-01
C09886,RJ,Sudeste,35-44,2024-11-19
C09887,SP,Sudeste,55+,2022-06-13
C09888,RS,Sul,25-34,2023-11-11
C09889,AM,Norte,45-54,2024-04-26
C09890,BA,Nordeste,45-54,2025-04-20
C09891,BA,Nordeste,45-54,2024-01-09
C09892,SP,Sudeste,35-44,2024-01-27
C09893,SP,Sudeste,55+,2022-09-18
C09894,SP,Sudeste,18-24,2025-01-11
C09895,AM,Norte,45-54,2024-04-15
C09896,RS,Sul,25-34,2023-08-29
C09897,SP,Sudeste,25-34,2022-01-12
C09898,RN,Nordeste,25-34,2023-05-15
C09899,RS,Sul,35-44,2022-04-17
C09900,PE,Nordeste,25-34,2024-03-28
C09901,RN,Nordeste,55+,2025-07-29
C09902,MG,Sudeste,25-34,2025-03-21
C09903,BA,Nordeste,25-34,2024-06-19
C09904,RJ,Sudeste,35-44,2022-12-26
C09905,MG,Sudeste,35-44,2025-01-31
C09906,SC,Sul,55+,2024-06-30
C09907,GO,Centro-Oeste,35-44,2024-06-18
C09908,SP,Sudeste,25-34,2023-05-20
C09909,RJ,Sudeste,35-44,2024-01-17
C09910,DF,Centro-Oeste,45-54,2023-06-26
C09911,SP,Sudeste,25-34,2022-12-10
C09912,SP,Sudeste,45-54,2023-06-15
C09913,RN,Nordeste,18-24,2024-06-23
C09914,SC,Sul,18-24,2024-12-22
C09915,GO,Centro-Oeste,35-44,2025-10-16
C09916,SP,Sudeste,45-54,2023-06-10
C09917,SP,Sudeste,25-34,2024-05-17
C09918,SP,Sudeste,25-34,2024-08-14
C09919,CE,Nordeste,25-34,2025-07-07
C09920,PR,Sul,45-54,2023-07-01
C09921,SC,Sul,25-34,2024-10-25
C09922,SP,Sudeste,35-44,2022-01-01
C09923,PE,Nordeste,25-34,2025-06-24
C09924,BA,Nordeste,55+,2022-04-04
C09925,MT,Centro-Oeste,25-34,2022-01-12
C09926,SP,Sudeste,25-34,2022-11-29
C09927,PR,Sul,45-54,2025-07-01
C09928,SP,Sudeste,45-54,2025-08-15
C09929,RS,Sul,45-54,2023-07-05
C09930,RJ,Sudeste,55+,2024-07-28
C09931,DF,Centro-Oeste,25-34,2023-01-14
C09932,RJ,Sudeste,35-44,2025-05-04
C09933,SP,Sudeste,55+,2024-04-16
C09934,SC,Sul,55+,2024-06-30
C09935,PR,Sul,35-44,2022-06-13
C09936,RJ,Sudeste,25-34,2024-07-18
C09937,SP,Sudeste,25-34,2025-02-28
C09938,RN,Nordeste,35-44,2022-10-17
C09939,PE,Nordeste,55+,2023-10-21
C09940,SP,Sudeste,45-54,2025-06-14
C09941,RJ,Sudeste,25-34,2022-06-01
C09942,SP,Sudeste,55+,2022-08-19
C09943,RS,Sul,25-34,2025-12-31
C09944,PR,Sul,18-24,2023-04-12
C09945,SP,Sudeste,35-44,2022-04-05
C09946,RN,Nordeste,45-54,2022-03-12
C09947,BA,Nordeste,25-34,2025-01-29
C09948,GO,Centro-Oeste,25-34,2024-03-04
C09949,RS,Sul,35-44,2024-12-16
C09950,PR,Sul,35-44,2023-04-19
C09951,SP,Sudeste,35-44,2023-01-16
C09952,RJ,Sudeste,35-44,2025-02-11
C09953,RS,Sul,25-34,2023-09-14
C09954,RS,Sul,25-34,2022-08-11
C09955,RJ,Sudeste,45-54,2025-07-18
C09956,SP,Sudeste,25-34,2024-10-13
C09957,PA,Norte,35-44,2022-09-07
C09958,SC,Sul,55+,2023-12-28
C09959,GO,Centro-Oeste,55+,2023-12-07
C09960,MT,Centro-Oeste,18-24,2023-12-28
C09961,SP,Sudeste,35-44,2022-07-09
C09962,RJ,Sudeste,35-44,2023-02-03
C09963,SC,Sul,35-44,2023-01-01
C09964,RJ,Sudeste,45-54,2025-09-22
C09965,MG,Sudeste,25-34,2023-05-15
C09966,SP,Sudeste,45-54,2023-12-04
C09967,MG,Sudeste,25-34,2023-01-15
C09968,PE,Nordeste,35-44,2024-02-25
C09969,SP,Sudeste,18-24,2023-09-21
C09970,RJ,Sudeste,18-24,2022-04-18
C09971,SC,Sul,35-44,2023-08-05
C09972,SP,Sudeste,25-34,2024-04-13
C09973,PR,Sul,18-24,2024-06-29
C09974,DF,Centro-Oeste,35-44,2024-02-26
C09975,SP,Sudeste,55+,2024-02-08
C09976,SP,Sudeste,55+,2024-10-20
C09977,SP,Sudeste,25-34,2022-10-25
C09978,SC,Sul,45-54,2024-10-13
C09979,MG,Sudeste,55+,2025-06-18
C09980,MG,Sudeste,45-54,2025-12-07
C09981,BA,Nordeste,45-54,2023-06-26
C09982,MG,Sudeste,18-24,2025-10-14
C09983,SP,Sudeste,25-34,2023-03-07
C09984,RJ,Sudeste,25-34,2023-08-30
C09985,SP,Sudeste,25-34,2023-11-08
C09986,GO,Centro-Oeste,25-34,2023-08-30
C09987,RS,Sul,18-24,2022-04-01
C09988,MG,Sudeste,25-34,2025-10-24
C09989,RS,Sul,35-44,2024-06-03
C09990,ES,Sudeste,35-44,2023-02-27
C09991,SP,Sudeste,35-44,2022-10-20
C09992,RJ,Sudeste,18-24,2024-01-03
C09993,MG,Sudeste,35-44,2024-03-10
C09994,PR,Sul,45-54,2023-09-15
C09995,MG,Sudeste,25-34,2025-09-06
C09996,SP,Sudeste,35-44,2023-09-20
C09997,PA,Norte,35-44,2024-11-10
C09998,SP,Sudeste,25-34,2024-06-08
C09999,SP,Sudeste,35-44,2024-07-27
C10000,SP,Sudeste,55+,2024-11-08
C10001,SC,Sul,45-54,2023-06-27
C10002,RJ,Sudeste,25-34,2025-07-26
C10003,PE,Nordeste,45-54,2024-01-01
C10004,RJ,Sudeste,35-44,2024-07-26
C10005,SP,Sudeste,35-44,2023-07-29
C10006,SC,Sul,45-54,2022-08-06
C10007,PE,Nordeste,25-34,2023-04-02
C10008,SP,Sudeste,25-34,2022-02-21
C10009,PE,Nordeste,55+,2024-03-17
C10010,SP,Sudeste,25-34,2024-02-14
C10011,SP,Sudeste,55+,2025-11-21
C10012,SP,Sudeste,45-54,2025-05-04
C10013,RS,Sul,45-54,2023-11-20
C10014,RS,Sul,45-54,2023-01-16
C10015,RS,Sul,45-54,2025-06-29
C10016,PR,Sul,45-54,2024-06-11
C10017,RS,Sul,25-34,2025-04-16
C10018,PR,Sul,45-54,2025-10-27
C10019,SP,Sudeste,45-54,2024-01-01
C10020,SP,Sudeste,25-34,2025-09-13
C10021,SP,Sudeste,55+,2023-08-18
C10022,PE,Nordeste,55+,2025-12-17
C10023,RJ,Sudeste,25-34,2024-07-06
C10024,SP,Sudeste,35-44,2025-03-11
C10025,AM,Norte,25-34,2024-07-13
C10026,GO,Centro-Oeste,25-34,2022-10-05
C10027,RJ,Sudeste,25-34,2025-04-08
C10028,RJ,Sudeste,25-34,2023-06-02
C10029,RS,Sul,18-24,2023-11-28
C10030,SP,Sudeste,45-54,2024-08-10
C10031,PR,Sul,55+,2025-10-29
C10032,RJ,Sudeste,25-34,2022-01-27
C10033,SP,Sudeste,35-44,2023-04-30
C10034,SP,Sudeste,35-44,2023-11-04
C10035,RJ,Sudeste,35-44,2025-06-05
C10036,MG,Sudeste,45-54,2023-11-07
C10037,SP,Sudeste,45-54,2022-07-19
C10038,RJ,Sudeste,55+,2023-04-27
C10039,SP,Sudeste,45-54,2024-12-31
C10040,DF,Centro-Oeste,55+,2023-07-03
C10041,SP,Sudeste,25-34,2024-10-05
C10042,SC,Sul,18-24,2024-08-27
C10043,SP,Sudeste,55+,2025-03-22
C10044,SP,Sudeste,25-34,2024-05-07
C10045,BA,Nordeste,45-54,2024-06-08
C10046,RJ,Sudeste,25-34,2022-12-27
C10047,SP,Sudeste,45-54,2024-01-10
C10048,MG,Sudeste,18-24,2025-03-30
C10049,PE,Nordeste,35-44,2025-05-29
C10050,RS,Sul,55+,2023-08-29
C10051,PE,Nordeste,55+,2025-03-06
C10052,PE,Nordeste,45-54,2024-05-07
C10053,BA,Nordeste,25-34,2024-09-01
C10054,SC,Sul,35-44,2024-06-26
C10055,PR,Sul,25-34,2025-07-24
C10056,MT,Centro-Oeste,25-34,2022-02-24
C10057,SP,Sudeste,18-24,2025-06-19
C10058,RJ,Sudeste,18-24,2023-07-25
C10059,DF,Centro-Oeste,18-24,2023-05-21
C10060,MG,Sudeste,35-44,2023-07-29
C10061,ES,Sudeste,35-44,2025-05-26
C10062,SC,Sul,55+,2025-01-23
C10063,SP,Sudeste,18-24,2025-09-03
C10064,PA,Norte,25-34,2023-10-15
C10065,SP,Sudeste,35-44,2023-06-04
C10066,RN,Nordeste,35-44,2023-11-01
C10067,RS,Sul,25-34,2024-01-30
C10068,SP,Sudeste,35-44,2023-08-02
C10069,RS,Sul,45-54,2022-08-29
C10070,SP,Sudeste,25-34,2024-06-02
C10071,SP,Sudeste,35-44,2023-11-30
C10072,SP,Sudeste,25-34,2023-03-03
C10073,SP,Sudeste,18-24,2022-08-16
C10074,SC,Sul,45-54,2025-02-12
C10075,RJ,Sudeste,35-44,2025-09-15
C10076,BA,Nordeste,35-44,2025-04-30
C10077,PE,Nordeste,25-34,2022-06-02
C10078,SP,Sudeste,35-44,2023-08-08
C10079,SP,Sudeste,45-54,2025-01-11
C10080,GO,Centro-Oeste,25-34,2024-09-05
C10081,PE,Nordeste,35-44,2024-01-17
C10082,MT,Centro-Oeste,18-24,2025-07-23
C10083,MG,Sudeste,18-24,2024-11-30
C10084,SP,Sudeste,35-44,2025-12-23
C10085,SP,Sudeste,25-34,2024-07-14
C10086,MG,Sudeste,35-44,2025-07-27
C10087,SC,Sul,55+,2025-01-01
C10088,PR,Sul,45-54,2023-06-04
C10089,RJ,Sudeste,25-34,2024-01-10
C10090,SP,Sudeste,35-44,2023-01-28
C10091,BA,Nordeste,25-34,2023-12-21
C10092,CE,Nordeste,35-44,2022-08-17
C10093,BA,Nordeste,35-44,2025-01-15
C10094,DF,Centro-Oeste,35-44,2024-03-25
C10095,MG,Sudeste,25-34,2025-12-22
C10096,SP,Sudeste,45-54,2024-06-18
C10097,SP,Sudeste,25-34,2024-07-03
C10098,AM,Norte,25-34,2023-12-18
C10099,PR,Sul,18-24,2025-06-13
C10100,MG,Sudeste,35-44,2024-08-06
C10101,PE,Nordeste,45-54,2025-01-22
C10102,AM,Norte,45-54,2025-06-04
C10103,SC,Sul,25-34,2024-06-11
C10104,RS,Sul,45-54,2023-04-24
C10105,SP,Sudeste,45-54,2024-01-05
C10106,SC,Sul,35-44,2023-11-15
C10107,BA,Nordeste,25-34,2022-03-12
C10108,SC,Sul,35-44,2025-01-03
C10109,SP,Sudeste,35-44,2025-09-13
C10110,RS,Sul,25-34,2023-09-23
C10111,SP,Sudeste,25-34,2023-12-15
C10112,RJ,Sudeste,35-44,2025-10-31
C10113,SP,Sudeste,18-24,2025-04-09
C10114,SP,Sudeste,55+,2022-06-02
C10115,RS,Sul,18-24,2022-07-01
C10116,RS,Sul,35-44,2023-05-02
C10117,PR,Sul,35-44,2023-02-11
C10118,SP,Sudeste,35-44,2024-07-30
C10119,ES,Sudeste,25-34,2025-07-04
C10120,CE,Nordeste,18-24,2025-06-15
C10121,RS,Sul,25-34,2022-11-17
C10122,SP,Sudeste,55+,2024-03-26
C10123,MG,Sudeste,35-44,2025-08-07
C10124,RJ,Sudeste,25-34,2023-11-11
C10125,RJ,Sudeste,45-54,2022-08-26
C10126,SP,Sudeste,35-44,2024-07-10
C10127,MG,Sudeste,35-44,2022-03-14
C10128,RJ,Sudeste,35-44,2022-03-27
C10129,PA,Norte,25-34,2023-03-03
C10130,DF,Centro-Oeste,18-24,2024-06-25
C10131,CE,Nordeste,18-24,2023-01-03
C10132,RJ,Sudeste,18-24,2024-05-30
C10133,MG,Sudeste,55+,2025-03-13
C10134,SC,Sul,35-44,2024-07-03
C10135,SP,Sudeste,45-54,2024-02-17
C10136,SC,Sul,45-54,2024-07-29
C10137,SP,Sudeste,45-54,2024-04-21
C10138,SP,Sudeste,25-34,2024-10-28
C10139,RJ,Sudeste,25-34,2022-07-05
C10140,PR,Sul,25-34,2023-11-18
C10141,PE,Nordeste,25-34,2022-10-22
C10142,SP,Sudeste,55+,2025-01-08
C10143,RS,Sul,55+,2024-09-25
C10144,RJ,Sudeste,25-34,2024-07-18
C10145,SP,Sudeste,25-34,2025-01-15
C10146,CE,Nordeste,25-34,2024-02-14
C10147,CE,Nordeste,55+,2021-12-28
C10148,SP,Sudeste,18-24,2023-11-29
C10149,SC,Sul,35-44,2024-12-28
C10150,RN,Nordeste,45-54,2023-08-31
C10151,PE,Nordeste,35-44,2023-10-17
C10152,SP,Sudeste,18-24,2023-12-06
C10153,DF,Centro-Oeste,45-54,2025-01-22
C10154,SP,Sudeste,25-34,2022-09-10
C10155,SP,Sudeste,25-34,2025-07-01
C10156,SC,Sul,25-34,2024-08-15
C10157,SP,Sudeste,25-34,2025-11-15
C10158,PR,Sul,45-54,2024-11-26
C10159,SP,Sudeste,25-34,2025-04-03
C10160,PR,Sul,35-44,2023-03-18
C10161,SP,Sudeste,35-44,2024-09-19
C10162,SP,Sudeste,45-54,2023-08-19
C10163,RS,Sul,35-44,2025-07-19
C10164,MG,Sudeste,35-44,2024-01-04
C10165,MG,Sudeste,35-44,2025-09-20
C10166,PR,Sul,45-54,2025-04-10
C10167,PR,Sul,25-34,2024-12-09
C10168,RJ,Sudeste,25-34,2023-10-05
C10169,PE,Nordeste,45-54,2022-06-18
C10170,SP,Sudeste,55+,2024-11-05
C10171,CE,Nordeste,35-44,2022-07-15
C10172,RJ,Sudeste,35-44,2025-01-11
C10173,PA,Norte,45-54,2024-03-14
C10174,MG,Sudeste,35-44,2024-10-03
C10175,MG,Sudeste,45-54,2025-09-22
C10176,BA,Nordeste,25-34,2022-12-15
C10177,BA,Nordeste,35-44,2022-10-17
C10178,MG,Sudeste,35-44,2024-11-21
C10179,SP,Sudeste,55+,2025-01-29
C10180,SP,Sudeste,55+,2023-12-12
C10181,BA,Nordeste,25-34,2023-12-08
C10182,SP,Sudeste,45-54,2023-06-06
C10183,PR,Sul,35-44,2024-11-19
C10184,SP,Sudeste,35-44,2024-09-25
C10185,CE,Nordeste,25-34,2023-07-08
C10186,PE,Nordeste,45-54,2022-05-04
C10187,BA,Nordeste,45-54,2025-07-09
C10188,PA,Norte,55+,2025-03-28
C10189,SP,Sudeste,55+,2024-06-17
C10190,SP,Sudeste,18-24,2025-07-11
C10191,SP,Sudeste,18-24,2025-12-01
C10192,RS,Sul,55+,2022-06-10
C10193,RS,Sul,25-34,2024-03-30
C10194,RS,Sul,55+,2025-08-18
C10195,ES,Sudeste,18-24,2025-07-24
C10196,SP,Sudeste,35-44,2023-09-11
C10197,SP,Sudeste,25-34,2025-06-20
C10198,CE,Nordeste,35-44,2023-03-19
C10199,MT,Centro-Oeste,25-34,2023-05-25
C10200,BA,Nordeste,25-34,2024-01-18
C10201,SP,Sudeste,45-54,2022-05-09
C10202,MT,Centro-Oeste,55+,2025-11-07
C10203,BA,Nordeste,35-44,2022-07-08
C10204,MG,Sudeste,18-24,2024-04-13
C10205,SP,Sudeste,35-44,2024-02-18
C10206,BA,Nordeste,25-34,2022-01-05
C10207,MG,Sudeste,35-44,2022-10-24
C10208,ES,Sudeste,18-24,2024-08-24
C10209,SP,Sudeste,55+,2025-12-12
C10210,SP,Sudeste,35-44,2023-06-17
C10211,RS,Sul,25-34,2022-07-05
C10212,SP,Sudeste,35-44,2023-06-19
C10213,MG,Sudeste,25-34,2023-05-19
C10214,MG,Sudeste,25-34,2023-02-09
C10215,SP,Sudeste,35-44,2023-04-09
C10216,RS,Sul,35-44,2023-08-09
C10217,MG,Sudeste,25-34,2022-10-11
C10218,ES,Sudeste,35-44,2022-12-10
C10219,SC,Sul,25-34,2023-10-08
C10220,MG,Sudeste,35-44,2024-10-10
C10221,PE,Nordeste,18-24,2023-03-17
C10222,SP,Sudeste,35-44,2023-07-07
C10223,CE,Nordeste,45-54,2022-01-12
C10224,SP,Sudeste,55+,2024-05-10
C10225,SP,Sudeste,25-34,2023-05-30
C10226,DF,Centro-Oeste,18-24,2022-10-06
C10227,SC,Sul,55+,2024-09-24
C10228,RJ,Sudeste,35-44,2024-09-03
C10229,BA,Nordeste,45-54,2025-05-08
C10230,SP,Sudeste,35-44,2024-01-03
C10231,MG,Sudeste,35-44,2023-06-09
C10232,SP,Sudeste,25-34,2022-12-10
C10233,SP,Sudeste,35-44,2025-04-21
C10234,SP,Sudeste,55+,2025-03-14
C10235,ES,Sudeste,25-34,2025-01-07
C10236,SP,Sudeste,35-44,2022-11-25
C10237,SP,Sudeste,35-44,2023-05-16
C10238,AM,Norte,35-44,2022-12-21
C10239,RJ,Sudeste,35-44,2022-04-07
C10240,PE,Nordeste,35-44,2023-09-22
C10241,RS,Sul,55+,2024-07-29
C10242,MG,Sudeste,45-54,2023-09-16
C10243,DF,Centro-Oeste,25-34,2025-11-11
C10244,SP,Sudeste,25-34,2025-08-02
C10245,SP,Sudeste,35-44,2025-07-14
C10246,PR,Sul,35-44,2024-03-21
C10247,PA,Norte,25-34,2025-12-28
C10248,MT,Centro-Oeste,35-44,2022-07-10
C10249,MG,Sudeste,45-54,2023-12-11
C10250,DF,Centro-Oeste,45-54,2023-04-23
C10251,SP,Sudeste,35-44,2024-07-01
C10252,CE,Nordeste,25-34,2023-02-08
C10253,SP,Sudeste,35-44,2025-05-19
C10254,BA,Nordeste,35-44,2024-04-18
C10255,MG,Sudeste,45-54,2024-02-09
C10256,RJ,Sudeste,35-44,2024-03-24
C10257,SP,Sudeste,18-24,2025-01-27
C10258,SP,Sudeste,45-54,2024-01-19
C10259,SP,Sudeste,55+,2022-06-03
C10260,SC,Sul,25-34,2022-04-13
C10261,MG,Sudeste,25-34,2024-07-08
C10262,PE,Nordeste,45-54,2023-01-22
C10263,PE,Nordeste,45-54,2022-11-02
C10264,SP,Sudeste,35-44,2023-04-22
C10265,GO,Centro-Oeste,35-44,2023-03-31
C10266,SP,Sudeste,35-44,2023-02-15
C10267,SP,Sudeste,25-34,2025-10-25
C10268,RJ,Sudeste,25-34,2024-07-16
C10269,SP,Sudeste,35-44,2024-01-09
C10270,SC,Sul,35-44,2024-08-25
C10271,BA,Nordeste,35-44,2024-05-09
C10272,GO,Centro-Oeste,35-44,2023-05-16
C10273,PR,Sul,45-54,2023-11-14
C10274,PR,Sul,18-24,2025-11-10
C10275,SC,Sul,35-44,2023-12-26
C10276,SP,Sudeste,25-34,2025-06-13
C10277,RJ,Sudeste,25-34,2025-09-04
C10278,PE,Nordeste,45-54,2025-11-26
C10279,SP,Sudeste,25-34,2024-08-05
C10280,SP,Sudeste,45-54,2025-01-27
C10281,PE,Nordeste,18-24,2025-06-24
C10282,SP,Sudeste,18-24,2024-02-27
C10283,PR,Sul,25-34,2024-01-21
C10284,MG,Sudeste,35-44,2022-08-26
C10285,SP,Sudeste,35-44,2023-06-02
C10286,PR,Sul,18-24,2024-10-08
C10287,MG,Sudeste,35-44,2025-09-21
C10288,SP,Sudeste,55+,2025-03-18
C10289,PR,Sul,18-24,2024-03-08
C10290,DF,Centro-Oeste,55+,2025-09-26
C10291,CE,Nordeste,35-44,2023-05-12
C10292,SP,Sudeste,35-44,2023-09-04
C10293,RS,Sul,25-34,2023-06-16
C10294,CE,Nordeste,35-44,2024-04-16
C10295,SC,Sul,45-54,2022-01-04
C10296,SP,Sudeste,55+,2025-05-12
C10297,RJ,Sudeste,35-44,2022-05-11
C10298,RS,Sul,25-34,2023-08-06
C10299,GO,Centro-Oeste,25-34,2025-03-18
C10300,GO,Centro-Oeste,45-54,2023-03-02
C10301,SP,Sudeste,55+,2023-01-17
C10302,SP,Sudeste,25-34,2023-04-20
C10303,SP,Sudeste,25-34,2023-02-20
C10304,SP,Sudeste,35-44,2023-06-02
C10305,PR,Sul,45-54,2024-01-26
C10306,SP,Sudeste,35-44,2024-12-31
C10307,DF,Centro-Oeste,45-54,2023-06-29
C10308,SP,Sudeste,55+,2024-02-16
C10309,MG,Sudeste,45-54,2023-01-20
C10310,SP,Sudeste,18-24,2023-04-30
C10311,CE,Nordeste,25-34,2024-10-23
C10312,CE,Nordeste,25-34,2022-05-10
C10313,MG,Sudeste,35-44,2025-03-10
C10314,RJ,Sudeste,35-44,2022-10-26
C10315,RJ,Sudeste,25-34,2022-11-11
C10316,SP,Sudeste,18-24,2025-01-29
C10317,AM,Norte,25-34,2024-03-03
C10318,MG,Sudeste,25-34,2024-09-01
C10319,SP,Sudeste,25-34,2025-09-22
C10320,RJ,Sudeste,25-34,2024-04-16
C10321,PR,Sul,25-34,2023-06-15
C10322,SC,Sul,18-24,2025-07-23
C10323,SP,Sudeste,25-34,2025-10-21
C10324,SP,Sudeste,35-44,2025-07-14
C10325,SP,Sudeste,25-34,2022-06-03
C10326,SP,Sudeste,18-24,2022-04-09
C10327,SP,Sudeste,18-24,2024-06-26
C10328,PE,Nordeste,45-54,2023-04-23
C10329,RJ,Sudeste,35-44,2024-02-23
C10330,SP,Sudeste,35-44,2022-03-15
C10331,PE,Nordeste,55+,2025-10-29
C10332,SP,Sudeste,25-34,2022-02-17
C10333,MG,Sudeste,18-24,2025-11-30
C10334,SC,Sul,35-44,2022-08-09
C10335,SP,Sudeste,45-54,2024-12-28
C10336,SP,Sudeste,45-54,2023-02-11
C10337,SP,Sudeste,35-44,2022-02-26
C10338,SP,Sudeste,25-34,2025-12-07
C10339,SP,Sudeste,55+,2023-12-29
C10340,SP,Sudeste,18-24,2023-10-26
C10341,RS,Sul,55+,2024-03-21
C10342,SP,Sudeste,45-54,2025-07-18
C10343,SP,Sudeste,25-34,2023-10-15
C10344,SP,Sudeste,25-34,2025-12-20
C10345,MT,Centro-Oeste,25-34,2025-03-23
C10346,SP,Sudeste,35-44,2023-01-24
C10347,BA,Nordeste,18-24,2025-06-24
C10348,AM,Norte,25-34,2024-03-18
C10349,RJ,Sudeste,35-44,2023-03-25
C10350,MG,Sudeste,45-54,2022-03-13
C10351,PR,Sul,55+,2022-04-06
C10352,BA,Nordeste,35-44,2024-01-15
C10353,CE,Nordeste,25-34,2024-07-22
C10354,PR,Sul,35-44,2022-08-23
C10355,RJ,Sudeste,25-34,2024-06-19
C10356,SP,Sudeste,35-44,2022-07-22
C10357,SP,Sudeste,25-34,2022-08-24
C10358,PR,Sul,55+,2024-07-18
C10359,RJ,Sudeste,55+,2023-09-12
C10360,SP,Sudeste,25-34,2023-10-09
C10361,SP,Sudeste,25-34,2025-12-31
C10362,RJ,Sudeste,25-34,2024-08-23
C10363,MG,Sudeste,25-34,2024-11-22
C10364,RJ,Sudeste,35-44,2023-10-20
C10365,PA,Norte,25-34,2022-08-30
C10366,SC,Sul,25-34,2023-11-14
C10367,SP,Sudeste,35-44,2025-04-27
C10368,SP,Sudeste,25-34,2023-09-16
C10369,RJ,Sudeste,45-54,2024-02-06
C10370,ES,Sudeste,55+,2023-04-04
C10371,RJ,Sudeste,55+,2023-02-28
C10372,SP,Sudeste,25-34,2025-05-29
C10373,SP,Sudeste,35-44,2022-09-27
C10374,CE,Nordeste,55+,2025-10-29
C10375,RJ,Sudeste,25-34,2025-03-02
C10376,BA,Nordeste,45-54,2023-07-06
C10377,RJ,Sudeste,45-54,2024-02-02
C10378,MG,Sudeste,45-54,2025-03-16
C10379,MG,Sudeste,25-34,2023-07-02
C10380,MG,Sudeste,35-44,2025-06-23
C10381,DF,Centro-Oeste,55+,2025-10-01
C10382,PE,Nordeste,25-34,2022-04-11
C10383,SP,Sudeste,35-44,2024-08-07
C10384,SP,Sudeste,35-44,2024-11-29
C10385,SP,Sudeste,25-34,2023-12-24
C10386,RJ,Sudeste,35-44,2025-02-13
C10387,MG,Sudeste,35-44,2025-08-02
C10388,RJ,Sudeste,45-54,2024-04-12
C10389,SP,Sudeste,25-34,2025-10-05
C10390,SP,Sudeste,35-44,2023-08-03
C10391,MG,Sudeste,35-44,2024-10-02
C10392,MG,Sudeste,35-44,2025-07-07
C10393,PR,Sul,18-24,2025-10-07
C10394,MG,Sudeste,45-54,2025-03-25
C10395,PE,Nordeste,55+,2025-12-25
C10396,PR,Sul,55+,2024-01-31
C10397,SP,Sudeste,35-44,2022-07-18
C10398,SP,Sudeste,25-34,2024-08-08
C10399,SP,Sudeste,45-54,2023-05-25
C10400,SP,Sudeste,35-44,2025-07-10
C10401,DF,Centro-Oeste,35-44,2025-02-18
C10402,PR,Sul,25-34,2025-09-11
C10403,PR,Sul,25-34,2023-11-02
C10404,RS,Sul,18-24,2024-10-21
C10405,PR,Sul,25-34,2023-06-25
C10406,GO,Centro-Oeste,55+,2022-02-22
C10407,SP,Sudeste,45-54,2025-01-24
C10408,SP,Sudeste,45-54,2025-03-21
C10409,SC,Sul,35-44,2024-02-12
C10410,BA,Nordeste,35-44,2022-09-16
C10411,SP,Sudeste,55+,2025-10-12
C10412,SP,Sudeste,35-44,2025-04-14
C10413,PR,Sul,55+,2025-02-16
C10414,MT,Centro-Oeste,55+,2025-01-22
C10415,SP,Sudeste,35-44,2023-05-30
C10416,SP,Sudeste,25-34,2023-07-11
C10417,SP,Sudeste,45-54,2023-12-05
C10418,SP,Sudeste,25-34,2022-06-28
C10419,SC,Sul,35-44,2024-07-16
C10420,RJ,Sudeste,25-34,2025-09-03
C10421,MG,Sudeste,45-54,2025-11-19
C10422,CE,Nordeste,18-24,2023-06-09
C10423,SP,Sudeste,45-54,2023-05-13
C10424,RS,Sul,25-34,2022-06-10
C10425,DF,Centro-Oeste,25-34,2024-06-29
C10426,SP,Sudeste,18-24,2025-05-28
C10427,MG,Sudeste,35-44,2025-02-15
C10428,RJ,Sudeste,25-34,2024-10-20
C10429,RJ,Sudeste,45-54,2024-11-23
C10430,SC,Sul,35-44,2023-07-18
C10431,RN,Nordeste,35-44,2025-02-10
C10432,MG,Sudeste,18-24,2022-09-28
C10433,ES,Sudeste,18-24,2024-01-08
C10434,ES,Sudeste,55+,2025-01-15
C10435,SP,Sudeste,25-34,2022-06-25
C10436,MG,Sudeste,25-34,2023-07-10
C10437,RS,Sul,18-24,2022-01-05
C10438,SP,Sudeste,25-34,2024-12-27
C10439,RS,Sul,45-54,2023-12-13
C10440,SP,Sudeste,35-44,2023-01-21
C10441,RJ,Sudeste,25-34,2023-06-08
C10442,SP,Sudeste,25-34,2025-12-03
C10443,DF,Centro-Oeste,35-44,2025-11-10
C10444,PR,Sul,25-34,2024-02-09
C10445,DF,Centro-Oeste,35-44,2025-03-25
C10446,RS,Sul,45-54,2023-08-04
C10447,SP,Sudeste,45-54,2025-02-09
C10448,PE,Nordeste,35-44,2023-08-03
C10449,RJ,Sudeste,25-34,2024-11-24
C10450,SP,Sudeste,18-24,2024-05-25
C10451,RS,Sul,25-34,2023-03-22
C10452,RS,Sul,25-34,2025-01-26
C10453,SP,Sudeste,55+,2023-06-01
C10454,DF,Centro-Oeste,18-24,2022-08-27
C10455,MG,Sudeste,35-44,2025-05-15
C10456,SP,Sudeste,25-34,2024-08-19
C10457,SP,Sudeste,18-24,2025-11-29
C10458,CE,Nordeste,35-44,2024-06-08
C10459,SP,Sudeste,25-34,2025-11-29
C10460,MG,Sudeste,35-44,2024-05-12
C10461,PR,Sul,25-34,2023-02-10
C10462,SP,Sudeste,35-44,2024-02-22
C10463,DF,Centro-Oeste,35-44,2024-03-03
C10464,RJ,Sudeste,25-34,2023-10-04
C10465,SC,Sul,18-24,2024-12-20
C10466,MG,Sudeste,25-34,2024-09-27
C10467,MG,Sudeste,35-44,2022-10-25
C10468,PR,Sul,35-44,2025-11-04
C10469,RJ,Sudeste,25-34,2022-03-23
C10470,PE,Nordeste,25-34,2024-07-20
C10471,MG,Sudeste,55+,2025-01-12
C10472,ES,Sudeste,55+,2024-06-09
C10473,SC,Sul,35-44,2022-06-24
C10474,MG,Sudeste,25-34,2025-01-06
C10475,SP,Sudeste,25-34,2022-04-20
C10476,SP,Sudeste,45-54,2023-09-12
C10477,SP,Sudeste,25-34,2023-05-11
C10478,BA,Nordeste,25-34,2022-06-17
C10479,BA,Nordeste,25-34,2023-03-21
C10480,ES,Sudeste,45-54,2025-03-29
C10481,SP,Sudeste,35-44,2025-08-19
C10482,BA,Nordeste,55+,2023-06-30
C10483,SP,Sudeste,35-44,2022-06-06
C10484,PR,Sul,25-34,2025-11-17
C10485,BA,Nordeste,45-54,2025-11-13
C10486,GO,Centro-Oeste,35-44,2022-03-10
C10487,SP,Sudeste,55+,2023-08-02
C10488,SP,Sudeste,25-34,2025-05-06
C10489,SP,Sudeste,25-34,2022-08-07
C10490,SP,Sudeste,35-44,2023-05-24
C10491,SC,Sul,35-44,2025-05-02
C10492,RJ,Sudeste,25-34,2023-10-27
C10493,DF,Centro-Oeste,55+,2023-10-14
C10494,SC,Sul,25-34,2025-05-14
C10495,PR,Sul,18-24,2025-02-13
C10496,SP,Sudeste,25-34,2025-04-12
C10497,BA,Nordeste,25-34,2022-09-29
C10498,SP,Sudeste,25-34,2023-10-20
C10499,SP,Sudeste,45-54,2023-01-27
C10500,MG,Sudeste,25-34,2022-12-24
C10501,PR,Sul,25-34,2022-07-01
C10502,CE,Nordeste,35-44,2022-06-30
C10503,SP,Sudeste,35-44,2024-06-14
C10504,RJ,Sudeste,35-44,2023-02-16
C10505,SP,Sudeste,25-34,2025-07-30
C10506,GO,Centro-Oeste,25-34,2023-08-28
C10507,SP,Sudeste,35-44,2023-08-29
C10508,MG,Sudeste,25-34,2024-03-14
C10509,BA,Nordeste,45-54,2025-03-27
C10510,PR,Sul,25-34,2025-02-20
C10511,SP,Sudeste,45-54,2025-10-20
C10512,PA,Norte,35-44,2024-04-28
C10513,PE,Nordeste,18-24,2025-06-14
C10514,MG,Sudeste,25-34,2025-10-03
C10515,SP,Sudeste,25-34,2022-05-30
C10516,MT,Centro-Oeste,18-24,2023-10-25
C10517,MG,Sudeste,55+,2025-02-16
C10518,AM,Norte,25-34,2023-01-13
C10519,SP,Sudeste,35-44,2024-01-05
C10520,RS,Sul,25-34,2023-08-13
C10521,SP,Sudeste,45-54,2025-02-15
C10522,SP,Sudeste,45-54,2024-04-25
C10523,SP,Sudeste,55+,2022-06-01
C10524,SP,Sudeste,35-44,2025-03-21
C10525,PR,Sul,35-44,2024-08-16
C10526,RJ,Sudeste,35-44,2024-07-21
C10527,SC,Sul,25-34,2023-06-28
C10528,RJ,Sudeste,45-54,2023-05-12
C10529,MG,Sudeste,35-44,2022-01-05
C10530,SP,Sudeste,35-44,2024-05-28
C10531,ES,Sudeste,45-54,2025-11-13
C10532,MG,Sudeste,25-34,2025-03-26
C10533,PA,Norte,35-44,2023-07-25
C10534,PR,Sul,35-44,2024-02-27
C10535,SC,Sul,25-34,2024-10-10
C10536,GO,Centro-Oeste,45-54,2022-12-03
C10537,SC,Sul,18-24,2024-03-09
C10538,PE,Nordeste,35-44,2023-03-31
C10539,GO,Centro-Oeste,25-34,2025-02-27
C10540,SP,Sudeste,18-24,2023-05-31
C10541,RS,Sul,45-54,2023-07-14
C10542,RJ,Sudeste,45-54,2024-07-14
C10543,RJ,Sudeste,25-34,2023-04-14
C10544,SP,Sudeste,25-34,2024-11-24
C10545,RJ,Sudeste,45-54,2024-03-23
C10546,PR,Sul,25-34,2025-10-27
C10547,RS,Sul,25-34,2024-05-01
C10548,MG,Sudeste,35-44,2025-08-14
C10549,AM,Norte,35-44,2025-02-03
C10550,SC,Sul,18-24,2024-01-20
C10551,SP,Sudeste,25-34,2024-02-16
C10552,BA,Nordeste,35-44,2024-12-18
C10553,DF,Centro-Oeste,25-34,2025-04-16
C10554,SP,Sudeste,55+,2025-04-15
C10555,GO,Centro-Oeste,18-24,2022-11-12
C10556,DF,Centro-Oeste,25-34,2024-05-29
C10557,SP,Sudeste,55+,2022-05-19
C10558,SP,Sudeste,18-24,2025-05-24
C10559,MG,Sudeste,35-44,2023-03-09
C10560,SP,Sudeste,35-44,2025-05-16
C10561,PR,Sul,25-34,2024-08-01
C10562,BA,Nordeste,35-44,2023-04-08
C10563,MG,Sudeste,25-34,2024-09-02
C10564,SP,Sudeste,55+,2024-02-21
C10565,SP,Sudeste,25-34,2022-03-26
C10566,CE,Nordeste,25-34,2023-12-01
C10567,SP,Sudeste,18-24,2025-03-07
C10568,SC,Sul,55+,2025-07-25
C10569,SP,Sudeste,25-34,2025-06-25
C10570,GO,Centro-Oeste,35-44,2024-02-14
C10571,SP,Sudeste,25-34,2022-09-25
C10572,SC,Sul,25-34,2025-10-21
C10573,AM,Norte,45-54,2024-05-08
C10574,SP,Sudeste,25-34,2025-05-13
C10575,SP,Sudeste,25-34,2025-12-26
C10576,MG,Sudeste,35-44,2022-05-23
C10577,SP,Sudeste,25-34,2022-02-12
C10578,DF,Centro-Oeste,25-34,2024-03-06
C10579,PE,Nordeste,35-44,2024-03-24
C10580,SP,Sudeste,55+,2024-01-24
C10581,RS,Sul,18-24,2021-12-31
C10582,SP,Sudeste,55+,2023-12-30
C10583,SC,Sul,55+,2025-03-05
C10584,PE,Nordeste,55+,2023-10-23
C10585,RJ,Sudeste,18-24,2024-01-26
C10586,RS,Sul,25-34,2025-01-04
C10587,PE,Nordeste,35-44,2023-11-25
C10588,SP,Sudeste,25-34,2023-04-08
C10589,ES,Sudeste,35-44,2024-06-07
C10590,SP,Sudeste,25-34,2025-06-21
C10591,SP,Sudeste,45-54,2025-05-27
C10592,MG,Sudeste,55+,2024-12-27
C10593,SP,Sudeste,35-44,2024-12-20
C10594,MG,Sudeste,35-44,2024-11-26
C10595,BA,Nordeste,45-54,2025-08-30
C10596,SC,Sul,35-44,2023-10-07
C10597,SP,Sudeste,45-54,2024-03-18
C10598,CE,Nordeste,45-54,2022-08-15
C10599,RJ,Sudeste,45-54,2023-07-23
C10600,SP,Sudeste,55+,2023-07-25
C10601,PR,Sul,25-34,2025-09-17
C10602,SP,Sudeste,18-24,2024-06-05
C10603,SC,Sul,45-54,2022-02-08
C10604,PR,Sul,25-34,2023-10-18
C10605,RJ,Sudeste,35-44,2022-03-15
C10606,SP,Sudeste,35-44,2024-03-24
C10607,SP,Sudeste,55+,2023-07-23
C10608,SP,Sudeste,25-34,2023-03-12
C10609,AM,Norte,35-44,2024-06-07
C10610,PE,Nordeste,25-34,2021-12-12
C10611,SP,Sudeste,55+,2025-10-10
C10612,RS,Sul,25-34,2023-11-09
C10613,RJ,Sudeste,25-34,2024-06-20
C10614,SP,Sudeste,55+,2024-05-13
C10615,SP,Sudeste,35-44,2025-09-10
C10616,RJ,Sudeste,25-34,2025-10-30
C10617,RS,Sul,25-34,2024-06-17
C10618,SC,Sul,35-44,2023-12-03
C10619,DF,Centro-Oeste,25-34,2024-01-21
C10620,DF,Centro-Oeste,55+,2024-08-17
C10621,PR,Sul,25-34,2023-12-16
C10622,SP,Sudeste,35-44,2024-08-15
C10623,MG,Sudeste,55+,2025-07-20
C10624,RJ,Sudeste,45-54,2023-04-01
C10625,RJ,Sudeste,18-24,2024-04-22
C10626,SP,Sudeste,35-44,2022-09-24
C10627,SP,Sudeste,18-24,2025-02-27
C10628,PE,Nordeste,25-34,2024-11-06
C10629,SC,Sul,25-34,2025-11-03
C10630,SP,Sudeste,35-44,2025-10-17
C10631,RS,Sul,18-24,2024-10-23
C10632,RN,Nordeste,35-44,2023-11-20
C10633,AM,Norte,55+,2022-10-04
C10634,RS,Sul,55+,2024-04-21
C10635,PE,Nordeste,35-44,2023-12-07
C10636,ES,Sudeste,25-34,2023-01-10
C10637,BA,Nordeste,35-44,2025-06-23
C10638,SP,Sudeste,35-44,2025-10-03
C10639,SP,Sudeste,35-44,2025-03-28
C10640,RJ,Sudeste,25-34,2024-10-29
C10641,RN,Nordeste,35-44,2024-04-30
C10642,SP,Sudeste,55+,2025-12-31
C10643,PR,Sul,25-34,2023-02-21
C10644,MG,Sudeste,35-44,2025-12-14
C10645,ES,Sudeste,45-54,2023-12-21
C10646,PE,Nordeste,18-24,2024-04-18
C10647,SP,Sudeste,45-54,2025-10-05
C10648,MG,Sudeste,45-54,2022-12-05
C10649,SP,Sudeste,35-44,2024-02-20
C10650,RS,Sul,55+,2025-07-27
C10651,BA,Nordeste,35-44,2022-12-07
C10652,SP,Sudeste,25-34,2024-07-04
C10653,SP,Sudeste,45-54,2025-07-07
C10654,SP,Sudeste,25-34,2024-09-24
C10655,SP,Sudeste,35-44,2024-11-15
C10656,RS,Sul,25-34,2022-06-04
C10657,SC,Sul,18-24,2022-01-06
C10658,PE,Nordeste,45-54,2025-11-22
C10659,SP,Sudeste,35-44,2025-10-18
C10660,RS,Sul,45-54,2025-04-29
C10661,GO,Centro-Oeste,25-34,2021-12-11
C10662,RS,Sul,25-34,2023-06-12
C10663,RJ,Sudeste,25-34,2024-10-11
C10664,MG,Sudeste,35-44,2023-12-10
C10665,PR,Sul,25-34,2024-06-18
C10666,MG,Sudeste,25-34,2022-01-18
C10667,SP,Sudeste,25-34,2025-10-23
C10668,MG,Sudeste,45-54,2024-07-12
C10669,SP,Sudeste,25-34,2022-01-03
C10670,SP,Sudeste,25-34,2024-07-06
C10671,RJ,Sudeste,35-44,2024-11-23
C10672,SP,Sudeste,35-44,2024-06-15
C10673,MG,Sudeste,55+,2025-04-29
C10674,CE,Nordeste,35-44,2025-11-01
C10675,BA,Nordeste,55+,2023-05-17
C10676,RS,Sul,35-44,2022-05-28
C10677,RN,Nordeste,55+,2025-08-01
C10678,RJ,Sudeste,45-54,2024-07-17
C10679,RS,Sul,45-54,2025-10-20
C10680,RS,Sul,55+,2025-03-07
C10681,MT,Centro-Oeste,35-44,2025-11-21
C10682,MG,Sudeste,18-24,2022-12-20
C10683,BA,Nordeste,18-24,2023-05-15
C10684,RS,Sul,25-34,2023-04-13
C10685,PR,Sul,35-44,2022-05-12
C10686,RS,Sul,35-44,2024-12-26
C10687,SP,Sudeste,25-34,2025-10-06
C10688,SP,Sudeste,45-54,2024-01-19
C10689,SP,Sudeste,35-44,2024-02-26
C10690,SP,Sudeste,35-44,2025-02-01
C10691,GO,Centro-Oeste,55+,2023-12-09
C10692,SP,Sudeste,25-34,2022-06-05
C10693,PR,Sul,35-44,2024-09-19
C10694,SP,Sudeste,25-34,2024-08-22
C10695,SP,Sudeste,45-54,2023-01-05
C10696,SP,Sudeste,25-34,2025-05-26
C10697,PR,Sul,35-44,2022-06-19
C10698,BA,Nordeste,35-44,2023-04-13
C10699,BA,Nordeste,25-34,2025-07-08
C10700,CE,Nordeste,45-54,2022-03-23
C10701,SP,Sudeste,25-34,2025-02-07
C10702,PE,Nordeste,55+,2025-06-10
C10703,CE,Nordeste,45-54,2022-08-10
C10704,SC,Sul,55+,2025-05-07
C10705,SP,Sudeste,35-44,2023-02-03
C10706,DF,Centro-Oeste,35-44,2024-11-10
C10707,RJ,Sudeste,35-44,2023-09-22
C10708,CE,Nordeste,45-54,2025-01-23
C10709,CE,Nordeste,25-34,2024-10-01
C10710,RJ,Sudeste,35-44,2025-08-13
C10711,SP,Sudeste,45-54,2024-03-29
C10712,GO,Centro-Oeste,25-34,2025-11-03
C10713,GO,Centro-Oeste,35-44,2025-05-15
C10714,BA,Nordeste,25-34,2023-05-22
C10715,MG,Sudeste,25-34,2024-04-15
C10716,RJ,Sudeste,45-54,2022-03-18
C10717,MG,Sudeste,25-34,2025-08-28
C10718,SP,Sudeste,18-24,2022-09-23
C10719,SP,Sudeste,18-24,2022-04-08
C10720,SP,Sudeste,25-34,2024-02-10
C10721,MG,Sudeste,18-24,2024-08-18
C10722,SP,Sudeste,35-44,2022-05-11
C10723,RJ,Sudeste,25-34,2023-05-13
C10724,MG,Sudeste,35-44,2023-06-27
C10725,PR,Sul,45-54,2022-05-31
C10726,AM,Norte,25-34,2024-02-03
C10727,RN,Nordeste,18-24,2023-05-24
C10728,BA,Nordeste,35-44,2023-10-27
C10729,DF,Centro-Oeste,18-24,2025-05-05
C10730,SP,Sudeste,18-24,2025-08-20
C10731,GO,Centro-Oeste,25-34,2024-02-23
C10732,SP,Sudeste,35-44,2024-06-29
C10733,BA,Nordeste,35-44,2023-04-12
C10734,SP,Sudeste,25-34,2023-07-09
C10735,PE,Nordeste,55+,2024-06-10
C10736,MG,Sudeste,25-34,2023-01-04
C10737,PR,Sul,35-44,2023-09-22
C10738,DF,Centro-Oeste,35-44,2025-06-08
C10739,RJ,Sudeste,25-34,2023-10-05
C10740,SP,Sudeste,35-44,2025-08-13
C10741,SP,Sudeste,35-44,2025-12-19
C10742,RJ,Sudeste,18-24,2025-06-07
C10743,SP,Sudeste,45-54,2024-01-13
C10744,CE,Nordeste,18-24,2023-06-02
C10745,SP,Sudeste,18-24,2023-02-02
C10746,PR,Sul,55+,2025-08-15
C10747,SP,Sudeste,35-44,2024-09-02
C10748,RJ,Sudeste,25-34,2022-06-13
C10749,SC,Sul,45-54,2024-06-26
C10750,DF,Centro-Oeste,25-34,2024-06-10
C10751,SP,Sudeste,55+,2025-07-19
C10752,RS,Sul,35-44,2024-03-24
C10753,PA,Norte,45-54,2025-09-21
C10754,MG,Sudeste,45-54,2024-06-18
C10755,SP,Sudeste,45-54,2024-09-10
C10756,RJ,Sudeste,35-44,2024-08-31
C10757,SP,Sudeste,25-34,2025-10-14
C10758,DF,Centro-Oeste,45-54,2024-01-11
C10759,RJ,Sudeste,55+,2025-02-08
C10760,SP,Sudeste,35-44,2025-11-14
C10761,RJ,Sudeste,35-44,2025-01-18
C10762,RJ,Sudeste,35-44,2025-07-09
C10763,GO,Centro-Oeste,35-44,2022-10-16
C10764,PE,Nordeste,45-54,2024-06-21
C10765,MG,Sudeste,18-24,2023-03-06
C10766,BA,Nordeste,35-44,2025-06-22
C10767,GO,Centro-Oeste,45-54,2022-12-12
C10768,MG,Sudeste,35-44,2024-07-03
C10769,PR,Sul,35-44,2022-02-13
C10770,PE,Nordeste,25-34,2024-04-15
C10771,SP,Sudeste,45-54,2025-05-31
C10772,SP,Sudeste,25-34,2024-12-01
C10773,RS,Sul,35-44,2025-07-06
C10774,SP,Sudeste,55+,2024-03-22
C10775,BA,Nordeste,25-34,2023-02-07
C10776,SP,Sudeste,55+,2024-05-27
C10777,SP,Sudeste,35-44,2023-06-06
C10778,RJ,Sudeste,35-44,2023-11-02
C10779,MT,Centro-Oeste,35-44,2025-02-01
C10780,MG,Sudeste,45-54,2025-09-22
C10781,GO,Centro-Oeste,45-54,2022-05-05
C10782,DF,Centro-Oeste,35-44,2023-09-11
C10783,SP,Sudeste,55+,2025-11-30
C10784,SP,Sudeste,45-54,2025-08-08
C10785,SP,Sudeste,25-34,2024-02-09
C10786,RJ,Sudeste,25-34,2023-09-03
C10787,PE,Nordeste,25-34,2025-02-15
C10788,ES,Sudeste,45-54,2024-09-28
C10789,RJ,Sudeste,35-44,2025-07-16
C10790,ES,Sudeste,35-44,2024-04-07
C10791,CE,Nordeste,25-34,2022-09-16
C10792,PE,Nordeste,25-34,2024-11-09
C10793,SP,Sudeste,45-54,2023-10-28
C10794,GO,Centro-Oeste,25-34,2024-04-26
C10795,RJ,Sudeste,45-54,2024-06-10
C10796,PR,Sul,35-44,2025-03-19
C10797,GO,Centro-Oeste,18-24,2022-02-14
C10798,AM,Norte,45-54,2024-04-29
C10799,SP,Sudeste,45-54,2025-11-02
C10800,MG,Sudeste,55+,2023-05-24
C10801,PR,Sul,55+,2024-10-10
C10802,MG,Sudeste,45-54,2023-12-21
C10803,RN,Nordeste,35-44,2022-06-14
C10804,SP,Sudeste,25-34,2025-11-29
C10805,RJ,Sudeste,25-34,2024-08-24
C10806,RJ,Sudeste,18-24,2024-03-16
C10807,PE,Nordeste,45-54,2023-08-10
C10808,SP,Sudeste,18-24,2022-10-24
C10809,CE,Nordeste,35-44,2024-07-25
C10810,RN,Nordeste,35-44,2024-07-27
C10811,DF,Centro-Oeste,25-34,2023-07-05
C10812,SC,Sul,45-54,2025-12-29
C10813,RJ,Sudeste,55+,2022-10-24
C10814,SP,Sudeste,35-44,2024-09-10
C10815,SP,Sudeste,25-34,2021-12-24
C10816,PR,Sul,25-34,2023-05-28
C10817,RS,Sul,25-34,2024-11-27
C10818,SP,Sudeste,35-44,2023-01-18
C10819,RJ,Sudeste,45-54,2024-06-07
C10820,SP,Sudeste,25-34,2023-03-05
C10821,RJ,Sudeste,35-44,2023-06-30
C10822,SP,Sudeste,55+,2025-01-02
C10823,SP,Sudeste,45-54,2024-06-28
C10824,RS,Sul,25-34,2023-08-24
C10825,RJ,Sudeste,35-44,2023-12-06
C10826,SP,Sudeste,25-34,2023-02-25
C10827,PR,Sul,25-34,2022-10-18
C10828,SP,Sudeste,45-54,2025-10-15
C10829,MG,Sudeste,45-54,2023-11-06
C10830,SP,Sudeste,35-44,2023-03-05
C10831,SP,Sudeste,35-44,2022-10-31
C10832,PR,Sul,35-44,2024-02-06
C10833,RJ,Sudeste,45-54,2025-04-22
C10834,MG,Sudeste,45-54,2025-03-24
C10835,CE,Nordeste,45-54,2025-09-17
C10836,SC,Sul,35-44,2024-02-24
C10837,MG,Sudeste,18-24,2024-05-30
C10838,RJ,Sudeste,45-54,2023-03-17
C10839,RJ,Sudeste,25-34,2023-01-22
C10840,RJ,Sudeste,55+,2022-09-08
C10841,MG,Sudeste,35-44,2022-09-09
C10842,CE,Nordeste,55+,2025-10-26
C10843,MG,Sudeste,35-44,2022-05-08
C10844,SP,Sudeste,25-34,2022-09-08
C10845,GO,Centro-Oeste,35-44,2025-02-12
C10846,RS,Sul,35-44,2025-10-23
C10847,GO,Centro-Oeste,35-44,2023-10-12
C10848,PE,Nordeste,45-54,2025-06-23
C10849,CE,Nordeste,25-34,2024-08-10
C10850,GO,Centro-Oeste,25-34,2022-12-11
C10851,SP,Sudeste,35-44,2025-06-11
C10852,SP,Sudeste,35-44,2022-12-16
C10853,DF,Centro-Oeste,45-54,2024-04-08
C10854,BA,Nordeste,35-44,2025-05-29
C10855,SP,Sudeste,35-44,2025-05-01
C10856,SP,Sudeste,35-44,2025-04-16
C10857,GO,Centro-Oeste,55+,2024-06-16
C10858,RS,Sul,25-34,2023-03-03
C10859,RS,Sul,55+,2024-01-15
C10860,PR,Sul,25-34,2025-04-16
C10861,MG,Sudeste,18-24,2025-11-08
C10862,MG,Sudeste,45-54,2025-01-28
C10863,MG,Sudeste,18-24,2024-05-13
C10864,SP,Sudeste,35-44,2024-12-17
C10865,RJ,Sudeste,45-54,2025-12-31
C10866,SC,Sul,45-54,2025-04-21
C10867,SP,Sudeste,18-24,2023-10-07
C10868,SC,Sul,45-54,2024-01-16
C10869,RJ,Sudeste,35-44,2024-01-19
C10870,SP,Sudeste,35-44,2023-07-20
C10871,PR,Sul,55+,2023-05-16
C10872,MG,Sudeste,45-54,2024-12-17
C10873,CE,Nordeste,18-24,2024-06-01
C10874,DF,Centro-Oeste,35-44,2023-05-22
C10875,PR,Sul,18-24,2025-12-21
C10876,MG,Sudeste,35-44,2024-06-03
C10877,PR,Sul,45-54,2025-04-07
C10878,DF,Centro-Oeste,35-44,2024-11-13
C10879,MT,Centro-Oeste,55+,2025-11-13
C10880,SP,Sudeste,35-44,2022-11-15
C10881,MG,Sudeste,55+,2023-12-29
C10882,SP,Sudeste,35-44,2024-10-20
C10883,CE,Nordeste,45-54,2022-12-10
C10884,SC,Sul,18-24,2023-03-16
C10885,PR,Sul,25-34,2024-08-17
C10886,SP,Sudeste,45-54,2024-12-28
C10887,SP,Sudeste,35-44,2022-12-11
C10888,MG,Sudeste,25-34,2022-06-03
C10889,SP,Sudeste,55+,2023-10-27
C10890,SP,Sudeste,25-34,2024-06-04
C10891,SC,Sul,45-54,2025-07-23
C10892,PE,Nordeste,35-44,2025-08-09
C10893,SP,Sudeste,25-34,2025-12-31
C10894,RJ,Sudeste,55+,2023-03-15
C10895,SC,Sul,25-34,2022-12-17
C10896,MG,Sudeste,18-24,2024-06-09
C10897,RJ,Sudeste,25-34,2023-08-06
C10898,SP,Sudeste,25-34,2024-11-30
C10899,SP,Sudeste,25-34,2023-03-13
C10900,PA,Norte,35-44,2025-09-21
C10901,SP,Sudeste,35-44,2025-02-16
C10902,MG,Sudeste,25-34,2025-07-23
C10903,RJ,Sudeste,35-44,2025-04-03
C10904,SP,Sudeste,25-34,2023-02-21
C10905,BA,Nordeste,25-34,2024-12-06
C10906,RS,Sul,55+,2022-11-04
C10907,DF,Centro-Oeste,25-34,2024-08-02
C10908,SP,Sudeste,45-54,2024-07-19
C10909,DF,Centro-Oeste,35-44,2025-08-06
C10910,BA,Nordeste,25-34,2023-06-24
C10911,RJ,Sudeste,18-24,2025-06-30
C10912,SP,Sudeste,55+,2025-10-20
C10913,SP,Sudeste,25-34,2024-02-21
C10914,PR,Sul,25-34,2023-08-28
C10915,SP,Sudeste,35-44,2024-01-03
C10916,MG,Sudeste,45-54,2021-12-12
C10917,RJ,Sudeste,35-44,2022-08-12
C10918,SP,Sudeste,18-24,2025-07-09
C10919,RJ,Sudeste,35-44,2024-12-18
C10920,SP,Sudeste,25-34,2025-05-20
C10921,PR,Sul,35-44,2023-08-25
C10922,SP,Sudeste,45-54,2024-11-03
C10923,CE,Nordeste,25-34,2025-08-01
C10924,SP,Sudeste,25-34,2023-11-22
C10925,CE,Nordeste,25-34,2024-04-08
C10926,PE,Nordeste,18-24,2025-03-19
C10927,RS,Sul,45-54,2025-06-29
C10928,PR,Sul,45-54,2023-06-30
C10929,SC,Sul,25-34,2025-11-09
C10930,SP,Sudeste,55+,2025-11-17
C10931,PE,Nordeste,18-24,2025-12-24
C10932,SC,Sul,35-44,2024-02-28
C10933,PE,Nordeste,25-34,2024-10-04
C10934,MG,Sudeste,25-34,2023-06-10
C10935,GO,Centro-Oeste,25-34,2025-11-10
C10936,RJ,Sudeste,45-54,2022-04-22
C10937,SP,Sudeste,35-44,2025-03-29
C10938,RS,Sul,45-54,2025-07-04
C10939,PE,Nordeste,35-44,2021-12-30
C10940,SP,Sudeste,35-44,2024-11-18
C10941,SP,Sudeste,45-54,2022-12-23
C10942,SP,Sudeste,45-54,2023-02-16
C10943,RJ,Sudeste,35-44,2022-08-17
C10944,GO,Centro-Oeste,35-44,2025-06-15
C10945,MT,Centro-Oeste,25-34,2022-03-02
C10946,SC,Sul,35-44,2025-06-03
C10947,SC,Sul,35-44,2023-07-24
C10948,GO,Centro-Oeste,35-44,2022-09-15
C10949,BA,Nordeste,35-44,2024-05-31
C10950,SP,Sudeste,55+,2024-08-30
C10951,MT,Centro-Oeste,45-54,2023-10-22
C10952,MG,Sudeste,25-34,2023-03-21
C10953,BA,Nordeste,35-44,2025-01-04
C10954,RS,Sul,45-54,2022-03-31
C10955,RJ,Sudeste,25-34,2025-12-20
C10956,SC,Sul,35-44,2023-05-17
C10957,CE,Nordeste,25-34,2023-10-15
C10958,PR,Sul,25-34,2023-10-31
C10959,RS,Sul,35-44,2022-11-19
C10960,SP,Sudeste,25-34,2022-08-19
C10961,PA,Norte,45-54,2024-10-09
C10962,MG,Sudeste,18-24,2025-07-23
C10963,GO,Centro-Oeste,25-34,2024-04-26
C10964,SP,Sudeste,35-44,2025-04-26
C10965,SP,Sudeste,45-54,2024-10-03
C10966,MG,Sudeste,25-34,2024-06-16
C10967,SP,Sudeste,18-24,2025-03-19
C10968,RS,Sul,45-54,2024-07-28
C10969,CE,Nordeste,45-54,2025-01-07
C10970,RS,Sul,35-44,2022-08-04
C10971,MG,Sudeste,25-34,2023-04-28
C10972,SP,Sudeste,25-34,2025-12-03
C10973,RS,Sul,25-34,2022-10-05
C10974,RS,Sul,25-34,2022-12-05
C10975,MT,Centro-Oeste,25-34,2025-05-21
C10976,PE,Nordeste,35-44,2022-11-29
C10977,MG,Sudeste,35-44,2023-01-12
C10978,RJ,Sudeste,35-44,2022-09-03
C10979,SP,Sudeste,35-44,2024-05-24
C10980,MG,Sudeste,45-54,2023-01-08
C10981,PR,Sul,25-34,2023-01-05
C10982,SP,Sudeste,45-54,2024-02-19
C10983,GO,Centro-Oeste,35-44,2023-07-24
C10984,RN,Nordeste,35-44,2024-11-29
C10985,RJ,Sudeste,25-34,2023-06-24
C10986,SP,Sudeste,35-44,2025-06-15
C10987,SP,Sudeste,55+,2024-12-19
C10988,SP,Sudeste,55+,2023-06-20
C10989,BA,Nordeste,45-54,2022-11-15
C10990,RJ,Sudeste,45-54,2025-05-06
C10991,CE,Nordeste,35-44,2023-09-06
C10992,MG,Sudeste,35-44,2022-11-04
C10993,MG,Sudeste,45-54,2023-11-30
C10994,RJ,Sudeste,35-44,2023-10-07
C10995,SP,Sudeste,35-44,2024-03-31
C10996,GO,Centro-Oeste,35-44,2023-01-14
C10997,MG,Sudeste,45-54,2025-03-23
C10998,SC,Sul,45-54,2023-03-01
C10999,PE,Nordeste,55+,2023-03-12
C11000,SP,Sudeste,45-54,2025-05-12
C11001,SP,Sudeste,35-44,2025-12-22
C11002,SP,Sudeste,45-54,2024-10-17
C11003,MG,Sudeste,35-44,2023-09-23
C11004,RN,Nordeste,35-44,2024-03-16
C11005,CE,Nordeste,35-44,2025-10-05
C11006,GO,Centro-Oeste,25-34,2025-03-26
C11007,MG,Sudeste,25-34,2022-10-15
C11008,SP,Sudeste,55+,2024-12-30
C11009,CE,Nordeste,35-44,2023-12-23
C11010,SP,Sudeste,25-34,2023-07-04
C11011,CE,Nordeste,25-34,2025-10-30
C11012,PR,Sul,25-34,2022-12-02
C11013,MG,Sudeste,25-34,2023-04-07
C11014,PR,Sul,55+,2023-06-27
C11015,SP,Sudeste,45-54,2022-09-23
C11016,RS,Sul,25-34,2023-12-17
C11017,RS,Sul,25-34,2024-11-21
C11018,SP,Sudeste,55+,2023-03-19
C11019,RN,Nordeste,35-44,2023-07-19
C11020,PR,Sul,25-34,2025-10-19
C11021,BA,Nordeste,55+,2023-11-01
C11022,BA,Nordeste,35-44,2022-11-10
C11023,RJ,Sudeste,25-34,2024-12-04
C11024,SP,Sudeste,25-34,2023-09-25
C11025,SP,Sudeste,45-54,2023-03-16
C11026,PR,Sul,35-44,2024-12-21
C11027,MG,Sudeste,45-54,2023-04-26
C11028,SP,Sudeste,45-54,2022-11-22
C11029,SP,Sudeste,55+,2024-05-30
C11030,PR,Sul,35-44,2024-09-08
C11031,PE,Nordeste,35-44,2023-11-05
C11032,BA,Nordeste,35-44,2024-06-04
C11033,SP,Sudeste,18-24,2022-07-16
C11034,MG,Sudeste,18-24,2023-05-10
C11035,SC,Sul,35-44,2022-07-10
C11036,SP,Sudeste,25-34,2023-11-07
C11037,PE,Nordeste,35-44,2024-08-27
C11038,PA,Norte,25-34,2024-06-24
C11039,GO,Centro-Oeste,35-44,2023-05-06
C11040,PR,Sul,45-54,2022-09-29
C11041,RJ,Sudeste,35-44,2022-01-28
C11042,RJ,Sudeste,25-34,2024-02-28
C11043,SP,Sudeste,25-34,2022-11-06
C11044,MG,Sudeste,55+,2024-12-21
C11045,MG,Sudeste,35-44,2022-08-14
C11046,BA,Nordeste,25-34,2022-06-30
C11047,BA,Nordeste,45-54,2025-06-30
C11048,MG,Sudeste,25-34,2025-11-08
C11049,SP,Sudeste,35-44,2023-02-05
C11050,PR,Sul,25-34,2025-01-17
C11051,SP,Sudeste,25-34,2022-06-07
C11052,RJ,Sudeste,35-44,2024-03-10
C11053,RN,Nordeste,35-44,2025-06-20
C11054,SP,Sudeste,25-34,2024-03-09
C11055,SP,Sudeste,25-34,2023-01-05
C11056,SP,Sudeste,18-24,2024-05-10
C11057,BA,Nordeste,18-24,2024-04-13
C11058,AM,Norte,18-24,2025-02-12
C11059,RJ,Sudeste,45-54,2024-02-05
C11060,BA,Nordeste,55+,2024-04-10
C11061,PE,Nordeste,18-24,2025-10-06
C11062,SP,Sudeste,25-34,2024-05-30
C11063,SP,Sudeste,35-44,2023-11-03
C11064,RJ,Sudeste,25-34,2023-12-31
C11065,SP,Sudeste,35-44,2024-10-08
C11066,GO,Centro-Oeste,25-34,2024-01-03
C11067,SC,Sul,35-44,2024-07-15
C11068,RJ,Sudeste,45-54,2025-04-28
C11069,RJ,Sudeste,25-34,2025-07-18
C11070,BA,Nordeste,35-44,2025-05-26
C11071,SP,Sudeste,35-44,2022-07-28
C11072,SP,Sudeste,35-44,2024-01-26
C11073,MG,Sudeste,45-54,2025-07-03
C11074,SC,Sul,18-24,2024-03-08
C11075,SP,Sudeste,25-34,2023-02-20
C11076,RJ,Sudeste,25-34,2025-01-30
C11077,SP,Sudeste,25-34,2023-03-25
C11078,MG,Sudeste,45-54,2022-09-06
C11079,RJ,Sudeste,35-44,2023-01-25
C11080,SP,Sudeste,45-54,2025-02-19
C11081,RJ,Sudeste,55+,2025-09-12
C11082,PE,Nordeste,25-34,2023-06-04
C11083,SP,Sudeste,25-34,2024-05-19
C11084,SP,Sudeste,18-24,2025-05-10
C11085,RS,Sul,25-34,2022-06-04
C11086,RJ,Sudeste,55+,2022-12-30
C11087,MT,Centro-Oeste,18-24,2025-12-06
C11088,PR,Sul,25-34,2025-10-15
C11089,PR,Sul,35-44,2023-03-12
C11090,GO,Centro-Oeste,25-34,2024-08-13
C11091,SP,Sudeste,25-34,2024-10-18
C11092,BA,Nordeste,18-24,2023-05-19
C11093,MG,Sudeste,35-44,2024-12-26
C11094,RJ,Sudeste,25-34,2023-09-22
C11095,SP,Sudeste,35-44,2024-11-10
C11096,RS,Sul,35-44,2023-04-18
C11097,CE,Nordeste,35-44,2023-12-20
C11098,RS,Sul,25-34,2024-09-29
C11099,MG,Sudeste,55+,2023-08-04
C11100,ES,Sudeste,25-34,2025-06-14
C11101,RJ,Sudeste,25-34,2023-08-22
C11102,SP,Sudeste,35-44,2022-07-08
C11103,SP,Sudeste,35-44,2023-04-06
C11104,RS,Sul,35-44,2024-05-10
C11105,CE,Nordeste,18-24,2023-05-26
C11106,RJ,Sudeste,45-54,2022-09-02
C11107,DF,Centro-Oeste,25-34,2023-01-27
C11108,SP,Sudeste,35-44,2023-07-05
C11109,PA,Norte,45-54,2024-02-26
C11110,RJ,Sudeste,25-34,2024-02-28
C11111,RS,Sul,18-24,2025-11-18
C11112,SP,Sudeste,35-44,2025-02-13
C11113,GO,Centro-Oeste,18-24,2025-06-07
C11114,SP,Sudeste,45-54,2023-11-30
C11115,PE,Nordeste,25-34,2025-07-03
C11116,SP,Sudeste,25-34,2024-07-20
C11117,SP,Sudeste,45-54,2024-07-10
C11118,BA,Nordeste,25-34,2022-01-08
C11119,SP,Sudeste,18-24,2022-04-02
C11120,SP,Sudeste,25-34,2025-06-11
C11121,SC,Sul,25-34,2025-05-26
C11122,RJ,Sudeste,25-34,2024-07-24
C11123,MG,Sudeste,18-24,2024-11-26
C11124,PR,Sul,45-54,2022-03-23
C11125,MG,Sudeste,35-44,2024-10-25
C11126,BA,Nordeste,55+,2024-12-20
C11127,DF,Centro-Oeste,18-24,2025-06-07
C11128,BA,Nordeste,35-44,2023-09-26
C11129,RS,Sul,55+,2025-10-12
C11130,MG,Sudeste,35-44,2025-11-09
C11131,DF,Centro-Oeste,35-44,2025-06-16
C11132,SP,Sudeste,35-44,2022-11-03
C11133,SP,Sudeste,35-44,2023-05-27
C11134,SP,Sudeste,35-44,2024-02-08
C11135,SP,Sudeste,55+,2024-05-07
C11136,SP,Sudeste,25-34,2022-11-22
C11137,SP,Sudeste,45-54,2023-08-17
C11138,SP,Sudeste,25-34,2025-01-29
C11139,RJ,Sudeste,45-54,2023-05-24
C11140,RS,Sul,35-44,2024-08-28
C11141,SC,Sul,25-34,2024-11-20
C11142,PR,Sul,55+,2025-01-06
C11143,BA,Nordeste,35-44,2022-04-08
C11144,SP,Sudeste,25-34,2025-10-25
C11145,RJ,Sudeste,55+,2022-05-23
C11146,MG,Sudeste,55+,2024-11-07
C11147,SC,Sul,18-24,2025-09-20
C11148,PR,Sul,25-34,2025-01-01
C11149,SP,Sudeste,35-44,2023-10-15
C11150,RS,Sul,55+,2025-01-18
C11151,MG,Sudeste,25-34,2022-03-15
C11152,RJ,Sudeste,35-44,2024-10-03
C11153,PE,Nordeste,45-54,2023-02-23
C11154,RJ,Sudeste,25-34,2023-03-31
C11155,SP,Sudeste,45-54,2025-06-18
C11156,RJ,Sudeste,35-44,2023-05-16
C11157,RS,Sul,25-34,2022-05-06
C11158,DF,Centro-Oeste,25-34,2023-01-04
C11159,SP,Sudeste,25-34,2024-12-27
C11160,SP,Sudeste,25-34,2022-09-26
C11161,AM,Norte,25-34,2024-03-20
C11162,GO,Centro-Oeste,35-44,2024-03-04
C11163,SP,Sudeste,55+,2024-09-07
C11164,MG,Sudeste,25-34,2025-01-11
C11165,RS,Sul,35-44,2025-03-12
C11166,SP,Sudeste,35-44,2024-05-08
C11167,MG,Sudeste,25-34,2025-10-09
C11168,PE,Nordeste,35-44,2024-05-29
C11169,SP,Sudeste,45-54,2024-07-25
C11170,SP,Sudeste,18-24,2025-10-21
C11171,SP,Sudeste,18-24,2023-12-25
C11172,GO,Centro-Oeste,35-44,2024-05-04
C11173,SC,Sul,25-34,2023-10-02
C11174,SP,Sudeste,35-44,2022-11-17
C11175,SP,Sudeste,45-54,2023-05-08
C11176,RJ,Sudeste,35-44,2023-08-16
C11177,RJ,Sudeste,25-34,2023-12-02
C11178,AM,Norte,18-24,2024-08-13
C11179,MG,Sudeste,25-34,2022-05-29
C11180,DF,Centro-Oeste,25-34,2023-04-08
C11181,PR,Sul,25-34,2025-02-14
C11182,RJ,Sudeste,45-54,2024-04-02
C11183,BA,Nordeste,55+,2025-08-09
C11184,RJ,Sudeste,25-34,2022-04-25
C11185,SP,Sudeste,35-44,2025-12-10
C11186,SP,Sudeste,18-24,2024-12-17
C11187,SP,Sudeste,35-44,2023-05-23
C11188,AM,Norte,35-44,2025-01-17
C11189,PR,Sul,35-44,2023-05-04
C11190,GO,Centro-Oeste,45-54,2024-12-02
C11191,SP,Sudeste,35-44,2023-04-10
C11192,RJ,Sudeste,25-34,2025-04-13
C11193,SP,Sudeste,25-34,2022-09-15
C11194,SP,Sudeste,35-44,2024-09-21
C11195,RJ,Sudeste,25-34,2023-11-25
C11196,BA,Nordeste,35-44,2022-02-21
C11197,GO,Centro-Oeste,25-34,2023-03-23
C11198,RJ,Sudeste,55+,2022-02-02
C11199,MG,Sudeste,35-44,2023-09-09
C11200,DF,Centro-Oeste,45-54,2025-09-07
C11201,SP,Sudeste,45-54,2024-09-17
C11202,RJ,Sudeste,25-34,2024-06-30
C11203,SP,Sudeste,35-44,2025-02-07
C11204,PA,Norte,25-34,2025-06-30
C11205,SP,Sudeste,35-44,2024-10-15
C11206,SC,Sul,18-24,2023-03-31
C11207,BA,Nordeste,25-34,2022-05-18
C11208,MG,Sudeste,45-54,2024-04-11
C11209,SP,Sudeste,45-54,2024-08-20
C11210,CE,Nordeste,18-24,2023-12-06
C11211,SP,Sudeste,45-54,2024-01-26
C11212,RJ,Sudeste,45-54,2023-06-15
C11213,BA,Nordeste,25-34,2024-10-25
C11214,PR,Sul,25-34,2024-12-22
C11215,SP,Sudeste,25-34,2023-04-16
C11216,PE,Nordeste,55+,2022-05-17
C11217,PA,Norte,18-24,2025-05-27
C11218,RJ,Sudeste,45-54,2025-12-29
C11219,SP,Sudeste,25-34,2023-06-27
C11220,SP,Sudeste,25-34,2025-08-25
C11221,RJ,Sudeste,35-44,2024-03-20
C11222,PE,Nordeste,25-34,2023-10-30
C11223,MG,Sudeste,45-54,2025-03-31
C11224,SP,Sudeste,45-54,2024-08-11
C11225,PE,Nordeste,25-34,2025-05-29
C11226,PR,Sul,35-44,2024-01-11
C11227,MG,Sudeste,25-34,2023-09-16
C11228,SP,Sudeste,35-44,2024-04-17
C11229,PA,Norte,25-34,2024-04-09
C11230,SP,Sudeste,45-54,2023-10-23
C11231,SP,Sudeste,25-34,2023-05-25
C11232,SP,Sudeste,25-34,2022-12-14
C11233,PR,Sul,35-44,2024-03-15
C11234,SP,Sudeste,35-44,2024-07-24
C11235,MG,Sudeste,45-54,2023-01-15
C11236,RJ,Sudeste,25-34,2023-06-14
C11237,CE,Nordeste,25-34,2024-11-26
C11238,RS,Sul,55+,2022-07-17
C11239,MG,Sudeste,18-24,2023-10-24
C11240,RJ,Sudeste,25-34,2025-02-06
C11241,SP,Sudeste,55+,2024-10-11
C11242,PE,Nordeste,55+,2024-10-07
C11243,RS,Sul,25-34,2022-04-06
C11244,SP,Sudeste,25-34,2024-01-20
C11245,MG,Sudeste,35-44,2024-07-23
C11246,BA,Nordeste,25-34,2024-08-07
C11247,AM,Norte,45-54,2024-07-04
C11248,PA,Norte,25-34,2023-12-24
C11249,MG,Sudeste,25-34,2025-09-14
C11250,CE,Nordeste,35-44,2022-05-24
C11251,RJ,Sudeste,25-34,2024-03-28
C11252,SP,Sudeste,45-54,2024-06-17
C11253,RJ,Sudeste,35-44,2025-12-31
C11254,DF,Centro-Oeste,55+,2024-06-22
C11255,SP,Sudeste,45-54,2022-02-17
C11256,SP,Sudeste,35-44,2023-07-28
C11257,PA,Norte,25-34,2022-09-09
C11258,MG,Sudeste,18-24,2022-08-22
C11259,MG,Sudeste,35-44,2025-06-20
C11260,SC,Sul,25-34,2023-04-17
C11261,PE,Nordeste,35-44,2025-06-02
C11262,SC,Sul,35-44,2025-08-17
C11263,SP,Sudeste,35-44,2023-05-17
C11264,PR,Sul,25-34,2022-01-29
C11265,PR,Sul,25-34,2024-11-05
C11266,MG,Sudeste,35-44,2024-02-28
C11267,SP,Sudeste,25-34,2024-06-20
C11268,SC,Sul,18-24,2025-09-15
C11269,PR,Sul,45-54,2025-10-14
C11270,DF,Centro-Oeste,18-24,2024-06-22
C11271,RJ,Sudeste,55+,2024-09-08
C11272,CE,Nordeste,18-24,2023-10-28
C11273,SP,Sudeste,45-54,2025-06-19
C11274,SP,Sudeste,35-44,2024-05-13
C11275,SC,Sul,25-34,2024-05-23
C11276,RJ,Sudeste,35-44,2024-11-28
C11277,SP,Sudeste,35-44,2023-04-21
C11278,AM,Norte,35-44,2024-09-16
C11279,SP,Sudeste,55+,2025-10-10
C11280,SP,Sudeste,25-34,2022-07-24
C11281,PR,Sul,55+,2025-10-31
C11282,SP,Sudeste,25-34,2023-09-15
C11283,SP,Sudeste,35-44,2022-02-14
C11284,PR,Sul,25-34,2022-08-24
C11285,PR,Sul,45-54,2025-04-27
C11286,SP,Sudeste,35-44,2024-07-23
C11287,PR,Sul,55+,2022-02-28
C11288,GO,Centro-Oeste,25-34,2025-04-17
C11289,PE,Nordeste,18-24,2025-07-28
C11290,SP,Sudeste,35-44,2025-03-05
C11291,SP,Sudeste,45-54,2022-10-17
C11292,SP,Sudeste,18-24,2024-04-12
C11293,SP,Sudeste,25-34,2024-05-28
C11294,PR,Sul,25-34,2023-07-16
C11295,SP,Sudeste,35-44,2022-05-24
C11296,SP,Sudeste,45-54,2024-09-14
C11297,MT,Centro-Oeste,55+,2025-03-19
C11298,GO,Centro-Oeste,25-34,2023-07-15
C11299,MG,Sudeste,25-34,2023-08-28
C11300,RJ,Sudeste,35-44,2022-12-10
C11301,RJ,Sudeste,35-44,2024-12-07
C11302,DF,Centro-Oeste,45-54,2022-08-10
C11303,PR,Sul,45-54,2024-07-14
C11304,BA,Nordeste,35-44,2024-08-28
C11305,BA,Nordeste,25-34,2025-11-25
C11306,MT,Centro-Oeste,35-44,2024-12-23
C11307,RN,Nordeste,25-34,2024-11-11
C11308,RJ,Sudeste,45-54,2024-08-19
C11309,SP,Sudeste,35-44,2024-10-08
C11310,PR,Sul,25-34,2024-09-07
C11311,RS,Sul,25-34,2025-07-29
C11312,MG,Sudeste,45-54,2024-02-09
C11313,CE,Nordeste,25-34,2024-03-07
C11314,RS,Sul,35-44,2024-01-27
C11315,PE,Nordeste,35-44,2022-10-31
C11316,SC,Sul,35-44,2023-04-25
C11317,SP,Sudeste,35-44,2023-07-16
C11318,RS,Sul,25-34,2023-01-24
C11319,SP,Sudeste,35-44,2024-04-24
C11320,CE,Nordeste,55+,2022-02-18
C11321,RJ,Sudeste,35-44,2024-03-24
C11322,BA,Nordeste,55+,2025-05-25
C11323,SP,Sudeste,18-24,2022-07-27
C11324,ES,Sudeste,35-44,2022-11-18
C11325,DF,Centro-Oeste,35-44,2024-06-15
C11326,GO,Centro-Oeste,35-44,2023-03-15
C11327,SP,Sudeste,35-44,2025-08-12
C11328,MG,Sudeste,55+,2025-12-31
C11329,SP,Sudeste,18-24,2024-10-27
C11330,SP,Sudeste,55+,2023-06-26
C11331,DF,Centro-Oeste,55+,2023-03-14
C11332,AM,Norte,25-34,2023-06-15
C11333,CE,Nordeste,55+,2023-09-29
C11334,RJ,Sudeste,25-34,2023-10-07
C11335,MG,Sudeste,18-24,2024-11-15
C11336,PR,Sul,35-44,2024-03-19
C11337,MG,Sudeste,55+,2022-05-28
C11338,SP,Sudeste,25-34,2023-05-25
C11339,SP,Sudeste,25-34,2023-03-24
C11340,MG,Sudeste,55+,2023-05-28
C11341,SP,Sudeste,25-34,2024-01-28
C11342,ES,Sudeste,45-54,2025-12-31
C11343,MG,Sudeste,25-34,2023-05-02
C11344,GO,Centro-Oeste,45-54,2024-11-01
C11345,PR,Sul,25-34,2022-06-09
C11346,BA,Nordeste,35-44,2025-11-11
C11347,RJ,Sudeste,25-34,2025-08-06
C11348,DF,Centro-Oeste,35-44,2023-11-01
C11349,PE,Nordeste,45-54,2025-08-26
C11350,SP,Sudeste,25-34,2023-05-26
C11351,CE,Nordeste,25-34,2024-12-25
C11352,MG,Sudeste,25-34,2025-03-12
C11353,PA,Norte,18-24,2024-12-05
C11354,SP,Sudeste,18-24,2023-08-07
C11355,PR,Sul,55+,2023-10-06
C11356,SP,Sudeste,35-44,2025-02-26
C11357,SP,Sudeste,35-44,2022-03-27
C11358,ES,Sudeste,25-34,2025-08-08
C11359,RS,Sul,25-34,2022-07-16
C11360,DF,Centro-Oeste,35-44,2024-09-21
C11361,RS,Sul,45-54,2023-12-16
C11362,GO,Centro-Oeste,25-34,2024-09-19
C11363,DF,Centro-Oeste,35-44,2024-04-10
C11364,BA,Nordeste,25-34,2023-05-09
C11365,MG,Sudeste,35-44,2024-12-21
C11366,SP,Sudeste,55+,2022-02-17
C11367,SP,Sudeste,35-44,2024-02-15
C11368,SP,Sudeste,35-44,2022-06-22
C11369,BA,Nordeste,35-44,2023-02-05
C11370,PR,Sul,25-34,2022-08-21
C11371,BA,Nordeste,18-24,2025-10-07
C11372,SP,Sudeste,25-34,2024-10-29
C11373,SP,Sudeste,25-34,2022-07-26
C11374,ES,Sudeste,25-34,2025-07-20
C11375,SP,Sudeste,35-44,2024-04-09
C11376,CE,Nordeste,35-44,2022-07-14
C11377,PR,Sul,45-54,2025-08-02
C11378,SP,Sudeste,25-34,2023-08-12
C11379,PE,Nordeste,25-34,2022-09-16
C11380,SP,Sudeste,45-54,2025-12-03
C11381,SC,Sul,25-34,2023-12-21
C11382,RS,Sul,45-54,2025-02-05
C11383,SC,Sul,35-44,2025-05-17
C11384,RJ,Sudeste,25-34,2025-12-07
C11385,SC,Sul,25-34,2025-01-17
C11386,MG,Sudeste,25-34,2024-11-25
C11387,MG,Sudeste,25-34,2025-04-11
C11388,RS,Sul,25-34,2022-11-21
C11389,RN,Nordeste,18-24,2023-04-03
C11390,RS,Sul,35-44,2024-04-05
C11391,MG,Sudeste,45-54,2023-06-27
C11392,PR,Sul,25-34,2024-03-26
C11393,MG,Sudeste,45-54,2023-02-04
C11394,PE,Nordeste,45-54,2025-01-02
C11395,GO,Centro-Oeste,35-44,2022-09-27
C11396,SP,Sudeste,45-54,2025-10-08
C11397,ES,Sudeste,35-44,2023-08-05
C11398,SC,Sul,35-44,2023-09-25
C11399,SP,Sudeste,25-34,2025-07-01
C11400,MG,Sudeste,35-44,2022-12-06
C11401,PR,Sul,18-24,2024-08-14
C11402,RS,Sul,45-54,2025-08-01
C11403,MG,Sudeste,25-34,2022-04-26
C11404,CE,Nordeste,25-34,2024-12-05
C11405,RJ,Sudeste,18-24,2023-05-15
C11406,MG,Sudeste,35-44,2025-04-26
C11407,RJ,Sudeste,45-54,2023-11-23
C11408,PR,Sul,25-34,2025-09-16
C11409,ES,Sudeste,55+,2024-10-02
C11410,RJ,Sudeste,45-54,2023-05-22
C11411,CE,Nordeste,25-34,2024-10-22
C11412,SC,Sul,25-34,2025-12-27
C11413,MG,Sudeste,55+,2025-09-18
C11414,RJ,Sudeste,25-34,2025-01-08
C11415,SP,Sudeste,35-44,2023-04-22
C11416,SP,Sudeste,25-34,2025-03-27
C11417,CE,Nordeste,55+,2022-06-17
C11418,BA,Nordeste,45-54,2025-04-08
C11419,RS,Sul,45-54,2025-04-02
C11420,AM,Norte,35-44,2022-12-14
C11421,SP,Sudeste,35-44,2024-05-17
C11422,RJ,Sudeste,45-54,2024-04-14
C11423,SP,Sudeste,35-44,2024-11-05
C11424,SP,Sudeste,18-24,2022-07-29
C11425,PR,Sul,35-44,2022-10-03
C11426,RJ,Sudeste,25-34,2022-12-28
C11427,AM,Norte,35-44,2022-07-11
C11428,RJ,Sudeste,18-24,2024-01-01
C11429,RS,Sul,45-54,2025-02-16
C11430,SC,Sul,25-34,2024-03-20
C11431,ES,Sudeste,35-44,2022-09-07
C11432,SP,Sudeste,25-34,2024-04-20
C11433,RS,Sul,35-44,2022-10-17
C11434,RS,Sul,35-44,2025-05-14
C11435,SP,Sudeste,55+,2023-12-12
C11436,MG,Sudeste,25-34,2023-03-18
C11437,BA,Nordeste,25-34,2023-08-19
C11438,RS,Sul,18-24,2024-10-07
C11439,SC,Sul,25-34,2024-11-14
C11440,PE,Nordeste,35-44,2025-03-09
C11441,SP,Sudeste,45-54,2025-04-15
C11442,DF,Centro-Oeste,55+,2024-05-05
C11443,SP,Sudeste,55+,2023-05-26
C11444,MG,Sudeste,55+,2025-01-29
C11445,SP,Sudeste,25-34,2023-03-17
C11446,SC,Sul,45-54,2022-01-13
C11447,ES,Sudeste,18-24,2024-10-26
C11448,RJ,Sudeste,25-34,2025-05-08
C11449,SP,Sudeste,35-44,2023-01-02
C11450,PR,Sul,35-44,2024-01-29
C11451,PE,Nordeste,35-44,2024-09-24
C11452,MT,Centro-Oeste,25-34,2024-05-10
C11453,BA,Nordeste,18-24,2023-09-12
C11454,SP,Sudeste,25-34,2024-01-08
C11455,SP,Sudeste,35-44,2022-05-04
C11456,RS,Sul,55+,2025-03-09
C11457,RJ,Sudeste,25-34,2024-06-17
C11458,SP,Sudeste,55+,2025-10-29
C11459,MG,Sudeste,35-44,2022-10-06
C11460,MG,Sudeste,35-44,2024-02-21
C11461,SP,Sudeste,25-34,2024-01-19
C11462,SP,Sudeste,25-34,2025-11-27
C11463,CE,Nordeste,25-34,2024-09-14
C11464,RJ,Sudeste,35-44,2025-01-09
C11465,BA,Nordeste,45-54,2024-09-23
C11466,ES,Sudeste,55+,2022-01-20
C11467,SP,Sudeste,45-54,2024-10-04
C11468,CE,Nordeste,25-34,2023-02-25
C11469,PE,Nordeste,35-44,2024-11-06
C11470,PR,Sul,35-44,2024-01-04
C11471,MG,Sudeste,25-34,2023-07-21
C11472,SP,Sudeste,25-34,2025-11-24
C11473,DF,Centro-Oeste,35-44,2024-04-01
C11474,PR,Sul,18-24,2023-05-07
C11475,PR,Sul,45-54,2025-11-01
C11476,PE,Nordeste,45-54,2023-07-18
C11477,SP,Sudeste,35-44,2024-04-26
C11478,SP,Sudeste,45-54,2024-09-02
C11479,CE,Nordeste,35-44,2023-09-21
C11480,SP,Sudeste,18-24,2023-08-07
C11481,SP,Sudeste,55+,2025-07-27
C11482,PR,Sul,18-24,2022-05-27
C11483,SP,Sudeste,35-44,2024-07-17
C11484,SP,Sudeste,35-44,2025-04-01
C11485,SP,Sudeste,45-54,2023-10-28
C11486,BA,Nordeste,25-34,2024-10-27
C11487,SC,Sul,18-24,2023-09-06
C11488,PR,Sul,45-54,2023-02-02
C11489,BA,Nordeste,55+,2022-11-03
C11490,RJ,Sudeste,25-34,2024-06-07
C11491,RJ,Sudeste,55+,2022-09-18
C11492,DF,Centro-Oeste,25-34,2023-06-14
C11493,BA,Nordeste,55+,2023-01-04
C11494,SP,Sudeste,25-34,2023-03-23
C11495,SP,Sudeste,25-34,2023-08-26
C11496,SP,Sudeste,25-34,2022-11-09
C11497,SP,Sudeste,25-34,2025-03-06
C11498,SP,Sudeste,35-44,2024-12-07
C11499,SP,Sudeste,35-44,2023-11-03
C11500,SP,Sudeste,45-54,2025-12-08
C11501,SP,Sudeste,25-34,2025-10-12
C11502,BA,Nordeste,35-44,2025-07-06
C11503,BA,Nordeste,45-54,2025-01-11
C11504,RS,Sul,18-24,2025-01-12
C11505,DF,Centro-Oeste,45-54,2024-12-28
C11506,SP,Sudeste,25-34,2023-07-26
C11507,SP,Sudeste,55+,2024-11-07
C11508,MG,Sudeste,25-34,2025-05-13
C11509,RJ,Sudeste,25-34,2025-02-27
C11510,SP,Sudeste,45-54,2025-07-20
C11511,RS,Sul,45-54,2025-06-21
C11512,ES,Sudeste,45-54,2022-03-17
C11513,RN,Nordeste,18-24,2024-02-21
C11514,SP,Sudeste,55+,2024-04-27
C11515,RJ,Sudeste,45-54,2022-10-20
C11516,PR,Sul,18-24,2025-06-21
C11517,ES,Sudeste,25-34,2024-12-14
C11518,SP,Sudeste,25-34,2025-12-31
C11519,SP,Sudeste,35-44,2024-07-27
C11520,SP,Sudeste,35-44,2024-08-28
C11521,CE,Nordeste,55+,2023-12-17
C11522,RJ,Sudeste,45-54,2025-05-22
C11523,RJ,Sudeste,25-34,2024-04-26
C11524,SP,Sudeste,35-44,2025-01-15
C11525,MG,Sudeste,25-34,2022-05-06
C11526,RJ,Sudeste,45-54,2025-02-12
C11527,SP,Sudeste,45-54,2024-09-30
C11528,SP,Sudeste,55+,2025-04-10
C11529,SP,Sudeste,18-24,2023-10-21
C11530,PE,Nordeste,35-44,2022-08-11
C11531,SP,Sudeste,45-54,2024-11-10
C11532,SP,Sudeste,35-44,2024-12-25
C11533,PE,Nordeste,25-34,2022-11-12
C11534,MG,Sudeste,25-34,2025-04-23
C11535,PR,Sul,25-34,2023-07-13
C11536,PR,Sul,18-24,2025-01-01
C11537,SC,Sul,25-34,2025-07-04
C11538,PR,Sul,25-34,2024-08-18
C11539,PE,Nordeste,25-34,2025-03-31
C11540,SP,Sudeste,18-24,2025-05-04
C11541,SP,Sudeste,45-54,2024-06-16
C11542,SP,Sudeste,25-34,2024-04-27
C11543,BA,Nordeste,45-54,2025-11-15
C11544,SP,Sudeste,25-34,2025-01-07
C11545,MG,Sudeste,25-34,2025-08-30
C11546,CE,Nordeste,18-24,2025-12-05
C11547,BA,Nordeste,35-44,2024-12-21
C11548,AM,Norte,25-34,2024-12-12
C11549,SP,Sudeste,25-34,2023-05-17
C11550,CE,Nordeste,18-24,2025-05-28
C11551,MG,Sudeste,25-34,2022-10-14
C11552,SP,Sudeste,45-54,2023-02-26
C11553,PR,Sul,35-44,2023-05-21
C11554,PR,Sul,35-44,2024-10-09
C11555,PR,Sul,55+,2025-02-18
C11556,MT,Centro-Oeste,35-44,2023-01-02
C11557,SP,Sudeste,25-34,2025-08-20
C11558,BA,Nordeste,18-24,2022-04-15
C11559,SP,Sudeste,45-54,2023-10-01
C11560,PR,Sul,25-34,2023-08-03
C11561,SP,Sudeste,45-54,2023-02-21
C11562,CE,Nordeste,18-24,2024-09-18
C11563,SP,Sudeste,25-34,2024-05-22
C11564,MG,Sudeste,25-34,2023-01-10
C11565,MG,Sudeste,25-34,2024-08-07
C11566,SP,Sudeste,45-54,2023-09-07
C11567,SP,Sudeste,25-34,2023-06-14
C11568,SP,Sudeste,25-34,2025-03-21
C11569,SP,Sudeste,25-34,2023-11-13
C11570,RS,Sul,18-24,2025-09-05
C11571,RJ,Sudeste,35-44,2025-04-22
C11572,SP,Sudeste,25-34,2023-06-15
C11573,MG,Sudeste,45-54,2025-09-19
C11574,SP,Sudeste,25-34,2023-01-11
C11575,ES,Sudeste,25-34,2025-02-12
C11576,SP,Sudeste,35-44,2022-09-14
C11577,BA,Nordeste,55+,2024-08-08
C11578,SP,Sudeste,35-44,2023-10-16
C11579,SP,Sudeste,45-54,2023-03-30
C11580,RS,Sul,25-34,2025-08-08
C11581,RS,Sul,18-24,2025-12-31
C11582,PR,Sul,45-54,2023-08-13
C11583,SP,Sudeste,45-54,2025-02-02
C11584,SP,Sudeste,25-34,2023-12-18
C11585,PA,Norte,18-24,2023-01-10
C11586,SP,Sudeste,35-44,2025-01-13
C11587,SP,Sudeste,45-54,2025-04-17
C11588,PR,Sul,35-44,2025-12-31
C11589,MG,Sudeste,55+,2024-11-18
C11590,SP,Sudeste,55+,2024-01-25
C11591,PR,Sul,35-44,2023-02-07
C11592,SP,Sudeste,35-44,2024-09-19
C11593,PR,Sul,25-34,2023-01-14
C11594,MG,Sudeste,45-54,2022-12-18
C11595,CE,Nordeste,45-54,2024-02-26
C11596,RS,Sul,35-44,2024-06-13
C11597,SP,Sudeste,35-44,2022-10-09
C11598,SP,Sudeste,25-34,2022-12-24
C11599,RJ,Sudeste,18-24,2025-02-01
C11600,SC,Sul,25-34,2025-09-13
C11601,RJ,Sudeste,35-44,2023-10-24
C11602,SP,Sudeste,25-34,2024-11-07
C11603,SP,Sudeste,45-54,2024-07-12
C11604,PR,Sul,25-34,2024-07-12
C11605,SP,Sudeste,55+,2023-02-12
C11606,ES,Sudeste,18-24,2024-02-17
C11607,CE,Nordeste,35-44,2024-11-15
C11608,SP,Sudeste,18-24,2024-02-18
C11609,AM,Norte,45-54,2025-08-28
C11610,RJ,Sudeste,18-24,2023-10-19
C11611,SP,Sudeste,35-44,2024-07-12
C11612,SP,Sudeste,45-54,2025-07-15
C11613,BA,Nordeste,35-44,2023-04-02
C11614,PR,Sul,25-34,2025-11-09
C11615,RJ,Sudeste,25-34,2022-08-14
C11616,PR,Sul,35-44,2024-12-15
C11617,PR,Sul,45-54,2025-02-26
C11618,DF,Centro-Oeste,55+,2024-01-26
C11619,PR,Sul,35-44,2023-04-06
C11620,MG,Sudeste,55+,2025-01-01
C11621,SP,Sudeste,45-54,2024-10-07
C11622,MG,Sudeste,35-44,2024-07-14
C11623,SP,Sudeste,25-34,2024-11-19
C11624,MG,Sudeste,45-54,2025-10-23
C11625,PR,Sul,35-44,2024-04-24
C11626,MG,Sudeste,45-54,2025-04-16
C11627,MG,Sudeste,35-44,2024-10-13
C11628,BA,Nordeste,45-54,2025-08-19
C11629,PR,Sul,45-54,2022-12-17
C11630,PR,Sul,35-44,2022-02-28
C11631,RS,Sul,25-34,2022-07-31
C11632,SP,Sudeste,35-44,2025-05-05
C11633,AM,Norte,25-34,2024-11-21
C11634,RN,Nordeste,35-44,2024-01-05
C11635,CE,Nordeste,35-44,2022-08-26
C11636,RJ,Sudeste,55+,2025-07-23
C11637,RN,Nordeste,25-34,2024-05-16
C11638,SP,Sudeste,18-24,2025-11-04
C11639,SP,Sudeste,25-34,2022-10-13
C11640,SP,Sudeste,35-44,2024-12-11
C11641,DF,Centro-Oeste,45-54,2023-01-30
C11642,AM,Norte,35-44,2022-07-04
C11643,SP,Sudeste,25-34,2022-12-03
C11644,SP,Sudeste,45-54,2022-08-23
C11645,SP,Sudeste,25-34,2025-02-03
C11646,SP,Sudeste,35-44,2025-01-10
C11647,PA,Norte,45-54,2022-04-24
C11648,PA,Norte,25-34,2024-01-20
C11649,PE,Nordeste,35-44,2024-09-17
C11650,ES,Sudeste,45-54,2024-03-09
C11651,SP,Sudeste,35-44,2024-07-23
C11652,MG,Sudeste,35-44,2025-01-07
C11653,MG,Sudeste,55+,2022-08-10
C11654,SP,Sudeste,25-34,2022-10-25
C11655,MG,Sudeste,55+,2025-03-25
C11656,SP,Sudeste,35-44,2023-02-19
C11657,MG,Sudeste,45-54,2025-01-10
C11658,RJ,Sudeste,45-54,2025-12-19
C11659,SP,Sudeste,55+,2022-08-03
C11660,PR,Sul,25-34,2025-07-22
C11661,SP,Sudeste,25-34,2022-12-25
C11662,MG,Sudeste,25-34,2023-09-01
C11663,PE,Nordeste,35-44,2024-08-20
C11664,RJ,Sudeste,35-44,2024-05-14
C11665,PR,Sul,25-34,2024-03-03
C11666,BA,Nordeste,45-54,2024-09-25
C11667,PA,Norte,45-54,2025-05-04
C11668,RJ,Sudeste,55+,2024-07-02
C11669,SP,Sudeste,25-34,2025-12-31
C11670,RS,Sul,25-34,2024-06-19
C11671,MG,Sudeste,35-44,2022-08-03
C11672,RJ,Sudeste,35-44,2022-10-30
C11673,CE,Nordeste,25-34,2025-06-23
C11674,SP,Sudeste,35-44,2023-12-20
C11675,PE,Nordeste,18-24,2023-10-17
C11676,MG,Sudeste,45-54,2025-06-22
C11677,MG,Sudeste,45-54,2022-12-15
C11678,RJ,Sudeste,35-44,2022-01-22
C11679,RJ,Sudeste,45-54,2022-08-29
C11680,SP,Sudeste,35-44,2025-06-30
C11681,SP,Sudeste,35-44,2022-10-15
C11682,SP,Sudeste,45-54,2025-01-02
C11683,SP,Sudeste,35-44,2024-09-04
C11684,SP,Sudeste,35-44,2025-10-08
C11685,SP,Sudeste,25-34,2024-08-30
C11686,PR,Sul,25-34,2022-07-07
C11687,RS,Sul,45-54,2024-05-18
C11688,MG,Sudeste,35-44,2024-09-13
C11689,RS,Sul,25-34,2022-12-15
C11690,SP,Sudeste,55+,2023-02-15
C11691,SP,Sudeste,35-44,2024-02-24
C11692,SP,Sudeste,25-34,2024-05-20
C11693,SP,Sudeste,35-44,2022-09-01
C11694,PA,Norte,45-54,2025-09-23
C11695,MG,Sudeste,25-34,2022-09-25
C11696,SP,Sudeste,45-54,2023-03-25
C11697,SP,Sudeste,18-24,2023-12-18
C11698,SP,Sudeste,25-34,2023-09-21
C11699,PE,Nordeste,18-24,2023-05-11
C11700,SP,Sudeste,35-44,2025-01-23
C11701,RJ,Sudeste,18-24,2024-09-03
C11702,SC,Sul,25-34,2025-08-11
C11703,PE,Nordeste,45-54,2024-09-12
C11704,RJ,Sudeste,35-44,2025-02-08
C11705,SP,Sudeste,25-34,2024-07-19
C11706,SC,Sul,35-44,2024-08-16
C11707,MG,Sudeste,45-54,2023-06-10
C11708,PE,Nordeste,35-44,2024-01-20
C11709,PR,Sul,45-54,2023-06-19
C11710,PR,Sul,35-44,2022-04-26
C11711,RJ,Sudeste,25-34,2024-05-10
C11712,CE,Nordeste,18-24,2024-03-18
C11713,PR,Sul,25-34,2022-10-21
C11714,SP,Sudeste,35-44,2025-12-14
C11715,SP,Sudeste,35-44,2022-11-16
C11716,SP,Sudeste,25-34,2024-03-04
C11717,RS,Sul,18-24,2025-03-10
C11718,PE,Nordeste,35-44,2022-09-21
C11719,SP,Sudeste,25-34,2025-12-06
C11720,PE,Nordeste,45-54,2023-11-19
C11721,SP,Sudeste,35-44,2024-04-04
C11722,MG,Sudeste,25-34,2023-12-04
C11723,SC,Sul,18-24,2024-09-04
C11724,SP,Sudeste,25-34,2023-08-08
C11725,RS,Sul,55+,2022-12-23
C11726,SP,Sudeste,25-34,2023-02-13
C11727,PR,Sul,35-44,2023-11-16
C11728,SC,Sul,55+,2025-03-27
C11729,RS,Sul,35-44,2025-08-20
C11730,SC,Sul,18-24,2024-02-16
C11731,RJ,Sudeste,25-34,2024-11-12
C11732,DF,Centro-Oeste,55+,2025-04-08
C11733,SP,Sudeste,25-34,2025-08-21
C11734,SP,Sudeste,55+,2025-08-26
C11735,MG,Sudeste,25-34,2023-03-07
C11736,RJ,Sudeste,25-34,2024-02-12
C11737,MG,Sudeste,25-34,2022-08-29
C11738,GO,Centro-Oeste,18-24,2023-10-08
C11739,SP,Sudeste,45-54,2025-04-30
C11740,BA,Nordeste,35-44,2023-05-15
C11741,SP,Sudeste,25-34,2022-07-10
C11742,DF,Centro-Oeste,35-44,2024-07-17
C11743,RJ,Sudeste,25-34,2024-06-10
C11744,SP,Sudeste,35-44,2023-05-03
C11745,DF,Centro-Oeste,45-54,2023-01-28
C11746,SP,Sudeste,25-34,2023-12-15
C11747,RS,Sul,25-34,2024-06-03
C11748,SP,Sudeste,35-44,2024-09-18
C11749,SP,Sudeste,55+,2025-08-09
C11750,MG,Sudeste,25-34,2025-02-24
C11751,SP,Sudeste,35-44,2022-04-08
C11752,RS,Sul,25-34,2025-06-15
C11753,CE,Nordeste,35-44,2025-08-27
C11754,MG,Sudeste,45-54,2024-12-01
C11755,SP,Sudeste,25-34,2022-03-18
C11756,MG,Sudeste,25-34,2023-12-31
C11757,PR,Sul,25-34,2023-02-06
C11758,SP,Sudeste,35-44,2023-03-25
C11759,SP,Sudeste,45-54,2025-10-20
C11760,RJ,Sudeste,25-34,2023-07-12
C11761,SP,Sudeste,25-34,2023-01-01
C11762,SP,Sudeste,45-54,2024-05-05
C11763,SP,Sudeste,25-34,2022-07-04
C11764,PR,Sul,35-44,2022-06-29
C11765,MG,Sudeste,45-54,2024-10-14
C11766,RJ,Sudeste,45-54,2024-10-20
C11767,SP,Sudeste,18-24,2025-01-22
C11768,SP,Sudeste,45-54,2025-11-27
C11769,PR,Sul,25-34,2023-03-30
C11770,RJ,Sudeste,35-44,2023-02-02
C11771,SP,Sudeste,25-34,2025-03-25
C11772,SP,Sudeste,35-44,2024-09-10
C11773,CE,Nordeste,55+,2024-08-04
C11774,GO,Centro-Oeste,25-34,2025-10-31
C11775,SP,Sudeste,55+,2022-10-21
C11776,RS,Sul,35-44,2023-03-27
C11777,PE,Nordeste,55+,2024-08-02
C11778,PR,Sul,35-44,2025-06-08
C11779,CE,Nordeste,25-34,2023-07-04
C11780,BA,Nordeste,25-34,2024-05-18
C11781,SP,Sudeste,35-44,2023-08-21
C11782,SP,Sudeste,35-44,2022-03-03
C11783,CE,Nordeste,35-44,2025-09-26
C11784,PR,Sul,25-34,2023-09-22
C11785,MG,Sudeste,35-44,2022-09-12
C11786,PR,Sul,18-24,2023-11-14
C11787,MG,Sudeste,35-44,2023-09-23
C11788,RJ,Sudeste,25-34,2023-04-03
C11789,RS,Sul,35-44,2024-05-08
C11790,PE,Nordeste,35-44,2023-08-02
C11791,GO,Centro-Oeste,25-34,2024-08-30
C11792,SC,Sul,35-44,2024-10-24
C11793,PR,Sul,25-34,2024-12-17
C11794,GO,Centro-Oeste,18-24,2024-02-18
C11795,SP,Sudeste,35-44,2024-07-04
C11796,SP,Sudeste,25-34,2024-09-22
C11797,RN,Nordeste,35-44,2022-02-23
C11798,PR,Sul,25-34,2023-12-13
C11799,RS,Sul,45-54,2022-02-21
C11800,ES,Sudeste,18-24,2025-08-19
C11801,AM,Norte,45-54,2023-11-22
C11802,DF,Centro-Oeste,25-34,2024-08-10
C11803,DF,Centro-Oeste,25-34,2022-09-02
C11804,PR,Sul,25-34,2025-09-30
C11805,MG,Sudeste,25-34,2025-09-23
C11806,SP,Sudeste,18-24,2023-06-25
C11807,SP,Sudeste,45-54,2022-10-16
C11808,MG,Sudeste,35-44,2023-11-17
C11809,SP,Sudeste,55+,2023-10-21
C11810,RS,Sul,45-54,2025-07-09
C11811,SP,Sudeste,35-44,2023-05-17
C11812,RS,Sul,25-34,2024-09-18
C11813,DF,Centro-Oeste,35-44,2023-10-02
C11814,CE,Nordeste,35-44,2023-07-02
C11815,SP,Sudeste,35-44,2024-09-06
C11816,RJ,Sudeste,45-54,2025-05-30
C11817,SP,Sudeste,25-34,2022-09-11
C11818,RJ,Sudeste,18-24,2022-05-20
C11819,SP,Sudeste,35-44,2024-05-10
C11820,SC,Sul,35-44,2023-02-16
C11821,RJ,Sudeste,55+,2024-08-30
C11822,PR,Sul,25-34,2025-06-07
C11823,MG,Sudeste,25-34,2025-07-16
C11824,SP,Sudeste,18-24,2025-10-04
C11825,RJ,Sudeste,18-24,2023-06-09
C11826,DF,Centro-Oeste,45-54,2023-01-11
C11827,BA,Nordeste,35-44,2023-08-03
C11828,MG,Sudeste,25-34,2024-03-21
C11829,MG,Sudeste,35-44,2022-10-23
C11830,ES,Sudeste,35-44,2022-10-17
C11831,SP,Sudeste,35-44,2023-04-15
C11832,SP,Sudeste,35-44,2025-12-17
C11833,SP,Sudeste,25-34,2025-05-03
C11834,MG,Sudeste,45-54,2021-12-25
C11835,SP,Sudeste,35-44,2024-03-03
C11836,SP,Sudeste,25-34,2025-03-13
C11837,PE,Nordeste,45-54,2024-11-25
C11838,SP,Sudeste,35-44,2024-06-24
C11839,RJ,Sudeste,18-24,2024-03-03
C11840,SP,Sudeste,35-44,2023-02-07
C11841,BA,Nordeste,25-34,2023-03-11
C11842,SP,Sudeste,25-34,2025-08-28
C11843,RJ,Sudeste,35-44,2023-05-05
C11844,PR,Sul,25-34,2025-09-26
C11845,PR,Sul,55+,2025-06-29
C11846,BA,Nordeste,45-54,2023-08-16
C11847,PR,Sul,55+,2022-10-26
C11848,RJ,Sudeste,18-24,2021-12-15
C11849,PR,Sul,45-54,2025-06-06
C11850,RJ,Sudeste,25-34,2024-11-15
C11851,RJ,Sudeste,25-34,2024-03-30
C11852,SP,Sudeste,45-54,2025-07-10
C11853,SP,Sudeste,45-54,2023-06-18
C11854,SC,Sul,25-34,2024-04-23
C11855,MG,Sudeste,25-34,2025-12-25
C11856,PE,Nordeste,25-34,2022-04-02
C11857,SP,Sudeste,35-44,2023-10-08
C11858,SP,Sudeste,25-34,2025-08-18
C11859,SP,Sudeste,25-34,2024-08-20
C11860,RJ,Sudeste,55+,2024-11-22
C11861,BA,Nordeste,25-34,2024-09-10
C11862,BA,Nordeste,45-54,2025-08-04
C11863,SP,Sudeste,35-44,2025-10-07
C11864,BA,Nordeste,45-54,2023-01-10
C11865,SC,Sul,55+,2025-12-29
C11866,RJ,Sudeste,45-54,2024-08-25
C11867,SP,Sudeste,35-44,2025-05-08
C11868,PE,Nordeste,25-34,2023-11-10
C11869,DF,Centro-Oeste,45-54,2025-06-16
C11870,GO,Centro-Oeste,45-54,2024-06-16
C11871,RJ,Sudeste,18-24,2024-11-22
C11872,GO,Centro-Oeste,18-24,2022-02-17
C11873,PR,Sul,35-44,2024-10-20
C11874,GO,Centro-Oeste,45-54,2025-07-25
C11875,MG,Sudeste,25-34,2023-09-15
C11876,SP,Sudeste,35-44,2022-07-13
C11877,SP,Sudeste,25-34,2024-04-27
C11878,RJ,Sudeste,25-34,2025-08-13
C11879,ES,Sudeste,55+,2024-12-22
C11880,RJ,Sudeste,55+,2025-05-29
C11881,MG,Sudeste,18-24,2025-09-30
C11882,RS,Sul,18-24,2025-10-29
C11883,SP,Sudeste,55+,2022-06-17
C11884,RJ,Sudeste,25-34,2024-06-15
C11885,RS,Sul,25-34,2022-02-09
C11886,SP,Sudeste,25-34,2023-01-06
C11887,RS,Sul,55+,2023-02-04
C11888,RS,Sul,55+,2025-04-23
C11889,SP,Sudeste,25-34,2022-06-29
C11890,SP,Sudeste,45-54,2025-06-16
C11891,SP,Sudeste,35-44,2022-06-08
C11892,MG,Sudeste,25-34,2022-09-29
C11893,MG,Sudeste,55+,2024-11-04
C11894,RJ,Sudeste,45-54,2022-12-10
C11895,PR,Sul,55+,2025-07-03
C11896,AM,Norte,35-44,2023-09-29
C11897,RS,Sul,45-54,2023-04-24
C11898,SP,Sudeste,55+,2022-02-27
C11899,MG,Sudeste,45-54,2024-09-03
C11900,SP,Sudeste,45-54,2024-07-07
C11901,BA,Nordeste,25-34,2024-09-21
C11902,ES,Sudeste,35-44,2022-11-16
C11903,MG,Sudeste,45-54,2025-03-19
C11904,SP,Sudeste,35-44,2025-12-31
C11905,ES,Sudeste,35-44,2025-08-22
C11906,SP,Sudeste,25-34,2024-08-15
C11907,DF,Centro-Oeste,45-54,2025-12-23
C11908,DF,Centro-Oeste,45-54,2023-01-06
C11909,RJ,Sudeste,55+,2023-11-18
C11910,RJ,Sudeste,25-34,2024-10-18
C11911,SP,Sudeste,18-24,2022-04-20
C11912,SP,Sudeste,55+,2023-11-17
C11913,RS,Sul,25-34,2025-09-11
C11914,RS,Sul,25-34,2025-12-07
C11915,SC,Sul,35-44,2024-06-14
C11916,SC,Sul,45-54,2025-03-15
C11917,CE,Nordeste,45-54,2025-01-04
C11918,GO,Centro-Oeste,25-34,2024-05-31
C11919,PR,Sul,25-34,2025-10-11
C11920,GO,Centro-Oeste,35-44,2025-08-17
C11921,SP,Sudeste,25-34,2025-03-30
C11922,SC,Sul,55+,2024-06-17
C11923,SP,Sudeste,25-34,2025-01-18
C11924,RJ,Sudeste,55+,2023-05-19
C11925,SP,Sudeste,25-34,2025-05-18
C11926,SP,Sudeste,45-54,2025-09-30
C11927,SP,Sudeste,55+,2025-12-01
C11928,SP,Sudeste,25-34,2023-07-30
C11929,BA,Nordeste,25-34,2023-10-17
C11930,RJ,Sudeste,55+,2024-04-26
C11931,RS,Sul,25-34,2023-08-23
C11932,DF,Centro-Oeste,25-34,2024-10-17
C11933,SP,Sudeste,25-34,2025-10-02
C11934,SP,Sudeste,25-34,2022-12-28
C11935,CE,Nordeste,25-34,2022-01-28
C11936,MG,Sudeste,45-54,2023-06-17
C11937,SP,Sudeste,25-34,2025-01-20
C11938,CE,Nordeste,25-34,2024-01-25
C11939,PA,Norte,55+,2024-11-15
C11940,SP,Sudeste,25-34,2024-07-12
C11941,SP,Sudeste,35-44,2025-09-26
C11942,SP,Sudeste,35-44,2023-12-17
C11943,RJ,Sudeste,18-24,2023-12-18
C11944,SP,Sudeste,55+,2025-04-16
C11945,SP,Sudeste,45-54,2025-06-10
C11946,RJ,Sudeste,35-44,2024-12-15
C11947,PR,Sul,25-34,2022-02-23
C11948,SP,Sudeste,18-24,2023-02-16
C11949,RJ,Sudeste,18-24,2023-07-25
C11950,PR,Sul,35-44,2024-07-06
C11951,SP,Sudeste,18-24,2022-06-11
C11952,SP,Sudeste,18-24,2023-12-11
C11953,PR,Sul,25-34,2025-05-30
C11954,MG,Sudeste,55+,2024-12-24
C11955,SP,Sudeste,35-44,2025-07-02
C11956,AM,Norte,45-54,2024-06-11
C11957,DF,Centro-Oeste,45-54,2023-11-21
C11958,DF,Centro-Oeste,35-44,2022-11-18
C11959,SC,Sul,55+,2025-07-15
C11960,PE,Nordeste,25-34,2024-08-12
C11961,GO,Centro-Oeste,55+,2024-06-18
C11962,SP,Sudeste,55+,2024-10-20
C11963,SP,Sudeste,25-34,2024-10-31
C11964,MG,Sudeste,35-44,2024-12-13
C11965,PR,Sul,25-34,2023-11-14
C11966,RS,Sul,25-34,2025-07-22
C11967,SP,Sudeste,45-54,2023-07-17
C11968,RS,Sul,25-34,2024-09-26
C11969,SP,Sudeste,35-44,2022-10-24
C11970,GO,Centro-Oeste,25-34,2023-12-20
C11971,BA,Nordeste,25-34,2021-12-25
C11972,SP,Sudeste,55+,2024-07-26
C11973,SP,Sudeste,45-54,2024-02-12
C11974,SP,Sudeste,35-44,2024-05-20
C11975,SP,Sudeste,25-34,2023-10-22
C11976,RJ,Sudeste,25-34,2022-11-13
C11977,RJ,Sudeste,35-44,2024-05-23
C11978,RJ,Sudeste,18-24,2025-02-13
C11979,MG,Sudeste,45-54,2024-10-23
C11980,SP,Sudeste,35-44,2024-08-11
C11981,SP,Sudeste,35-44,2025-02-21
C11982,RJ,Sudeste,55+,2025-02-22
C11983,GO,Centro-Oeste,25-34,2025-11-14
C11984,RS,Sul,35-44,2023-11-10
C11985,PE,Nordeste,25-34,2022-02-18
C11986,RJ,Sudeste,25-34,2025-09-25
C11987,BA,Nordeste,35-44,2025-02-26
C11988,SP,Sudeste,35-44,2025-12-30
C11989,SP,Sudeste,45-54,2025-11-26
C11990,SP,Sudeste,25-34,2025-03-26
C11991,PE,Nordeste,25-34,2025-09-04
C11992,CE,Nordeste,35-44,2024-10-06
C11993,SP,Sudeste,55+,2025-11-02
C11994,GO,Centro-Oeste,55+,2023-10-23
C11995,SP,Sudeste,55+,2023-01-16
C11996,SP,Sudeste,18-24,2025-08-14
C11997,MG,Sudeste,25-34,2025-11-29
C11998,BA,Nordeste,35-44,2025-07-06
C11999,RJ,Sudeste,45-54,2025-12-14
C12000,SP,Sudeste,55+,2025-09-04
C12001,SC,Sul,35-44,2025-09-22
C12002,RJ,Sudeste,25-34,2024-02-17
C12003,PE,Nordeste,25-34,2023-10-26
C12004,SC,Sul,18-24,2023-11-05
C12005,PR,Sul,45-54,2023-08-26
C12006,BA,Nordeste,35-44,2025-07-06
C12007,RN,Nordeste,25-34,2024-05-22
C12008,SP,Sudeste,45-54,2024-04-13
C12009,SP,Sudeste,25-34,2023-08-14
C12010,PE,Nordeste,35-44,2024-07-09
C12011,PR,Sul,25-34,2022-10-02
C12012,RJ,Sudeste,18-24,2023-05-22
C12013,RJ,Sudeste,25-34,2024-02-11
C12014,SP,Sudeste,35-44,2023-08-05
C12015,SP,Sudeste,35-44,2023-07-25
C12016,ES,Sudeste,25-34,2023-03-04
C12017,SP,Sudeste,35-44,2025-09-06
C12018,ES,Sudeste,35-44,2024-11-04
C12019,SP,Sudeste,35-44,2024-10-13
C12020,MG,Sudeste,45-54,2025-01-02
C12021,BA,Nordeste,45-54,2025-08-11
C12022,PE,Nordeste,25-34,2022-09-25
C12023,SP,Sudeste,25-34,2022-08-25
C12024,RJ,Sudeste,25-34,2022-03-07
C12025,MG,Sudeste,45-54,2025-02-19
C12026,CE,Nordeste,18-24,2024-03-10
C12027,RJ,Sudeste,45-54,2023-11-21
C12028,RS,Sul,35-44,2024-10-12
C12029,MG,Sudeste,25-34,2023-10-20
C12030,BA,Nordeste,35-44,2022-09-09
C12031,PR,Sul,35-44,2024-08-25
C12032,SC,Sul,55+,2024-02-08
C12033,SP,Sudeste,35-44,2025-08-29
C12034,RS,Sul,35-44,2025-03-07
C12035,BA,Nordeste,35-44,2025-06-20
C12036,SP,Sudeste,35-44,2024-05-02
C12037,CE,Nordeste,25-34,2024-10-05
C12038,MG,Sudeste,35-44,2022-12-21
C12039,SP,Sudeste,25-34,2024-01-07
C12040,RJ,Sudeste,25-34,2023-01-23
C12041,RS,Sul,45-54,2025-03-03
C12042,SC,Sul,45-54,2025-09-23
C12043,RS,Sul,25-34,2023-03-03
C12044,SP,Sudeste,55+,2025-02-07
C12045,BA,Nordeste,25-34,2024-04-28
C12046,RJ,Sudeste,45-54,2025-10-21
C12047,DF,Centro-Oeste,55+,2022-08-12
C12048,BA,Nordeste,18-24,2025-01-15
C12049,PR,Sul,25-34,2022-08-10
C12050,SP,Sudeste,25-34,2022-10-09
C12051,MG,Sudeste,45-54,2023-01-24
C12052,RJ,Sudeste,25-34,2023-12-18
C12053,MG,Sudeste,35-44,2023-09-09
C12054,MG,Sudeste,25-34,2024-09-16
C12055,PR,Sul,25-34,2023-09-01
C12056,PR,Sul,55+,2025-09-07
C12057,SP,Sudeste,35-44,2025-02-07
C12058,SP,Sudeste,25-34,2025-09-15
C12059,MG,Sudeste,35-44,2024-04-14
C12060,RN,Nordeste,35-44,2025-03-10
C12061,SC,Sul,25-34,2023-09-06
C12062,SP,Sudeste,25-34,2025-11-05
C12063,SP,Sudeste,35-44,2024-10-08
C12064,SP,Sudeste,18-24,2023-05-09
C12065,DF,Centro-Oeste,25-34,2025-10-18
C12066,GO,Centro-Oeste,25-34,2022-08-05
C12067,SP,Sudeste,45-54,2024-01-17
C12068,MG,Sudeste,25-34,2024-04-03
C12069,RJ,Sudeste,35-44,2023-06-26
C12070,SP,Sudeste,18-24,2022-10-24
C12071,SP,Sudeste,35-44,2024-07-30
C12072,DF,Centro-Oeste,25-34,2023-12-16
C12073,AM,Norte,25-34,2023-07-03
C12074,RN,Nordeste,25-34,2024-09-17
C12075,SP,Sudeste,25-34,2023-10-25
C12076,SP,Sudeste,55+,2025-06-19
C12077,CE,Nordeste,45-54,2024-11-28
C12078,SP,Sudeste,35-44,2024-01-15
C12079,RS,Sul,35-44,2024-03-22
C12080,MG,Sudeste,45-54,2023-04-11
C12081,PE,Nordeste,25-34,2023-10-20
C12082,SP,Sudeste,25-34,2025-09-04
C12083,BA,Nordeste,45-54,2022-06-04
C12084,SP,Sudeste,45-54,2022-06-18
C12085,SP,Sudeste,55+,2024-09-25
C12086,SP,Sudeste,45-54,2022-12-08
C12087,SP,Sudeste,18-24,2024-10-11
C12088,SC,Sul,35-44,2022-02-18
C12089,RJ,Sudeste,25-34,2025-10-01
C12090,SP,Sudeste,25-34,2024-11-25
C12091,CE,Nordeste,55+,2022-09-24
C12092,SP,Sudeste,45-54,2023-07-10
C12093,SP,Sudeste,55+,2025-04-08
C12094,RJ,Sudeste,35-44,2024-07-05
C12095,SP,Sudeste,18-24,2023-02-25
C12096,CE,Nordeste,25-34,2024-01-05
C12097,MG,Sudeste,35-44,2023-03-04
C12098,RJ,Sudeste,25-34,2023-09-15
C12099,SC,Sul,35-44,2024-12-25
C12100,ES,Sudeste,35-44,2025-07-29
C12101,PE,Nordeste,25-34,2025-10-08
C12102,SP,Sudeste,35-44,2023-01-07
C12103,RJ,Sudeste,25-34,2022-01-18
C12104,SP,Sudeste,35-44,2025-07-11
C12105,SP,Sudeste,35-44,2024-11-17
C12106,CE,Nordeste,18-24,2024-06-07
C12107,CE,Nordeste,18-24,2024-03-13
C12108,PE,Nordeste,25-34,2022-03-29
C12109,SP,Sudeste,35-44,2022-09-25
C12110,RJ,Sudeste,35-44,2024-11-14
C12111,SC,Sul,25-34,2022-10-03
C12112,SP,Sudeste,55+,2022-09-16
C12113,BA,Nordeste,45-54,2025-04-21
C12114,RJ,Sudeste,35-44,2024-05-30
C12115,RS,Sul,25-34,2024-08-16
C12116,BA,Nordeste,45-54,2022-04-26
C12117,RJ,Sudeste,45-54,2025-12-30
C12118,MG,Sudeste,35-44,2024-12-15
C12119,MG,Sudeste,25-34,2023-01-24
C12120,MG,Sudeste,35-44,2025-08-10
C12121,MG,Sudeste,35-44,2025-04-12
C12122,SP,Sudeste,35-44,2023-09-09
C12123,MG,Sudeste,55+,2024-11-01
C12124,BA,Nordeste,35-44,2023-06-14
C12125,CE,Nordeste,35-44,2025-10-18
C12126,MG,Sudeste,25-34,2023-08-20
C12127,SP,Sudeste,35-44,2024-12-13
C12128,SC,Sul,25-34,2024-12-24
C12129,DF,Centro-Oeste,45-54,2022-01-02
C12130,MG,Sudeste,35-44,2022-06-19
C12131,PE,Nordeste,35-44,2025-09-30
C12132,MG,Sudeste,45-54,2025-08-22
C12133,PE,Nordeste,25-34,2025-10-20
C12134,SP,Sudeste,25-34,2023-01-28
C12135,PE,Nordeste,25-34,2022-07-11
C12136,DF,Centro-Oeste,25-34,2025-02-07
C12137,SP,Sudeste,25-34,2025-06-23
C12138,SC,Sul,25-34,2023-05-01
C12139,SP,Sudeste,25-34,2024-12-01
C12140,AM,Norte,25-34,2024-02-08
C12141,BA,Nordeste,25-34,2022-09-01
C12142,RJ,Sudeste,18-24,2023-11-29
C12143,SP,Sudeste,18-24,2025-03-09
C12144,CE,Nordeste,35-44,2024-03-20
C12145,PA,Norte,45-54,2024-09-21
C12146,PE,Nordeste,55+,2022-06-24
C12147,SC,Sul,35-44,2022-11-12
C12148,CE,Nordeste,35-44,2025-05-22
C12149,MG,Sudeste,25-34,2024-03-04
C12150,SP,Sudeste,35-44,2025-10-14
C12151,SP,Sudeste,35-44,2025-06-14
C12152,PR,Sul,25-34,2025-05-25
C12153,RJ,Sudeste,25-34,2023-08-13
C12154,SP,Sudeste,25-34,2025-08-10
C12155,RJ,Sudeste,35-44,2025-11-08
C12156,BA,Nordeste,25-34,2025-02-24
C12157,SP,Sudeste,45-54,2024-01-24
C12158,RS,Sul,18-24,2023-03-05
C12159,SP,Sudeste,18-24,2025-01-05
C12160,SP,Sudeste,55+,2023-11-18
C12161,SP,Sudeste,45-54,2023-12-02
C12162,RS,Sul,55+,2024-08-07
C12163,GO,Centro-Oeste,35-44,2025-10-10
C12164,PA,Norte,25-34,2022-06-03
C12165,RJ,Sudeste,35-44,2023-05-18
C12166,GO,Centro-Oeste,35-44,2024-05-27
C12167,RJ,Sudeste,18-24,2025-10-17
C12168,RS,Sul,35-44,2023-08-25
C12169,SP,Sudeste,55+,2025-04-16
C12170,RS,Sul,35-44,2025-05-25
C12171,SP,Sudeste,18-24,2023-12-01
C12172,SP,Sudeste,35-44,2023-12-21
C12173,SP,Sudeste,25-34,2024-04-23
C12174,SP,Sudeste,35-44,2023-05-26
C12175,PR,Sul,35-44,2024-08-31
C12176,SP,Sudeste,35-44,2022-12-23
C12177,SP,Sudeste,18-24,2023-09-07
C12178,PR,Sul,25-34,2024-03-13
C12179,RJ,Sudeste,18-24,2023-08-29
C12180,DF,Centro-Oeste,55+,2024-02-01
C12181,SP,Sudeste,45-54,2024-07-05
C12182,SP,Sudeste,35-44,2024-10-30
C12183,SP,Sudeste,35-44,2025-04-16
C12184,PR,Sul,45-54,2022-09-26
C12185,MG,Sudeste,35-44,2025-09-30
C12186,SC,Sul,35-44,2025-04-04
C12187,MG,Sudeste,35-44,2024-01-16
C12188,MG,Sudeste,35-44,2022-09-11
C12189,SP,Sudeste,35-44,2024-02-18
C12190,RJ,Sudeste,45-54,2025-08-30
C12191,BA,Nordeste,25-34,2023-02-16
C12192,RJ,Sudeste,55+,2024-06-04
C12193,MG,Sudeste,25-34,2022-07-20
C12194,GO,Centro-Oeste,25-34,2025-01-03
C12195,RJ,Sudeste,25-34,2022-12-16
C12196,SP,Sudeste,35-44,2022-12-27
C12197,ES,Sudeste,35-44,2024-08-14
C12198,RJ,Sudeste,35-44,2023-12-12
C12199,PR,Sul,25-34,2023-05-23
C12200,SC,Sul,45-54,2023-11-21
C12201,SP,Sudeste,25-34,2024-11-18
C12202,RJ,Sudeste,35-44,2025-07-02
C12203,SP,Sudeste,35-44,2025-02-11
C12204,AM,Norte,35-44,2025-11-23
C12205,SP,Sudeste,55+,2025-01-15
C12206,PR,Sul,35-44,2025-02-05
C12207,RS,Sul,35-44,2023-11-25
C12208,MG,Sudeste,55+,2022-12-14
C12209,SP,Sudeste,35-44,2024-11-01
C12210,SP,Sudeste,35-44,2023-06-12
C12211,MT,Centro-Oeste,45-54,2025-01-29
C12212,SP,Sudeste,25-34,2025-02-08
C12213,GO,Centro-Oeste,25-34,2024-07-13
C12214,RJ,Sudeste,18-24,2022-11-03
C12215,PR,Sul,25-34,2024-02-12
C12216,PR,Sul,18-24,2025-09-28
C12217,GO,Centro-Oeste,55+,2024-12-13
C12218,SP,Sudeste,55+,2022-06-09
C12219,SP,Sudeste,35-44,2025-01-12
C12220,SC,Sul,25-34,2025-03-30
C12221,RJ,Sudeste,35-44,2024-08-28
C12222,SP,Sudeste,35-44,2025-01-07
C12223,BA,Nordeste,25-34,2025-08-10
C12224,SP,Sudeste,25-34,2025-04-26
C12225,SP,Sudeste,25-34,2024-09-12
C12226,RJ,Sudeste,45-54,2024-04-18
C12227,RS,Sul,18-24,2022-03-04
C12228,SP,Sudeste,25-34,2023-03-04
C12229,SP,Sudeste,35-44,2023-06-08
C12230,MG,Sudeste,25-34,2023-02-18
C12231,SC,Sul,55+,2023-04-07
C12232,SP,Sudeste,35-44,2025-11-24
C12233,MG,Sudeste,55+,2024-03-22
C12234,RJ,Sudeste,35-44,2023-10-24
C12235,SP,Sudeste,55+,2025-01-12
C12236,SP,Sudeste,55+,2023-04-19
C12237,SP,Sudeste,35-44,2024-07-27
C12238,PE,Nordeste,55+,2023-07-08
C12239,MG,Sudeste,25-34,2022-01-19
C12240,SC,Sul,25-34,2025-02-06
C12241,SP,Sudeste,18-24,2023-03-21
C12242,SP,Sudeste,18-24,2022-11-01
C12243,CE,Nordeste,25-34,2022-11-25
C12244,RJ,Sudeste,45-54,2025-01-22
C12245,MG,Sudeste,35-44,2024-10-21
C12246,RJ,Sudeste,35-44,2023-08-25
C12247,CE,Nordeste,45-54,2025-08-02
C12248,PA,Norte,25-34,2024-06-30
C12249,RJ,Sudeste,35-44,2025-08-28
C12250,PR,Sul,45-54,2024-10-21
C12251,SP,Sudeste,45-54,2024-04-06
C12252,MG,Sudeste,55+,2022-05-16
C12253,PR,Sul,35-44,2023-09-30
C12254,SP,Sudeste,35-44,2022-11-13
C12255,SP,Sudeste,18-24,2024-06-25
C12256,SP,Sudeste,35-44,2024-12-08
C12257,MG,Sudeste,55+,2023-03-18
C12258,RJ,Sudeste,35-44,2024-02-16
C12259,SC,Sul,35-44,2025-10-05
C12260,CE,Nordeste,45-54,2025-02-02
C12261,MG,Sudeste,35-44,2025-08-16
C12262,PR,Sul,25-34,2023-04-03
C12263,MG,Sudeste,25-34,2025-04-04
C12264,DF,Centro-Oeste,25-34,2023-03-01
C12265,PR,Sul,25-34,2023-09-08
C12266,RS,Sul,25-34,2022-12-16
C12267,RJ,Sudeste,35-44,2022-06-11
C12268,PR,Sul,35-44,2023-06-12
C12269,DF,Centro-Oeste,55+,2023-11-29
C12270,MG,Sudeste,45-54,2025-04-03
C12271,SP,Sudeste,35-44,2023-02-01
C12272,SP,Sudeste,25-34,2022-06-28
C12273,PA,Norte,25-34,2025-03-22
C12274,SP,Sudeste,25-34,2023-09-06
C12275,RN,Nordeste,25-34,2025-03-07
C12276,PA,Norte,18-24,2025-03-11
C12277,SP,Sudeste,25-34,2024-02-03
C12278,SP,Sudeste,18-24,2023-09-14
C12279,RJ,Sudeste,35-44,2025-04-28
C12280,PA,Norte,25-34,2022-11-03
C12281,PE,Nordeste,18-24,2025-11-21
C12282,RJ,Sudeste,18-24,2024-07-27
C12283,MG,Sudeste,25-34,2025-08-18
C12284,SP,Sudeste,45-54,2024-04-29
C12285,SP,Sudeste,18-24,2022-02-07
C12286,SC,Sul,18-24,2025-01-09
C12287,ES,Sudeste,35-44,2025-05-18
C12288,BA,Nordeste,35-44,2023-05-08
C12289,CE,Nordeste,25-34,2025-07-01
C12290,MG,Sudeste,25-34,2024-08-02
C12291,CE,Nordeste,55+,2024-05-06
C12292,RJ,Sudeste,35-44,2025-12-06
C12293,PR,Sul,25-34,2023-11-24
C12294,MG,Sudeste,35-44,2024-08-17
C12295,SP,Sudeste,35-44,2025-10-10
C12296,MG,Sudeste,35-44,2023-08-04
C12297,PR,Sul,18-24,2024-02-10
C12298,SP,Sudeste,35-44,2023-12-04
C12299,DF,Centro-Oeste,35-44,2022-09-30
C12300,PA,Norte,25-34,2025-04-24
C12301,RS,Sul,45-54,2023-10-14
C12302,SP,Sudeste,25-34,2022-07-28
C12303,GO,Centro-Oeste,25-34,2024-03-02
C12304,SP,Sudeste,25-34,2022-09-19
C12305,RS,Sul,18-24,2024-12-05
C12306,MT,Centro-Oeste,25-34,2022-01-02
C12307,ES,Sudeste,55+,2025-11-23
C12308,CE,Nordeste,25-34,2025-02-01
C12309,SC,Sul,25-34,2022-08-03
C12310,MG,Sudeste,35-44,2025-12-28
C12311,CE,Nordeste,25-34,2025-07-30
C12312,BA,Nordeste,25-34,2023-01-15
C12313,BA,Nordeste,55+,2022-07-28
C12314,AM,Norte,18-24,2024-07-21
C12315,PA,Norte,35-44,2024-12-19
C12316,SP,Sudeste,25-34,2024-09-23
C12317,MG,Sudeste,35-44,2025-01-29
C12318,MT,Centro-Oeste,25-34,2024-06-16
C12319,RS,Sul,55+,2023-11-23
C12320,BA,Nordeste,25-34,2024-12-02
C12321,MG,Sudeste,25-34,2022-06-02
C12322,PE,Nordeste,35-44,2024-08-16
C12323,SP,Sudeste,35-44,2025-03-13
C12324,SC,Sul,35-44,2024-08-17
C12325,SP,Sudeste,35-44,2024-05-19
C12326,SP,Sudeste,55+,2022-01-03
C12327,RJ,Sudeste,45-54,2023-07-04
C12328,SP,Sudeste,35-44,2025-09-25
C12329,RJ,Sudeste,35-44,2023-12-06
C12330,PR,Sul,25-34,2025-10-01
C12331,BA,Nordeste,55+,2023-06-03
C12332,SP,Sudeste,25-34,2024-02-26
C12333,SP,Sudeste,45-54,2025-12-26
C12334,MG,Sudeste,45-54,2025-10-06
C12335,RJ,Sudeste,18-24,2025-01-15
C12336,PR,Sul,25-34,2025-07-08
C12337,GO,Centro-Oeste,45-54,2023-08-23
C12338,MG,Sudeste,25-34,2023-09-07
C12339,SP,Sudeste,25-34,2025-02-09
C12340,SP,Sudeste,25-34,2022-07-09
C12341,SP,Sudeste,18-24,2023-01-26
C12342,SP,Sudeste,35-44,2025-03-18
C12343,RN,Nordeste,45-54,2025-04-02
C12344,RJ,Sudeste,35-44,2023-09-24
C12345,SP,Sudeste,18-24,2024-07-27
C12346,SP,Sudeste,45-54,2023-11-05
C12347,PR,Sul,35-44,2025-02-27
C12348,ES,Sudeste,35-44,2024-11-04
C12349,SP,Sudeste,45-54,2023-02-28
C12350,SP,Sudeste,25-34,2022-10-29
C12351,RJ,Sudeste,55+,2022-07-30
C12352,SP,Sudeste,55+,2025-07-22
C12353,RN,Nordeste,35-44,2023-04-30
C12354,SP,Sudeste,55+,2024-04-24
C12355,SP,Sudeste,25-34,2024-11-16
C12356,PR,Sul,25-34,2022-04-11
C12357,CE,Nordeste,25-34,2024-12-24
C12358,SP,Sudeste,25-34,2023-08-06
C12359,SP,Sudeste,35-44,2023-10-04
C12360,RJ,Sudeste,45-54,2024-11-08
C12361,RS,Sul,18-24,2024-01-09
C12362,MG,Sudeste,55+,2025-01-13
C12363,MT,Centro-Oeste,25-34,2025-03-17
C12364,RJ,Sudeste,35-44,2025-07-01
C12365,RJ,Sudeste,25-34,2024-11-29
C12366,BA,Nordeste,35-44,2025-09-06
C12367,RJ,Sudeste,45-54,2024-05-19
C12368,CE,Nordeste,25-34,2022-08-05
C12369,MG,Sudeste,25-34,2023-03-05
C12370,SP,Sudeste,45-54,2025-09-09
C12371,SP,Sudeste,55+,2022-05-28
C12372,PR,Sul,55+,2025-04-04
C12373,PE,Nordeste,35-44,2025-08-06
C12374,SP,Sudeste,45-54,2024-09-18
C12375,BA,Nordeste,25-34,2023-03-27
C12376,RS,Sul,55+,2022-11-28
C12377,SP,Sudeste,45-54,2023-01-02
C12378,PE,Nordeste,35-44,2025-12-05
C12379,PA,Norte,45-54,2024-08-04
C12380,PA,Norte,55+,2024-07-21
C12381,BA,Nordeste,45-54,2024-05-02
C12382,BA,Nordeste,45-54,2025-04-19
C12383,SP,Sudeste,45-54,2022-04-04
C12384,RJ,Sudeste,45-54,2025-10-21
C12385,MT,Centro-Oeste,35-44,2025-06-09
C12386,SP,Sudeste,25-34,2025-01-21
C12387,PE,Nordeste,35-44,2023-10-16
C12388,ES,Sudeste,25-34,2024-09-19
C12389,RJ,Sudeste,25-34,2023-02-02
C12390,SP,Sudeste,35-44,2023-04-20
C12391,GO,Centro-Oeste,18-24,2024-04-07
C12392,PE,Nordeste,35-44,2023-04-16
C12393,DF,Centro-Oeste,55+,2024-05-14
C12394,SP,Sudeste,35-44,2024-03-10
C12395,PE,Nordeste,25-34,2022-02-04
C12396,RJ,Sudeste,55+,2024-09-02
C12397,RS,Sul,35-44,2025-03-06
C12398,SC,Sul,18-24,2023-02-27
C12399,MG,Sudeste,35-44,2023-01-11
C12400,RS,Sul,25-34,2024-05-21
C12401,SC,Sul,55+,2024-06-25
C12402,SP,Sudeste,25-34,2022-09-12
C12403,RS,Sul,35-44,2024-03-17
C12404,RJ,Sudeste,35-44,2023-03-13
C12405,BA,Nordeste,25-34,2023-10-07
C12406,RJ,Sudeste,25-34,2024-07-22
C12407,PE,Nordeste,45-54,2024-03-30
C12408,RJ,Sudeste,35-44,2023-08-16
C12409,CE,Nordeste,55+,2024-03-21
C12410,PA,Norte,35-44,2022-07-18
C12411,SC,Sul,35-44,2024-04-09
C12412,DF,Centro-Oeste,45-54,2024-10-27
C12413,SP,Sudeste,25-34,2023-09-28
C12414,SP,Sudeste,55+,2025-09-03
C12415,DF,Centro-Oeste,25-34,2025-10-17
C12416,SC,Sul,18-24,2023-08-28
C12417,SP,Sudeste,45-54,2023-02-21
C12418,RJ,Sudeste,18-24,2025-01-21
C12419,SC,Sul,25-34,2023-07-21
C12420,PE,Nordeste,35-44,2022-03-25
C12421,RS,Sul,45-54,2022-11-17
C12422,SP,Sudeste,25-34,2024-04-12
C12423,ES,Sudeste,55+,2023-07-12
C12424,RJ,Sudeste,25-34,2024-05-21
C12425,SP,Sudeste,35-44,2025-08-23
C12426,DF,Centro-Oeste,45-54,2023-09-02
C12427,SP,Sudeste,18-24,2025-12-22
C12428,SC,Sul,25-34,2025-06-23
C12429,SP,Sudeste,25-34,2024-08-30
C12430,SP,Sudeste,45-54,2023-01-27
C12431,DF,Centro-Oeste,45-54,2025-01-26
C12432,SP,Sudeste,25-34,2023-01-11
C12433,GO,Centro-Oeste,25-34,2025-07-07
C12434,SP,Sudeste,25-34,2024-08-23
C12435,BA,Nordeste,35-44,2023-01-18
C12436,SP,Sudeste,25-34,2024-06-21
C12437,SP,Sudeste,18-24,2023-07-13
C12438,SP,Sudeste,25-34,2022-11-20
C12439,PR,Sul,45-54,2024-12-31
C12440,RJ,Sudeste,45-54,2024-12-16
C12441,MG,Sudeste,45-54,2025-05-31
C12442,PA,Norte,45-54,2022-03-08
C12443,PR,Sul,35-44,2025-04-05
C12444,CE,Nordeste,25-34,2023-06-04
C12445,PE,Nordeste,45-54,2023-10-21
C12446,MG,Sudeste,35-44,2022-10-26
C12447,PE,Nordeste,35-44,2024-03-05
C12448,RJ,Sudeste,55+,2024-03-16
C12449,ES,Sudeste,35-44,2025-04-05
C12450,MG,Sudeste,18-24,2022-05-13
C12451,SP,Sudeste,25-34,2024-03-10
C12452,SP,Sudeste,45-54,2022-11-26
C12453,SP,Sudeste,25-34,2022-05-27
C12454,BA,Nordeste,45-54,2025-10-08
C12455,MG,Sudeste,25-34,2024-02-06
C12456,SP,Sudeste,45-54,2025-07-02
C12457,RS,Sul,35-44,2025-08-24
C12458,SP,Sudeste,25-34,2024-03-10
C12459,GO,Centro-Oeste,25-34,2022-02-08
C12460,DF,Centro-Oeste,35-44,2022-08-19
C12461,BA,Nordeste,35-44,2024-12-10
C12462,SP,Sudeste,25-34,2025-02-14
C12463,SP,Sudeste,25-34,2024-12-20
C12464,RS,Sul,25-34,2025-01-27
C12465,SP,Sudeste,45-54,2023-09-22
C12466,SP,Sudeste,25-34,2023-06-09
C12467,SP,Sudeste,25-34,2023-01-18
C12468,CE,Nordeste,35-44,2023-09-23
C12469,PR,Sul,25-34,2022-12-26
C12470,PR,Sul,25-34,2025-09-07
C12471,RN,Nordeste,18-24,2023-01-15
C12472,MG,Sudeste,45-54,2023-12-25
C12473,PE,Nordeste,25-34,2023-08-05
C12474,PR,Sul,25-34,2025-06-13
C12475,SP,Sudeste,35-44,2024-03-06
C12476,MG,Sudeste,35-44,2022-01-14
C12477,BA,Nordeste,25-34,2024-09-23
C12478,MG,Sudeste,18-24,2024-01-22
C12479,MG,Sudeste,25-34,2023-11-20
C12480,SP,Sudeste,45-54,2023-11-21
C12481,PR,Sul,25-34,2025-05-16
C12482,SP,Sudeste,45-54,2025-09-08
C12483,SP,Sudeste,18-24,2023-04-06
C12484,MG,Sudeste,45-54,2025-08-20
C12485,PE,Nordeste,25-34,2025-07-06
C12486,CE,Nordeste,35-44,2025-09-15
C12487,AM,Norte,25-34,2025-07-12
C12488,RJ,Sudeste,55+,2023-10-23
C12489,RS,Sul,35-44,2024-06-29
C12490,SP,Sudeste,45-54,2022-01-07
C12491,SP,Sudeste,45-54,2023-02-12
C12492,MG,Sudeste,45-54,2024-08-20
C12493,RS,Sul,45-54,2025-08-02
C12494,BA,Nordeste,25-34,2025-11-14
C12495,SP,Sudeste,35-44,2025-11-06
C12496,SP,Sudeste,35-44,2024-05-24
C12497,CE,Nordeste,35-44,2024-05-25
C12498,BA,Nordeste,55+,2024-11-23
C12499,SP,Sudeste,45-54,2022-01-14
C12500,RJ,Sudeste,35-44,2024-06-09
C12501,SP,Sudeste,35-44,2025-06-21
C12502,RS,Sul,18-24,2024-02-14
C12503,CE,Nordeste,25-34,2023-12-14
C12504,SP,Sudeste,55+,2023-01-20
C12505,SP,Sudeste,25-34,2024-03-19
C12506,SP,Sudeste,25-34,2022-05-10
C12507,SC,Sul,25-34,2025-06-11
C12508,SP,Sudeste,35-44,2025-02-10
C12509,AM,Norte,35-44,2022-06-05
C12510,BA,Nordeste,45-54,2025-12-19
C12511,SP,Sudeste,45-54,2025-03-10
C12512,BA,Nordeste,35-44,2024-08-25
C12513,SP,Sudeste,25-34,2023-06-26
C12514,SP,Sudeste,45-54,2023-10-29
C12515,SP,Sudeste,35-44,2022-08-26
C12516,PR,Sul,25-34,2025-04-30
C12517,PR,Sul,25-34,2025-12-24
C12518,RJ,Sudeste,35-44,2024-06-04
C12519,SP,Sudeste,25-34,2024-07-25
C12520,ES,Sudeste,35-44,2022-10-02
C12521,SP,Sudeste,25-34,2024-08-07
C12522,RJ,Sudeste,25-34,2024-03-03
C12523,PE,Nordeste,25-34,2023-05-23
C12524,RJ,Sudeste,35-44,2025-02-18
C12525,ES,Sudeste,45-54,2025-04-02
C12526,SP,Sudeste,25-34,2022-06-06
C12527,SP,Sudeste,35-44,2025-09-22
C12528,MG,Sudeste,45-54,2024-08-14
C12529,SP,Sudeste,45-54,2023-03-25
C12530,PR,Sul,18-24,2022-11-19
C12531,PE,Nordeste,25-34,2023-06-19
C12532,SP,Sudeste,25-34,2022-10-08
C12533,BA,Nordeste,25-34,2022-07-11
C12534,SP,Sudeste,35-44,2023-01-02
C12535,PR,Sul,18-24,2025-07-10
C12536,SP,Sudeste,25-34,2025-09-13
C12537,CE,Nordeste,18-24,2022-12-07
C12538,RS,Sul,18-24,2023-11-20
C12539,MG,Sudeste,55+,2022-07-30
C12540,SP,Sudeste,35-44,2025-12-13
C12541,MG,Sudeste,25-34,2025-10-12
C12542,RS,Sul,25-34,2025-10-16
C12543,RJ,Sudeste,35-44,2025-02-04
C12544,SP,Sudeste,35-44,2024-02-27
C12545,SP,Sudeste,25-34,2022-03-25
C12546,RJ,Sudeste,18-24,2023-09-11
C12547,SP,Sudeste,25-34,2024-02-21
C12548,BA,Nordeste,35-44,2024-09-07
C12549,MG,Sudeste,35-44,2025-08-12
C12550,BA,Nordeste,25-34,2025-04-15
C12551,DF,Centro-Oeste,35-44,2022-12-27
C12552,RJ,Sudeste,25-34,2023-12-30
C12553,RS,Sul,35-44,2023-11-30
C12554,SP,Sudeste,25-34,2025-05-17
C12555,SP,Sudeste,35-44,2024-04-29
C12556,SC,Sul,35-44,2025-08-24
C12557,SP,Sudeste,45-54,2023-10-07
C12558,GO,Centro-Oeste,35-44,2024-08-30
C12559,CE,Nordeste,18-24,2025-09-03
C12560,SP,Sudeste,35-44,2024-11-26
C12561,GO,Centro-Oeste,35-44,2023-07-28
C12562,RJ,Sudeste,45-54,2024-06-20
C12563,MT,Centro-Oeste,35-44,2024-03-18
C12564,BA,Nordeste,35-44,2024-12-25
C12565,SP,Sudeste,35-44,2025-06-26
C12566,RN,Nordeste,35-44,2024-08-02
C12567,SP,Sudeste,18-24,2023-11-12
C12568,BA,Nordeste,35-44,2025-07-05
C12569,SP,Sudeste,18-24,2022-06-09
C12570,SP,Sudeste,35-44,2024-03-10
C12571,BA,Nordeste,35-44,2023-01-10
C12572,ES,Sudeste,25-34,2024-08-24
C12573,MG,Sudeste,45-54,2022-08-17
C12574,DF,Centro-Oeste,25-34,2023-05-08
C12575,SP,Sudeste,25-34,2023-07-08
C12576,AM,Norte,45-54,2022-10-05
C12577,SP,Sudeste,35-44,2025-09-04
C12578,CE,Nordeste,55+,2025-03-26
C12579,PA,Norte,55+,2023-01-05
C12580,SP,Sudeste,45-54,2022-01-13
C12581,PR,Sul,25-34,2025-02-25
C12582,MG,Sudeste,25-34,2025-01-09
C12583,SP,Sudeste,35-44,2024-12-12
C12584,BA,Nordeste,25-34,2024-05-26
C12585,PE,Nordeste,25-34,2024-10-29
C12586,BA,Nordeste,35-44,2025-01-21
C12587,BA,Nordeste,18-24,2022-06-28
C12588,SP,Sudeste,35-44,2024-12-18
C12589,BA,Nordeste,35-44,2024-10-28
C12590,PE,Nordeste,45-54,2025-10-09
C12591,PR,Sul,18-24,2024-11-06
C12592,SC,Sul,35-44,2025-05-29
C12593,RS,Sul,35-44,2025-02-13
C12594,SC,Sul,35-44,2024-06-23
C12595,SP,Sudeste,45-54,2022-12-13
C12596,CE,Nordeste,35-44,2025-06-18
C12597,MG,Sudeste,25-34,2025-08-14
C12598,SC,Sul,25-34,2023-12-20
C12599,BA,Nordeste,35-44,2022-07-27
C12600,SP,Sudeste,25-34,2021-12-06
C12601,PR,Sul,35-44,2024-06-05
C12602,MG,Sudeste,35-44,2025-11-17
C12603,SP,Sudeste,35-44,2022-06-06
C12604,RN,Nordeste,55+,2025-01-21
C12605,BA,Nordeste,25-34,2025-01-30
C12606,RJ,Sudeste,25-34,2022-04-13
C12607,SP,Sudeste,45-54,2025-10-21
C12608,BA,Nordeste,25-34,2024-01-15
C12609,GO,Centro-Oeste,45-54,2023-07-18
C12610,SP,Sudeste,35-44,2024-01-08
C12611,SP,Sudeste,25-34,2023-06-10
C12612,DF,Centro-Oeste,25-34,2022-06-29
C12613,SP,Sudeste,35-44,2023-03-18
C12614,SP,Sudeste,25-34,2022-08-11
C12615,CE,Nordeste,45-54,2025-04-25
C12616,RJ,Sudeste,25-34,2024-10-02
C12617,SP,Sudeste,18-24,2025-09-16
C12618,GO,Centro-Oeste,35-44,2023-11-29
C12619,GO,Centro-Oeste,35-44,2024-07-04
C12620,SP,Sudeste,35-44,2025-01-09
C12621,RJ,Sudeste,25-34,2022-06-09
C12622,PR,Sul,25-34,2024-03-27
C12623,SP,Sudeste,25-34,2025-03-26
C12624,MT,Centro-Oeste,35-44,2023-03-07
C12625,RJ,Sudeste,35-44,2023-10-14
C12626,PR,Sul,18-24,2022-11-14
C12627,CE,Nordeste,35-44,2022-09-12
C12628,SP,Sudeste,55+,2025-10-06
C12629,PR,Sul,25-34,2022-03-30
C12630,SP,Sudeste,35-44,2025-09-01
C12631,CE,Nordeste,25-34,2023-10-02
C12632,PE,Nordeste,18-24,2022-05-22
C12633,RJ,Sudeste,25-34,2023-11-15
C12634,SP,Sudeste,35-44,2022-09-20
C12635,RJ,Sudeste,18-24,2023-11-29
C12636,SP,Sudeste,45-54,2024-08-28
C12637,SP,Sudeste,35-44,2024-02-11
C12638,MT,Centro-Oeste,35-44,2022-02-03
C12639,PR,Sul,25-34,2024-09-05
C12640,SP,Sudeste,35-44,2023-11-04
C12641,BA,Nordeste,25-34,2024-09-23
C12642,MG,Sudeste,18-24,2023-05-16
C12643,PE,Nordeste,55+,2025-06-26
C12644,SP,Sudeste,55+,2022-10-14
C12645,SP,Sudeste,18-24,2022-11-25
C12646,CE,Nordeste,18-24,2024-08-19
C12647,DF,Centro-Oeste,45-54,2025-09-20
C12648,MG,Sudeste,45-54,2022-10-05
C12649,PA,Norte,35-44,2024-05-03
C12650,RS,Sul,55+,2023-04-21
C12651,MT,Centro-Oeste,45-54,2023-04-04
C12652,RJ,Sudeste,18-24,2025-12-25
C12653,BA,Nordeste,45-54,2025-01-16
C12654,MG,Sudeste,18-24,2022-06-26
C12655,SP,Sudeste,18-24,2023-01-19
C12656,RS,Sul,55+,2023-12-21
C12657,BA,Nordeste,45-54,2023-06-22
C12658,SP,Sudeste,25-34,2025-01-24
C12659,SP,Sudeste,35-44,2022-04-20
C12660,SP,Sudeste,45-54,2022-09-16
C12661,PE,Nordeste,18-24,2024-01-16
C12662,RS,Sul,25-34,2022-09-28
C12663,PA,Norte,25-34,2024-10-26
C12664,PR,Sul,55+,2025-01-04
C12665,RJ,Sudeste,18-24,2025-05-19
C12666,SC,Sul,45-54,2023-06-09
C12667,SP,Sudeste,25-34,2024-08-23
C12668,SP,Sudeste,55+,2024-03-19
C12669,RJ,Sudeste,45-54,2023-05-01
C12670,SP,Sudeste,25-34,2023-11-22
C12671,SP,Sudeste,35-44,2022-09-27
C12672,BA,Nordeste,25-34,2023-07-06
C12673,GO,Centro-Oeste,18-24,2023-11-20
C12674,PR,Sul,55+,2022-07-16
C12675,SP,Sudeste,35-44,2024-07-09
C12676,CE,Nordeste,45-54,2025-06-21
C12677,RJ,Sudeste,25-34,2024-12-07
C12678,SP,Sudeste,35-44,2023-11-21
C12679,RJ,Sudeste,55+,2024-11-06
C12680,CE,Nordeste,25-34,2024-12-21
C12681,RJ,Sudeste,18-24,2025-10-21
C12682,SP,Sudeste,35-44,2022-05-06
C12683,SP,Sudeste,45-54,2025-03-15
C12684,ES,Sudeste,25-34,2025-09-04
C12685,CE,Nordeste,25-34,2024-11-17
C12686,SP,Sudeste,45-54,2023-09-07
C12687,SP,Sudeste,25-34,2022-07-02
C12688,SP,Sudeste,45-54,2025-01-30
C12689,SP,Sudeste,55+,2023-05-02
C12690,MG,Sudeste,35-44,2024-10-21
C12691,RS,Sul,18-24,2024-05-16
C12692,SP,Sudeste,35-44,2022-09-21
C12693,MG,Sudeste,25-34,2023-11-13
C12694,MG,Sudeste,18-24,2022-08-11
C12695,MG,Sudeste,45-54,2024-11-18
C12696,PR,Sul,45-54,2025-02-01
C12697,SC,Sul,25-34,2025-03-09
C12698,AM,Norte,45-54,2023-05-16
C12699,RJ,Sudeste,25-34,2025-02-05
C12700,BA,Nordeste,55+,2025-10-08
C12701,SP,Sudeste,45-54,2022-07-18
C12702,PR,Sul,35-44,2025-11-16
C12703,SC,Sul,25-34,2023-02-15
C12704,DF,Centro-Oeste,45-54,2022-12-07
C12705,PR,Sul,45-54,2023-07-12
C12706,SP,Sudeste,55+,2022-02-06
C12707,RJ,Sudeste,25-34,2025-10-05
C12708,PR,Sul,25-34,2023-07-30
C12709,SP,Sudeste,35-44,2024-06-06
C12710,RS,Sul,35-44,2025-03-31
C12711,PE,Nordeste,25-34,2024-02-06
C12712,MG,Sudeste,18-24,2025-06-16
C12713,RS,Sul,25-34,2023-01-19
C12714,GO,Centro-Oeste,35-44,2024-02-14
C12715,SC,Sul,45-54,2024-06-20
C12716,PE,Nordeste,18-24,2024-02-05
C12717,SP,Sudeste,25-34,2025-03-01
C12718,PR,Sul,25-34,2025-06-23
C12719,SP,Sudeste,18-24,2025-05-15
C12720,RJ,Sudeste,35-44,2023-07-22
C12721,MG,Sudeste,55+,2023-04-28
C12722,SC,Sul,25-34,2024-01-02
C12723,MG,Sudeste,35-44,2022-12-15
C12724,GO,Centro-Oeste,25-34,2023-05-23
C12725,MT,Centro-Oeste,45-54,2023-03-21
C12726,PE,Nordeste,35-44,2022-04-12
C12727,SP,Sudeste,45-54,2025-08-12
C12728,SP,Sudeste,45-54,2023-06-29
C12729,DF,Centro-Oeste,35-44,2023-05-04
C12730,BA,Nordeste,45-54,2024-10-16
C12731,SP,Sudeste,18-24,2025-01-22
C12732,MG,Sudeste,35-44,2025-01-05
C12733,RJ,Sudeste,25-34,2025-03-21
C12734,SC,Sul,35-44,2023-10-18
C12735,SP,Sudeste,25-34,2024-08-23
C12736,MG,Sudeste,18-24,2023-11-30
C12737,SP,Sudeste,25-34,2024-09-09
C12738,RJ,Sudeste,25-34,2023-03-07
C12739,SP,Sudeste,18-24,2024-01-13
C12740,SP,Sudeste,25-34,2023-10-11
C12741,RS,Sul,25-34,2023-12-22
C12742,PA,Norte,35-44,2023-12-06
C12743,RJ,Sudeste,35-44,2023-09-28
C12744,RS,Sul,45-54,2022-10-22
C12745,PE,Nordeste,18-24,2024-12-11
C12746,SP,Sudeste,45-54,2025-03-13
C12747,RJ,Sudeste,55+,2025-05-07
C12748,PE,Nordeste,25-34,2023-04-19
C12749,SP,Sudeste,35-44,2024-10-02
C12750,SP,Sudeste,55+,2025-08-01
C12751,SP,Sudeste,25-34,2024-07-19
C12752,RJ,Sudeste,45-54,2025-07-24
C12753,RJ,Sudeste,25-34,2025-11-04
C12754,SP,Sudeste,25-34,2022-07-27
C12755,RS,Sul,25-34,2024-04-06
C12756,SP,Sudeste,35-44,2023-08-06
C12757,MG,Sudeste,35-44,2025-09-26
C12758,SP,Sudeste,25-34,2023-07-07
C12759,SP,Sudeste,35-44,2024-11-16
C12760,RJ,Sudeste,45-54,2022-11-24
C12761,MG,Sudeste,55+,2024-09-02
C12762,MG,Sudeste,35-44,2023-04-24
C12763,CE,Nordeste,35-44,2022-09-12
C12764,GO,Centro-Oeste,55+,2023-09-08
C12765,RJ,Sudeste,35-44,2023-11-23
C12766,MG,Sudeste,45-54,2023-09-18
C12767,SP,Sudeste,35-44,2023-07-23
C12768,SP,Sudeste,45-54,2023-06-02
C12769,SP,Sudeste,25-34,2025-11-19
C12770,PR,Sul,35-44,2025-11-13
C12771,ES,Sudeste,35-44,2024-03-25
C12772,SP,Sudeste,25-34,2025-08-18
C12773,SP,Sudeste,35-44,2023-02-05
C12774,SP,Sudeste,55+,2021-12-11
C12775,PR,Sul,18-24,2022-12-14
C12776,RJ,Sudeste,25-34,2022-02-18
C12777,SP,Sudeste,25-34,2023-06-06
C12778,SP,Sudeste,25-34,2022-08-23
C12779,RS,Sul,35-44,2025-06-07
C12780,SP,Sudeste,45-54,2025-02-15
C12781,RJ,Sudeste,55+,2023-01-02
C12782,SP,Sudeste,45-54,2024-09-17
C12783,PE,Nordeste,25-34,2024-08-03
C12784,SP,Sudeste,18-24,2024-04-15
C12785,SP,Sudeste,45-54,2024-03-24
C12786,ES,Sudeste,35-44,2023-05-02
C12787,MG,Sudeste,35-44,2024-03-14
C12788,SP,Sudeste,25-34,2023-02-04
C12789,SP,Sudeste,35-44,2023-07-20
C12790,PA,Norte,45-54,2023-07-16
C12791,RJ,Sudeste,18-24,2023-12-05
C12792,RS,Sul,55+,2022-10-07
C12793,SP,Sudeste,35-44,2025-02-26
C12794,MG,Sudeste,25-34,2022-04-24
C12795,BA,Nordeste,35-44,2023-03-18
C12796,SP,Sudeste,35-44,2023-08-05
C12797,DF,Centro-Oeste,25-34,2025-06-14
C12798,GO,Centro-Oeste,35-44,2023-01-12
C12799,RS,Sul,45-54,2023-01-02
C12800,SC,Sul,25-34,2024-05-06
C12801,RJ,Sudeste,45-54,2022-06-30
C12802,MG,Sudeste,35-44,2022-09-01
C12803,GO,Centro-Oeste,35-44,2024-12-05
C12804,PE,Nordeste,35-44,2024-12-15
C12805,AM,Norte,45-54,2023-01-19
C12806,SP,Sudeste,25-34,2024-01-03
C12807,SP,Sudeste,35-44,2025-01-19
C12808,BA,Nordeste,55+,2025-11-13
C12809,SP,Sudeste,25-34,2023-10-27
C12810,RJ,Sudeste,35-44,2025-10-06
C12811,RJ,Sudeste,18-24,2024-07-28
C12812,BA,Nordeste,55+,2025-05-19
C12813,SP,Sudeste,35-44,2024-06-01
C12814,SP,Sudeste,18-24,2023-03-28
C12815,SP,Sudeste,55+,2024-09-09
C12816,RJ,Sudeste,45-54,2024-03-27
C12817,RJ,Sudeste,25-34,2022-10-22
C12818,SP,Sudeste,45-54,2024-12-22
C12819,SP,Sudeste,18-24,2023-01-02
C12820,DF,Centro-Oeste,25-34,2022-07-13
C12821,PR,Sul,35-44,2023-12-13
C12822,RS,Sul,25-34,2025-10-27
C12823,SC,Sul,25-34,2024-09-21
C12824,SP,Sudeste,35-44,2023-02-07
C12825,SP,Sudeste,35-44,2025-08-26
C12826,RS,Sul,35-44,2022-07-28
C12827,MG,Sudeste,35-44,2022-10-12
C12828,RS,Sul,55+,2022-06-22
C12829,GO,Centro-Oeste,55+,2024-05-27
C12830,SP,Sudeste,18-24,2024-03-17
C12831,PE,Nordeste,25-34,2025-10-16
C12832,SP,Sudeste,25-34,2022-12-03
C12833,BA,Nordeste,35-44,2025-05-25
C12834,PR,Sul,35-44,2025-10-24
C12835,SP,Sudeste,35-44,2024-06-29
C12836,SP,Sudeste,25-34,2024-06-13
C12837,MG,Sudeste,25-34,2023-04-09
C12838,BA,Nordeste,25-34,2022-05-03
C12839,SC,Sul,55+,2024-05-23
C12840,SC,Sul,25-34,2023-05-04
C12841,GO,Centro-Oeste,25-34,2024-12-11
C12842,SP,Sudeste,35-44,2024-08-23
C12843,BA,Nordeste,25-34,2023-06-11
C12844,MG,Sudeste,18-24,2025-03-22
C12845,SP,Sudeste,55+,2025-03-07
C12846,RN,Nordeste,25-34,2023-11-09
C12847,SP,Sudeste,35-44,2024-05-05
C12848,PR,Sul,25-34,2024-10-23
C12849,RJ,Sudeste,35-44,2025-10-04
C12850,SP,Sudeste,45-54,2023-02-23
C12851,SP,Sudeste,25-34,2023-04-07
C12852,RJ,Sudeste,25-34,2025-07-14
C12853,SC,Sul,25-34,2025-03-20
C12854,MT,Centro-Oeste,45-54,2022-10-13
C12855,SP,Sudeste,25-34,2023-04-29
C12856,MG,Sudeste,18-24,2023-06-03
C12857,PE,Nordeste,35-44,2023-04-24
C12858,GO,Centro-Oeste,25-34,2025-09-30
C12859,SP,Sudeste,25-34,2022-10-19
C12860,BA,Nordeste,45-54,2023-10-11
C12861,SP,Sudeste,25-34,2023-09-29
C12862,MG,Sudeste,45-54,2025-11-18
C12863,SP,Sudeste,55+,2022-10-20
C12864,SP,Sudeste,18-24,2025-01-05
C12865,RS,Sul,55+,2022-08-18
C12866,MG,Sudeste,18-24,2023-12-27
C12867,SP,Sudeste,35-44,2022-08-18
C12868,SP,Sudeste,35-44,2023-01-20
C12869,RS,Sul,35-44,2025-01-03
C12870,CE,Nordeste,35-44,2022-06-20
C12871,MG,Sudeste,45-54,2024-12-27
C12872,SP,Sudeste,25-34,2023-12-06
C12873,BA,Nordeste,35-44,2025-11-24
C12874,BA,Nordeste,55+,2025-05-18
C12875,SP,Sudeste,18-24,2024-11-19
C12876,DF,Centro-Oeste,35-44,2022-12-30
C12877,SP,Sudeste,25-34,2023-09-04
C12878,RS,Sul,25-34,2022-03-14
C12879,SP,Sudeste,18-24,2025-05-31
C12880,SP,Sudeste,55+,2023-12-15
C12881,RJ,Sudeste,25-34,2023-12-01
C12882,SP,Sudeste,45-54,2025-07-01
C12883,SC,Sul,25-34,2024-12-20
C12884,BA,Nordeste,18-24,2022-09-15
C12885,SP,Sudeste,35-44,2022-07-12
C12886,DF,Centro-Oeste,35-44,2023-07-12
C12887,BA,Nordeste,35-44,2023-05-04
C12888,RJ,Sudeste,35-44,2022-05-24
C12889,SC,Sul,35-44,2022-05-07
C12890,PA,Norte,25-34,2024-04-23
C12891,SP,Sudeste,55+,2025-12-27
C12892,SP,Sudeste,25-34,2023-08-14
C12893,MG,Sudeste,35-44,2025-06-03
C12894,RJ,Sudeste,35-44,2025-01-19
C12895,RJ,Sudeste,35-44,2025-01-20
C12896,SC,Sul,55+,2024-04-24
C12897,RJ,Sudeste,35-44,2024-10-18
C12898,SC,Sul,45-54,2023-08-13
C12899,MG,Sudeste,45-54,2025-06-02
C12900,AM,Norte,45-54,2023-09-14
C12901,ES,Sudeste,45-54,2023-06-20
C12902,PA,Norte,25-34,2025-08-25
C12903,SP,Sudeste,45-54,2025-10-24
C12904,MG,Sudeste,45-54,2023-07-09
C12905,RS,Sul,55+,2022-07-21
C12906,PE,Nordeste,35-44,2025-01-13
C12907,PR,Sul,35-44,2023-09-26
C12908,SP,Sudeste,25-34,2024-01-29
C12909,SP,Sudeste,35-44,2025-01-11
C12910,SP,Sudeste,45-54,2025-07-21
C12911,RS,Sul,25-34,2023-03-22
C12912,RS,Sul,35-44,2024-02-23
C12913,PA,Norte,18-24,2023-12-01
C12914,ES,Sudeste,35-44,2025-10-27
C12915,MG,Sudeste,18-24,2025-06-04
C12916,SC,Sul,25-34,2025-01-19
C12917,MT,Centro-Oeste,35-44,2025-11-28
C12918,RJ,Sudeste,35-44,2022-05-31
C12919,RJ,Sudeste,45-54,2023-08-19
C12920,MG,Sudeste,55+,2023-05-16
C12921,SP,Sudeste,35-44,2023-11-19
C12922,BA,Nordeste,45-54,2024-06-19
C12923,CE,Nordeste,35-44,2024-01-17
C12924,RJ,Sudeste,35-44,2022-12-10
C12925,RS,Sul,18-24,2023-07-05
C12926,SC,Sul,25-34,2024-06-14
C12927,RJ,Sudeste,35-44,2025-01-07
C12928,SP,Sudeste,18-24,2025-05-04
C12929,CE,Nordeste,45-54,2022-08-30
C12930,SC,Sul,35-44,2023-03-11
C12931,PR,Sul,45-54,2024-03-17
C12932,RJ,Sudeste,35-44,2024-11-08
C12933,RS,Sul,25-34,2023-09-23
C12934,SP,Sudeste,45-54,2025-09-10
C12935,RJ,Sudeste,55+,2025-04-08
C12936,RJ,Sudeste,35-44,2024-12-27
C12937,AM,Norte,45-54,2024-01-08
C12938,BA,Nordeste,18-24,2022-10-20
C12939,MG,Sudeste,25-34,2025-11-22
C12940,PA,Norte,25-34,2025-05-16
C12941,GO,Centro-Oeste,35-44,2024-03-27
C12942,SP,Sudeste,55+,2022-07-01
C12943,MG,Sudeste,25-34,2022-09-19
C12944,SP,Sudeste,55+,2023-04-04
C12945,SP,Sudeste,35-44,2022-03-14
C12946,MG,Sudeste,35-44,2024-03-02
C12947,PR,Sul,25-34,2024-10-21
C12948,MG,Sudeste,45-54,2022-03-16
C12949,SC,Sul,25-34,2024-08-19
C12950,SP,Sudeste,25-34,2023-04-19
C12951,GO,Centro-Oeste,25-34,2025-11-04
C12952,RJ,Sudeste,35-44,2023-01-03
C12953,MG,Sudeste,35-44,2023-11-26
C12954,RJ,Sudeste,55+,2024-07-25
C12955,PE,Nordeste,45-54,2025-06-17
C12956,SC,Sul,45-54,2024-07-14
C12957,PR,Sul,25-34,2025-02-01
C12958,MG,Sudeste,25-34,2024-05-09
C12959,GO,Centro-Oeste,45-54,2023-12-26
C12960,AM,Norte,45-54,2022-08-10
C12961,SP,Sudeste,25-34,2022-03-17
C12962,RN,Nordeste,25-34,2024-06-03
C12963,SP,Sudeste,45-54,2025-04-09
C12964,SP,Sudeste,25-34,2025-04-01
C12965,RS,Sul,35-44,2024-04-30
C12966,SP,Sudeste,25-34,2023-05-12
C12967,RJ,Sudeste,35-44,2023-05-03
C12968,MG,Sudeste,25-34,2024-05-26
C12969,PE,Nordeste,25-34,2025-08-30
C12970,GO,Centro-Oeste,45-54,2025-07-15
C12971,RS,Sul,18-24,2022-01-19
C12972,SP,Sudeste,25-34,2025-04-01
C12973,RJ,Sudeste,35-44,2024-03-03
C12974,SP,Sudeste,55+,2022-03-02
C12975,SP,Sudeste,35-44,2025-06-29
C12976,PE,Nordeste,35-44,2023-01-14
C12977,PE,Nordeste,45-54,2022-05-26
C12978,PA,Norte,25-34,2023-05-16
C12979,RJ,Sudeste,25-34,2023-04-19
C12980,MG,Sudeste,35-44,2024-02-12
C12981,PR,Sul,45-54,2023-12-03
C12982,PE,Nordeste,45-54,2023-03-16
C12983,SP,Sudeste,35-44,2022-09-22
C12984,PR,Sul,25-34,2022-07-20
C12985,SP,Sudeste,45-54,2023-08-06
C12986,BA,Nordeste,45-54,2023-01-20
C12987,SP,Sudeste,35-44,2025-05-03
C12988,SP,Sudeste,45-54,2024-02-12
C12989,MG,Sudeste,18-24,2022-07-20
C12990,SC,Sul,25-34,2024-10-15
C12991,SP,Sudeste,18-24,2024-12-04
C12992,SP,Sudeste,25-34,2022-01-02
C12993,SP,Sudeste,45-54,2023-07-04
C12994,BA,Nordeste,25-34,2022-07-05
C12995,PR,Sul,45-54,2025-12-31
C12996,PR,Sul,25-34,2022-08-28
C12997,BA,Nordeste,45-54,2025-09-21
C12998,BA,Nordeste,35-44,2022-10-16
C12999,MG,Sudeste,35-44,2025-11-10
C13000,MG,Sudeste,25-34,2023-11-01
C13001,SP,Sudeste,35-44,2024-08-10
C13002,PE,Nordeste,18-24,2025-11-21
C13003,SP,Sudeste,45-54,2023-08-30
C13004,SP,Sudeste,25-34,2021-12-21
C13005,RS,Sul,35-44,2025-09-05
C13006,MG,Sudeste,25-34,2023-09-14
C13007,SP,Sudeste,35-44,2024-04-18
C13008,CE,Nordeste,45-54,2024-06-04
C13009,SP,Sudeste,35-44,2022-10-21
C13010,RS,Sul,35-44,2024-12-06
C13011,RJ,Sudeste,25-34,2025-10-15
C13012,BA,Nordeste,35-44,2024-08-13
C13013,SP,Sudeste,25-34,2023-05-26
C13014,RJ,Sudeste,45-54,2021-12-24
C13015,RN,Nordeste,25-34,2024-03-30
C13016,RJ,Sudeste,25-34,2024-07-15
C13017,PR,Sul,25-34,2024-04-05
C13018,SP,Sudeste,45-54,2025-12-31
C13019,CE,Nordeste,55+,2022-10-02
C13020,RS,Sul,25-34,2023-07-03
C13021,MG,Sudeste,35-44,2024-05-11
C13022,MG,Sudeste,25-34,2025-03-19
C13023,SP,Sudeste,25-34,2024-07-23
C13024,SP,Sudeste,25-34,2024-07-02
C13025,SP,Sudeste,45-54,2025-05-27
C13026,SP,Sudeste,45-54,2022-11-19
C13027,MG,Sudeste,25-34,2023-10-03
C13028,BA,Nordeste,18-24,2024-10-10
C13029,RJ,Sudeste,35-44,2023-11-15
C13030,SP,Sudeste,45-54,2025-06-02
C13031,MG,Sudeste,35-44,2024-04-21
C13032,RJ,Sudeste,55+,2024-03-25
C13033,AM,Norte,25-34,2022-07-15
C13034,SC,Sul,35-44,2022-09-29
C13035,RS,Sul,35-44,2023-01-03
C13036,RN,Nordeste,35-44,2022-04-21
C13037,SP,Sudeste,35-44,2024-02-17
C13038,RJ,Sudeste,35-44,2024-10-23
C13039,MG,Sudeste,45-54,2023-05-28
C13040,RS,Sul,35-44,2023-03-30
C13041,SP,Sudeste,25-34,2025-07-20
C13042,GO,Centro-Oeste,35-44,2024-04-21
C13043,MG,Sudeste,45-54,2024-04-04
C13044,PE,Nordeste,25-34,2023-01-02
C13045,MG,Sudeste,35-44,2025-08-24
C13046,PR,Sul,25-34,2024-12-25
C13047,MG,Sudeste,25-34,2023-01-20
C13048,SP,Sudeste,18-24,2023-11-24
C13049,BA,Nordeste,25-34,2024-02-26
C13050,SP,Sudeste,25-34,2023-11-02
C13051,CE,Nordeste,35-44,2025-02-06
C13052,MG,Sudeste,18-24,2024-12-09
C13053,DF,Centro-Oeste,35-44,2025-08-28
C13054,RS,Sul,45-54,2024-02-04
C13055,RJ,Sudeste,55+,2024-01-11
C13056,SP,Sudeste,45-54,2025-09-15
C13057,RJ,Sudeste,45-54,2025-05-18
C13058,MG,Sudeste,25-34,2024-01-01
C13059,MG,Sudeste,35-44,2024-01-19
C13060,BA,Nordeste,18-24,2025-04-01
C13061,SP,Sudeste,45-54,2024-07-09
C13062,PR,Sul,25-34,2025-01-12
C13063,DF,Centro-Oeste,35-44,2024-09-27
C13064,SP,Sudeste,45-54,2025-11-02
C13065,SP,Sudeste,25-34,2024-06-15
C13066,SP,Sudeste,45-54,2025-07-19
C13067,ES,Sudeste,18-24,2024-08-25
C13068,BA,Nordeste,25-34,2024-02-03
C13069,BA,Nordeste,25-34,2023-12-22
C13070,MG,Sudeste,35-44,2022-04-19
C13071,MG,Sudeste,35-44,2024-12-28
C13072,PE,Nordeste,55+,2022-12-19
C13073,SC,Sul,18-24,2023-09-03
C13074,SP,Sudeste,18-24,2024-04-28
C13075,BA,Nordeste,25-34,2025-11-13
C13076,GO,Centro-Oeste,45-54,2024-01-12
C13077,PE,Nordeste,25-34,2025-07-12
C13078,GO,Centro-Oeste,35-44,2023-12-08
C13079,DF,Centro-Oeste,35-44,2023-06-14
C13080,SP,Sudeste,25-34,2024-01-29
C13081,RJ,Sudeste,45-54,2025-07-02
C13082,RS,Sul,25-34,2025-11-21
C13083,BA,Nordeste,25-34,2022-12-23
C13084,CE,Nordeste,35-44,2023-11-22
C13085,PR,Sul,55+,2025-06-29
C13086,PR,Sul,18-24,2024-09-06
C13087,CE,Nordeste,35-44,2025-09-15
C13088,MG,Sudeste,25-34,2024-05-23
C13089,SP,Sudeste,25-34,2024-08-02
C13090,ES,Sudeste,25-34,2025-11-23
C13091,SP,Sudeste,25-34,2022-07-13
C13092,CE,Nordeste,35-44,2025-07-04
C13093,CE,Nordeste,55+,2022-12-09
C13094,SP,Sudeste,35-44,2025-01-21
C13095,SP,Sudeste,55+,2024-09-02
C13096,CE,Nordeste,45-54,2024-03-25
C13097,RJ,Sudeste,25-34,2025-09-06
C13098,SC,Sul,25-34,2023-01-04
C13099,RJ,Sudeste,55+,2023-05-12
C13100,PR,Sul,35-44,2023-02-25
C13101,RJ,Sudeste,55+,2022-11-13
C13102,SP,Sudeste,25-34,2023-07-02
C13103,PR,Sul,45-54,2025-04-06
C13104,SP,Sudeste,25-34,2025-06-03
C13105,SP,Sudeste,25-34,2024-07-18
C13106,PA,Norte,35-44,2023-02-03
C13107,SP,Sudeste,25-34,2025-06-30
C13108,MG,Sudeste,35-44,2025-02-25
C13109,MG,Sudeste,45-54,2025-06-29
C13110,SP,Sudeste,55+,2022-09-30
C13111,GO,Centro-Oeste,25-34,2025-07-04
C13112,RJ,Sudeste,45-54,2022-03-20
C13113,PR,Sul,35-44,2024-07-07
C13114,RN,Nordeste,25-34,2024-04-26
C13115,RJ,Sudeste,35-44,2025-06-25
C13116,MG,Sudeste,35-44,2022-05-11
C13117,GO,Centro-Oeste,35-44,2025-04-12
C13118,SC,Sul,55+,2023-08-13
C13119,SP,Sudeste,35-44,2025-07-06
C13120,SP,Sudeste,55+,2025-03-03
C13121,PA,Norte,18-24,2025-11-02
C13122,RJ,Sudeste,35-44,2023-05-10
C13123,RJ,Sudeste,35-44,2022-09-26
C13124,MT,Centro-Oeste,25-34,2024-03-29
C13125,SP,Sudeste,35-44,2023-11-16
C13126,RN,Nordeste,25-34,2023-10-22
C13127,BA,Nordeste,55+,2024-08-08
C13128,SP,Sudeste,25-34,2025-08-18
C13129,SP,Sudeste,18-24,2022-02-02
C13130,MG,Sudeste,18-24,2024-04-24
C13131,PE,Nordeste,35-44,2024-12-01
C13132,RS,Sul,25-34,2024-01-10
C13133,RN,Nordeste,45-54,2022-10-20
C13134,MG,Sudeste,35-44,2022-07-31
C13135,RJ,Sudeste,25-34,2024-09-06
C13136,RS,Sul,18-24,2025-03-17
C13137,RS,Sul,25-34,2022-12-22
C13138,MG,Sudeste,25-34,2024-11-08
C13139,RJ,Sudeste,45-54,2025-03-04
C13140,MG,Sudeste,25-34,2023-07-25
C13141,RJ,Sudeste,25-34,2023-11-30
C13142,SP,Sudeste,35-44,2023-12-01
C13143,MG,Sudeste,18-24,2025-10-25
C13144,PR,Sul,35-44,2025-07-16
C13145,BA,Nordeste,25-34,2025-01-15
C13146,PE,Nordeste,45-54,2024-06-08
C13147,SP,Sudeste,25-34,2023-11-15
C13148,PR,Sul,25-34,2022-10-02
C13149,CE,Nordeste,45-54,2022-09-01
C13150,SP,Sudeste,55+,2024-10-17
C13151,PE,Nordeste,55+,2023-03-21
C13152,MG,Sudeste,45-54,2022-10-11
C13153,RJ,Sudeste,25-34,2023-06-10
C13154,MG,Sudeste,55+,2025-12-26
C13155,RJ,Sudeste,25-34,2024-02-29
C13156,SC,Sul,35-44,2022-06-16
C13157,ES,Sudeste,25-34,2023-04-08
C13158,SP,Sudeste,25-34,2025-11-06
C13159,PR,Sul,18-24,2024-07-19
C13160,RJ,Sudeste,25-34,2023-12-31
C13161,SP,Sudeste,55+,2024-06-22
C13162,GO,Centro-Oeste,25-34,2025-10-19
C13163,RN,Nordeste,35-44,2022-08-02
C13164,SP,Sudeste,35-44,2025-09-28
C13165,PA,Norte,25-34,2023-11-03
C13166,SP,Sudeste,18-24,2021-12-24
C13167,PE,Nordeste,25-34,2023-11-29
C13168,RJ,Sudeste,55+,2024-09-15
C13169,PE,Nordeste,25-34,2023-06-15
C13170,RJ,Sudeste,35-44,2022-01-19
C13171,PR,Sul,35-44,2022-03-31
C13172,BA,Nordeste,18-24,2022-04-05
C13173,SP,Sudeste,18-24,2023-04-19
C13174,RJ,Sudeste,55+,2022-07-16
C13175,SP,Sudeste,55+,2023-04-19
C13176,MG,Sudeste,25-34,2024-01-21
C13177,SP,Sudeste,25-34,2023-08-31
C13178,SC,Sul,45-54,2025-07-16
C13179,GO,Centro-Oeste,25-34,2022-06-07
C13180,SP,Sudeste,35-44,2023-11-07
C13181,RS,Sul,25-34,2024-02-03
C13182,BA,Nordeste,45-54,2024-11-21
C13183,DF,Centro-Oeste,35-44,2022-07-01
C13184,SP,Sudeste,35-44,2024-07-12
C13185,SP,Sudeste,55+,2025-05-27
C13186,ES,Sudeste,35-44,2023-04-01
C13187,PR,Sul,35-44,2022-11-01
C13188,RS,Sul,18-24,2024-08-25
C13189,SP,Sudeste,55+,2022-08-15
C13190,SP,Sudeste,35-44,2024-06-26
C13191,SP,Sudeste,45-54,2022-05-13
C13192,SP,Sudeste,25-34,2025-11-24
C13193,SP,Sudeste,35-44,2024-07-07
C13194,SP,Sudeste,18-24,2022-08-08
C13195,SP,Sudeste,55+,2025-01-03
C13196,SP,Sudeste,55+,2024-12-04
C13197,SP,Sudeste,35-44,2023-12-05
C13198,CE,Nordeste,55+,2023-11-15
C13199,BA,Nordeste,25-34,2022-08-16
C13200,BA,Nordeste,35-44,2024-02-03
C13201,SC,Sul,55+,2024-10-04
C13202,BA,Nordeste,18-24,2023-10-19
C13203,CE,Nordeste,18-24,2023-09-28
C13204,SP,Sudeste,35-44,2025-09-02
C13205,PE,Nordeste,18-24,2022-12-03
C13206,PR,Sul,55+,2023-01-10
C13207,PE,Nordeste,55+,2025-04-22
C13208,SP,Sudeste,25-34,2025-08-09
C13209,SC,Sul,45-54,2022-08-26
C13210,SP,Sudeste,35-44,2024-09-22
C13211,SP,Sudeste,25-34,2025-05-02
C13212,SP,Sudeste,18-24,2021-12-16
C13213,SP,Sudeste,25-34,2024-11-15
C13214,MG,Sudeste,35-44,2023-02-22
C13215,CE,Nordeste,45-54,2024-04-17
C13216,SP,Sudeste,18-24,2025-03-22
C13217,SP,Sudeste,55+,2023-08-23
C13218,SP,Sudeste,18-24,2023-02-14
C13219,MG,Sudeste,25-34,2023-03-16
C13220,PR,Sul,25-34,2024-05-21
C13221,RS,Sul,35-44,2025-01-30
C13222,SP,Sudeste,45-54,2025-08-17
C13223,SP,Sudeste,35-44,2025-01-21
C13224,SP,Sudeste,45-54,2023-04-10
C13225,RJ,Sudeste,45-54,2022-07-14
C13226,PA,Norte,45-54,2025-03-22
C13227,SP,Sudeste,55+,2023-12-04
C13228,PA,Norte,25-34,2025-02-17
C13229,SP,Sudeste,55+,2024-10-31
C13230,SP,Sudeste,35-44,2022-11-13
C13231,RN,Nordeste,35-44,2024-11-21
C13232,MG,Sudeste,55+,2024-09-05
C13233,BA,Nordeste,45-54,2022-02-02
C13234,BA,Nordeste,25-34,2024-04-17
C13235,SP,Sudeste,55+,2023-04-20
C13236,AM,Norte,35-44,2022-09-07
C13237,MG,Sudeste,18-24,2022-09-11
C13238,MG,Sudeste,25-34,2023-10-22
C13239,SP,Sudeste,25-34,2022-04-20
C13240,SP,Sudeste,25-34,2023-05-28
C13241,RJ,Sudeste,25-34,2022-01-21
C13242,SP,Sudeste,45-54,2023-05-13
C13243,SP,Sudeste,25-34,2025-05-08
C13244,RJ,Sudeste,45-54,2023-05-04
C13245,GO,Centro-Oeste,45-54,2024-11-14
C13246,SP,Sudeste,55+,2022-05-19
C13247,SP,Sudeste,45-54,2025-09-26
C13248,BA,Nordeste,45-54,2022-06-21
C13249,MG,Sudeste,25-34,2024-08-23
C13250,SP,Sudeste,35-44,2022-11-15
C13251,DF,Centro-Oeste,25-34,2025-10-21
C13252,SP,Sudeste,35-44,2022-10-21
C13253,PE,Nordeste,35-44,2022-01-12
C13254,SP,Sudeste,35-44,2023-01-30
C13255,MG,Sudeste,35-44,2025-08-16
C13256,SP,Sudeste,45-54,2023-08-14
C13257,SP,Sudeste,35-44,2023-11-05
C13258,SP,Sudeste,45-54,2024-03-13
C13259,ES,Sudeste,25-34,2024-03-02
C13260,PR,Sul,45-54,2023-02-23
C13261,MG,Sudeste,25-34,2023-12-23
C13262,SC,Sul,18-24,2024-11-11
C13263,RS,Sul,35-44,2024-05-15
C13264,BA,Nordeste,35-44,2022-10-19
C13265,SP,Sudeste,35-44,2024-02-27
C13266,CE,Nordeste,45-54,2025-08-03
C13267,SP,Sudeste,55+,2023-08-22
C13268,PR,Sul,35-44,2023-02-02
C13269,SP,Sudeste,55+,2025-01-31
C13270,MG,Sudeste,25-34,2024-09-09
C13271,SC,Sul,25-34,2024-01-26
C13272,SC,Sul,45-54,2023-11-05
C13273,PR,Sul,25-34,2023-03-17
C13274,PE,Nordeste,25-34,2025-08-08
C13275,ES,Sudeste,35-44,2024-12-06
C13276,GO,Centro-Oeste,25-34,2025-03-20
C13277,BA,Nordeste,55+,2024-11-28
C13278,RJ,Sudeste,25-34,2025-01-13
C13279,RJ,Sudeste,35-44,2023-12-24
C13280,RS,Sul,35-44,2023-03-14
C13281,DF,Centro-Oeste,45-54,2023-04-22
C13282,SC,Sul,25-34,2023-06-24
C13283,SP,Sudeste,35-44,2025-01-24
C13284,SP,Sudeste,45-54,2021-12-25
C13285,RJ,Sudeste,35-44,2024-11-28
C13286,RJ,Sudeste,25-34,2023-09-12
C13287,PA,Norte,25-34,2024-02-09
C13288,RJ,Sudeste,25-34,2025-06-12
C13289,SP,Sudeste,35-44,2022-09-07
C13290,PE,Nordeste,25-34,2022-05-10
C13291,SP,Sudeste,55+,2022-11-15
C13292,ES,Sudeste,18-24,2025-02-08
C13293,MG,Sudeste,45-54,2022-04-04
C13294,SP,Sudeste,25-34,2024-04-16
C13295,RS,Sul,25-34,2025-02-21
C13296,SP,Sudeste,35-44,2023-12-14
C13297,PR,Sul,18-24,2022-07-23
C13298,RS,Sul,35-44,2023-07-29
C13299,SP,Sudeste,55+,2023-10-03
C13300,PA,Norte,35-44,2024-11-26
C13301,RJ,Sudeste,35-44,2023-08-30
C13302,SP,Sudeste,45-54,2025-06-15
C13303,SP,Sudeste,18-24,2023-12-14
C13304,RJ,Sudeste,35-44,2022-08-30
C13305,GO,Centro-Oeste,18-24,2024-05-13
C13306,SP,Sudeste,25-34,2025-04-26
C13307,RS,Sul,35-44,2025-10-24
C13308,SP,Sudeste,35-44,2025-01-27
C13309,PA,Norte,35-44,2025-06-14
C13310,RJ,Sudeste,25-34,2022-08-31
C13311,PR,Sul,25-34,2023-11-25
C13312,GO,Centro-Oeste,25-34,2024-12-01
C13313,PR,Sul,45-54,2024-07-06
C13314,DF,Centro-Oeste,25-34,2025-09-22
C13315,SP,Sudeste,25-34,2025-12-19
C13316,SP,Sudeste,35-44,2024-11-24
C13317,SC,Sul,25-34,2025-11-05
C13318,MG,Sudeste,35-44,2024-02-02
C13319,RS,Sul,45-54,2025-11-29
C13320,RJ,Sudeste,45-54,2025-06-04
C13321,SP,Sudeste,25-34,2023-09-11
C13322,SP,Sudeste,25-34,2022-04-03
C13323,RJ,Sudeste,25-34,2025-03-26
C13324,RJ,Sudeste,35-44,2023-10-07
C13325,SP,Sudeste,35-44,2025-10-15
C13326,MG,Sudeste,35-44,2023-06-08
C13327,RJ,Sudeste,25-34,2025-11-28
C13328,SP,Sudeste,35-44,2024-01-19
C13329,GO,Centro-Oeste,25-34,2023-10-17
C13330,PE,Nordeste,18-24,2025-12-18
C13331,MG,Sudeste,18-24,2025-07-10
C13332,ES,Sudeste,25-34,2022-02-07
C13333,RJ,Sudeste,25-34,2025-06-08
C13334,CE,Nordeste,25-34,2025-07-03
C13335,RN,Nordeste,35-44,2024-11-14
C13336,PA,Norte,45-54,2023-08-15
C13337,SC,Sul,35-44,2022-11-13
C13338,RJ,Sudeste,45-54,2022-06-08
C13339,SP,Sudeste,35-44,2024-07-12
C13340,MG,Sudeste,25-34,2025-04-27
C13341,SP,Sudeste,25-34,2023-12-20
C13342,SC,Sul,45-54,2024-07-27
C13343,SP,Sudeste,35-44,2024-08-21
C13344,DF,Centro-Oeste,55+,2025-07-24
C13345,MG,Sudeste,45-54,2023-02-06
C13346,SP,Sudeste,18-24,2025-04-04
C13347,SP,Sudeste,25-34,2023-03-08
C13348,PE,Nordeste,45-54,2025-02-10
C13349,PR,Sul,25-34,2023-04-27
C13350,SC,Sul,35-44,2024-06-06
C13351,CE,Nordeste,25-34,2023-06-27
C13352,RJ,Sudeste,25-34,2024-04-08
C13353,RS,Sul,45-54,2024-10-01
C13354,RJ,Sudeste,35-44,2022-08-11
C13355,RJ,Sudeste,35-44,2024-09-18
C13356,SC,Sul,35-44,2024-01-16
C13357,RS,Sul,45-54,2023-04-15
C13358,PR,Sul,25-34,2024-07-05
C13359,RJ,Sudeste,45-54,2024-03-31
C13360,SP,Sudeste,18-24,2023-12-08
C13361,PE,Nordeste,45-54,2023-05-02
C13362,RJ,Sudeste,35-44,2025-02-28
C13363,PA,Norte,35-44,2025-01-15
C13364,DF,Centro-Oeste,55+,2022-04-23
C13365,DF,Centro-Oeste,45-54,2025-11-22
C13366,PA,Norte,35-44,2025-03-14
C13367,MG,Sudeste,25-34,2025-03-03
C13368,SP,Sudeste,35-44,2022-02-27
C13369,AM,Norte,25-34,2023-09-13
C13370,RS,Sul,45-54,2022-04-24
C13371,SP,Sudeste,45-54,2025-02-03
C13372,SP,Sudeste,35-44,2025-11-04
C13373,BA,Nordeste,25-34,2025-02-13
C13374,BA,Nordeste,25-34,2022-11-11
C13375,SP,Sudeste,25-34,2025-04-10
C13376,BA,Nordeste,35-44,2023-10-08
C13377,SP,Sudeste,25-34,2022-09-15
C13378,SP,Sudeste,55+,2023-11-16
C13379,SP,Sudeste,25-34,2024-10-31
C13380,PR,Sul,18-24,2025-10-29
C13381,RS,Sul,25-34,2025-08-07
C13382,SP,Sudeste,25-34,2025-06-11
C13383,RJ,Sudeste,35-44,2025-01-28
C13384,SP,Sudeste,35-44,2022-10-15
C13385,RJ,Sudeste,45-54,2025-08-04
C13386,PR,Sul,55+,2023-05-21
C13387,SP,Sudeste,35-44,2024-08-03
C13388,RJ,Sudeste,18-24,2022-07-15
C13389,SP,Sudeste,25-34,2024-11-29
C13390,BA,Nordeste,35-44,2022-10-29
C13391,SP,Sudeste,35-44,2025-01-15
C13392,CE,Nordeste,35-44,2022-08-29
C13393,SP,Sudeste,25-34,2023-12-08
C13394,RJ,Sudeste,45-54,2024-01-11
C13395,RS,Sul,25-34,2025-05-18
C13396,GO,Centro-Oeste,18-24,2023-05-21
C13397,PA,Norte,35-44,2025-08-25
C13398,SP,Sudeste,45-54,2024-01-25
C13399,SP,Sudeste,55+,2024-02-01
C13400,RJ,Sudeste,35-44,2025-02-22
C13401,SP,Sudeste,25-34,2024-07-21
C13402,RS,Sul,35-44,2025-05-04
C13403,SP,Sudeste,45-54,2023-03-14
C13404,RJ,Sudeste,25-34,2023-04-25
C13405,SP,Sudeste,25-34,2025-08-15
C13406,SP,Sudeste,45-54,2022-05-26
C13407,RJ,Sudeste,35-44,2023-01-09
C13408,MG,Sudeste,25-34,2024-09-20
C13409,SP,Sudeste,35-44,2024-07-25
C13410,ES,Sudeste,35-44,2023-11-28
C13411,SP,Sudeste,45-54,2022-12-30
C13412,MG,Sudeste,35-44,2024-03-14
C13413,PR,Sul,25-34,2023-11-30
C13414,MG,Sudeste,25-34,2025-02-02
C13415,MG,Sudeste,35-44,2023-08-08
C13416,PA,Norte,55+,2023-02-18
C13417,SP,Sudeste,25-34,2025-03-26
C13418,SC,Sul,25-34,2023-04-27
C13419,GO,Centro-Oeste,35-44,2023-06-04
C13420,SP,Sudeste,45-54,2023-05-19
C13421,AM,Norte,18-24,2024-09-29
C13422,SC,Sul,45-54,2024-04-10
C13423,PA,Norte,55+,2023-07-08
C13424,RJ,Sudeste,18-24,2024-06-14
C13425,GO,Centro-Oeste,35-44,2025-03-24
C13426,PE,Nordeste,45-54,2024-07-14
C13427,PR,Sul,45-54,2023-12-18
C13428,MG,Sudeste,25-34,2022-08-29
C13429,SP,Sudeste,35-44,2023-09-10
C13430,BA,Nordeste,35-44,2023-02-10
C13431,RJ,Sudeste,18-24,2025-03-28
C13432,SP,Sudeste,25-34,2023-06-02
C13433,DF,Centro-Oeste,35-44,2023-06-28
C13434,SP,Sudeste,45-54,2022-11-28
C13435,SC,Sul,35-44,2025-05-29
C13436,SC,Sul,55+,2022-08-14
C13437,MG,Sudeste,55+,2024-06-14
C13438,SP,Sudeste,35-44,2025-11-12
C13439,RS,Sul,25-34,2024-04-09
C13440,SP,Sudeste,35-44,2025-08-18
C13441,RJ,Sudeste,45-54,2025-05-30
C13442,RS,Sul,18-24,2025-08-20
C13443,PE,Nordeste,25-34,2025-05-26
C13444,RS,Sul,55+,2023-08-19
C13445,SP,Sudeste,45-54,2023-05-01
C13446,SP,Sudeste,45-54,2022-03-21
C13447,SP,Sudeste,35-44,2023-05-21
C13448,MT,Centro-Oeste,25-34,2025-10-06
C13449,RN,Nordeste,45-54,2022-10-23
C13450,BA,Nordeste,25-34,2025-01-21
C13451,RS,Sul,18-24,2025-08-19
C13452,SP,Sudeste,45-54,2024-01-21
C13453,MG,Sudeste,25-34,2024-06-02
C13454,RJ,Sudeste,35-44,2024-06-22
C13455,RJ,Sudeste,55+,2025-11-15
C13456,RJ,Sudeste,25-34,2024-08-21
C13457,PR,Sul,25-34,2023-02-20
C13458,SP,Sudeste,35-44,2023-07-11
C13459,SP,Sudeste,45-54,2022-07-28
C13460,PR,Sul,18-24,2023-08-05
C13461,SP,Sudeste,55+,2024-12-23
C13462,BA,Nordeste,18-24,2025-09-06
C13463,SP,Sudeste,55+,2024-07-27
C13464,MG,Sudeste,35-44,2024-02-17
C13465,SP,Sudeste,45-54,2025-05-15
C13466,SP,Sudeste,55+,2023-10-13
C13467,DF,Centro-Oeste,35-44,2023-11-13
C13468,GO,Centro-Oeste,25-34,2023-10-30
C13469,RJ,Sudeste,45-54,2025-01-23
C13470,SP,Sudeste,55+,2023-02-19
C13471,SP,Sudeste,25-34,2022-07-15
C13472,RJ,Sudeste,45-54,2022-04-22
C13473,RJ,Sudeste,35-44,2025-05-27
C13474,SP,Sudeste,45-54,2025-01-20
C13475,BA,Nordeste,35-44,2024-11-01
C13476,SP,Sudeste,35-44,2023-02-27
C13477,RJ,Sudeste,55+,2023-03-24
C13478,RJ,Sudeste,18-24,2024-02-16
C13479,RJ,Sudeste,55+,2024-05-16
C13480,SP,Sudeste,45-54,2024-06-25
C13481,SP,Sudeste,25-34,2024-08-07
C13482,PR,Sul,45-54,2024-02-09
C13483,CE,Nordeste,25-34,2024-01-30
C13484,SP,Sudeste,35-44,2022-04-24
C13485,CE,Nordeste,45-54,2025-11-02
C13486,RN,Nordeste,35-44,2024-12-20
C13487,ES,Sudeste,18-24,2023-05-30
C13488,SP,Sudeste,25-34,2025-07-24
C13489,SC,Sul,18-24,2023-01-15
C13490,SP,Sudeste,18-24,2024-05-03
C13491,DF,Centro-Oeste,18-24,2022-03-17
C13492,CE,Nordeste,18-24,2022-05-11
C13493,SP,Sudeste,35-44,2024-07-30
C13494,SP,Sudeste,18-24,2023-01-17
C13495,SP,Sudeste,18-24,2022-09-08
C13496,CE,Nordeste,35-44,2024-03-04
C13497,ES,Sudeste,18-24,2023-07-06
C13498,SP,Sudeste,25-34,2024-04-30
C13499,ES,Sudeste,25-34,2023-10-02
C13500,SP,Sudeste,25-34,2023-08-20
C13501,SP,Sudeste,35-44,2025-08-26
C13502,SP,Sudeste,25-34,2023-04-29
C13503,SC,Sul,45-54,2025-09-01
C13504,RS,Sul,35-44,2025-03-14
C13505,PE,Nordeste,35-44,2025-01-15
C13506,RS,Sul,25-34,2025-12-10
C13507,RS,Sul,18-24,2025-10-11
C13508,RJ,Sudeste,25-34,2023-12-27
C13509,ES,Sudeste,55+,2023-05-20
C13510,PE,Nordeste,35-44,2024-07-24
C13511,SP,Sudeste,25-34,2022-04-14
C13512,SP,Sudeste,45-54,2022-12-02
C13513,SP,Sudeste,25-34,2025-06-23
C13514,ES,Sudeste,25-34,2023-10-30
C13515,PR,Sul,35-44,2023-12-07
C13516,RJ,Sudeste,45-54,2022-05-01
C13517,RJ,Sudeste,35-44,2023-03-12
C13518,SC,Sul,25-34,2023-06-07
C13519,MG,Sudeste,18-24,2023-07-08
C13520,SP,Sudeste,35-44,2023-07-03
C13521,RJ,Sudeste,35-44,2024-08-19
C13522,CE,Nordeste,45-54,2024-11-04
C13523,SP,Sudeste,25-34,2024-08-30
C13524,PE,Nordeste,35-44,2023-02-25
C13525,SP,Sudeste,45-54,2023-04-26
C13526,MG,Sudeste,25-34,2023-08-16
C13527,RJ,Sudeste,55+,2024-03-04
C13528,MG,Sudeste,25-34,2024-01-22
C13529,MG,Sudeste,45-54,2025-09-25
C13530,RS,Sul,18-24,2023-04-30
C13531,SP,Sudeste,55+,2022-08-05
C13532,MG,Sudeste,35-44,2025-07-27
C13533,MG,Sudeste,18-24,2023-01-23
C13534,CE,Nordeste,35-44,2024-08-11
C13535,PR,Sul,18-24,2024-05-04
C13536,DF,Centro-Oeste,35-44,2024-07-04
C13537,SP,Sudeste,35-44,2025-08-04
C13538,RJ,Sudeste,35-44,2024-01-28
C13539,RJ,Sudeste,25-34,2023-05-25
C13540,RS,Sul,25-34,2025-04-02
C13541,PR,Sul,25-34,2025-05-29
C13542,MG,Sudeste,35-44,2024-06-03
C13543,DF,Centro-Oeste,55+,2025-03-22
C13544,RJ,Sudeste,35-44,2024-11-03
C13545,GO,Centro-Oeste,35-44,2023-10-12
C13546,RJ,Sudeste,35-44,2023-07-25
C13547,SP,Sudeste,35-44,2023-03-15
C13548,SP,Sudeste,45-54,2024-02-25
C13549,CE,Nordeste,25-34,2022-04-02
C13550,RJ,Sudeste,35-44,2024-09-04
C13551,SP,Sudeste,25-34,2023-12-09
C13552,DF,Centro-Oeste,35-44,2025-01-07
C13553,DF,Centro-Oeste,45-54,2023-03-19
C13554,MG,Sudeste,35-44,2022-08-14
C13555,MG,Sudeste,35-44,2025-12-23
C13556,SP,Sudeste,45-54,2023-08-07
C13557,PR,Sul,35-44,2025-11-02
C13558,PR,Sul,18-24,2022-02-13
C13559,AM,Norte,25-34,2025-05-08
C13560,PA,Norte,35-44,2024-06-25
C13561,RJ,Sudeste,25-34,2024-12-24
C13562,SC,Sul,45-54,2024-11-25
C13563,SP,Sudeste,25-34,2025-02-25
C13564,SP,Sudeste,25-34,2023-06-13
C13565,CE,Nordeste,45-54,2022-04-04
C13566,AM,Norte,35-44,2023-08-14
C13567,PR,Sul,25-34,2022-09-06
C13568,MG,Sudeste,55+,2022-07-29
C13569,SP,Sudeste,35-44,2023-11-27
C13570,SP,Sudeste,25-34,2025-05-15
C13571,PR,Sul,45-54,2025-05-09
C13572,MG,Sudeste,35-44,2025-07-30
C13573,SC,Sul,18-24,2022-04-09
C13574,RJ,Sudeste,35-44,2025-10-09
C13575,CE,Nordeste,25-34,2025-05-08
C13576,PE,Nordeste,35-44,2024-09-09
C13577,SC,Sul,25-34,2025-10-18
C13578,RJ,Sudeste,35-44,2025-07-15
C13579,BA,Nordeste,55+,2025-07-29
C13580,RS,Sul,25-34,2024-03-22
C13581,SP,Sudeste,25-34,2023-01-24
C13582,PE,Nordeste,18-24,2022-12-24
C13583,SP,Sudeste,25-34,2024-12-29
C13584,MG,Sudeste,35-44,2024-05-15
C13585,RJ,Sudeste,25-34,2025-04-07
C13586,PE,Nordeste,45-54,2024-10-09
C13587,SP,Sudeste,25-34,2025-12-21
C13588,RS,Sul,25-34,2025-08-09
C13589,SP,Sudeste,25-34,2025-03-24
C13590,SP,Sudeste,35-44,2024-04-10
C13591,GO,Centro-Oeste,55+,2023-08-23
C13592,SP,Sudeste,25-34,2022-10-31
C13593,MG,Sudeste,25-34,2023-03-27
C13594,SC,Sul,25-34,2024-10-21
C13595,SP,Sudeste,35-44,2025-05-08
C13596,SP,Sudeste,18-24,2023-08-16
C13597,SC,Sul,35-44,2022-04-04
C13598,SP,Sudeste,25-34,2023-10-31
C13599,RJ,Sudeste,45-54,2023-07-20
C13600,SC,Sul,25-34,2025-10-17
C13601,MG,Sudeste,35-44,2025-02-03
C13602,RJ,Sudeste,18-24,2024-04-28
C13603,SP,Sudeste,35-44,2023-11-01
C13604,RJ,Sudeste,55+,2025-02-06
C13605,MG,Sudeste,18-24,2023-11-01
C13606,SP,Sudeste,25-34,2022-09-22
C13607,CE,Nordeste,35-44,2025-05-20
C13608,MG,Sudeste,18-24,2023-07-22
C13609,BA,Nordeste,25-34,2024-01-05
C13610,PE,Nordeste,25-34,2025-12-08
C13611,BA,Nordeste,35-44,2024-11-23
C13612,SC,Sul,35-44,2023-01-25
C13613,PR,Sul,55+,2022-06-24
C13614,DF,Centro-Oeste,18-24,2024-05-28
C13615,PA,Norte,45-54,2024-04-29
C13616,SP,Sudeste,18-24,2025-08-23
C13617,GO,Centro-Oeste,25-34,2024-11-22
C13618,PA,Norte,35-44,2025-01-22
C13619,CE,Nordeste,45-54,2025-04-10
C13620,MG,Sudeste,25-34,2025-08-28
C13621,RJ,Sudeste,18-24,2023-05-31
C13622,SP,Sudeste,25-34,2024-04-30
C13623,PR,Sul,25-34,2025-07-08
C13624,SP,Sudeste,35-44,2025-07-03
C13625,SP,Sudeste,25-34,2023-03-18
C13626,RS,Sul,45-54,2023-06-02
C13627,PE,Nordeste,35-44,2024-04-11
C13628,CE,Nordeste,45-54,2022-12-30
C13629,PE,Nordeste,35-44,2024-02-28
C13630,BA,Nordeste,55+,2024-06-23
C13631,RJ,Sudeste,35-44,2023-11-27
C13632,RJ,Sudeste,25-34,2024-08-20
C13633,SP,Sudeste,55+,2024-01-16
C13634,CE,Nordeste,18-24,2025-03-30
C13635,SP,Sudeste,45-54,2025-01-01
C13636,SP,Sudeste,45-54,2023-04-07
C13637,RJ,Sudeste,25-34,2022-09-23
C13638,ES,Sudeste,25-34,2024-08-13
C13639,CE,Nordeste,45-54,2024-11-13
C13640,SP,Sudeste,25-34,2025-04-13
C13641,RS,Sul,35-44,2025-07-19
C13642,SC,Sul,35-44,2023-07-06
C13643,RJ,Sudeste,25-34,2025-05-29
C13644,MG,Sudeste,35-44,2024-10-20
C13645,SP,Sudeste,35-44,2025-02-01
C13646,SP,Sudeste,55+,2025-08-23
C13647,SP,Sudeste,55+,2025-04-16
C13648,SP,Sudeste,35-44,2023-11-02
C13649,MG,Sudeste,35-44,2025-03-26
C13650,MG,Sudeste,18-24,2024-08-01
C13651,SP,Sudeste,25-34,2024-03-02
C13652,SP,Sudeste,35-44,2022-09-22
C13653,DF,Centro-Oeste,55+,2023-07-27
C13654,ES,Sudeste,35-44,2024-01-07
C13655,SP,Sudeste,25-34,2025-06-27
C13656,SC,Sul,45-54,2024-03-03
C13657,DF,Centro-Oeste,45-54,2024-07-03
C13658,SP,Sudeste,25-34,2025-01-25
C13659,PA,Norte,35-44,2024-10-30
C13660,SP,Sudeste,25-34,2022-10-04
C13661,RJ,Sudeste,55+,2025-04-18
C13662,SP,Sudeste,18-24,2023-05-03
C13663,SP,Sudeste,35-44,2025-11-24
C13664,SC,Sul,45-54,2023-07-15
C13665,RJ,Sudeste,25-34,2023-11-03
C13666,AM,Norte,55+,2025-08-31
C13667,RS,Sul,25-34,2025-08-14
C13668,AM,Norte,55+,2024-05-02
C13669,RJ,Sudeste,25-34,2025-12-27
C13670,PR,Sul,25-34,2024-05-12
C13671,SP,Sudeste,25-34,2023-08-23
C13672,SP,Sudeste,25-34,2022-06-18
C13673,RJ,Sudeste,25-34,2022-07-10
C13674,PR,Sul,25-34,2022-08-19
C13675,BA,Nordeste,45-54,2022-02-28
C13676,BA,Nordeste,18-24,2024-10-24
C13677,MG,Sudeste,35-44,2022-05-09
C13678,BA,Nordeste,45-54,2025-09-23
C13679,RJ,Sudeste,25-34,2023-08-27
C13680,SP,Sudeste,18-24,2024-04-20
C13681,RJ,Sudeste,25-34,2022-07-04
C13682,RJ,Sudeste,55+,2024-04-18
C13683,SC,Sul,18-24,2023-01-26
C13684,MG,Sudeste,18-24,2025-02-17
C13685,PE,Nordeste,45-54,2023-08-06
C13686,MG,Sudeste,45-54,2025-02-07
C13687,SP,Sudeste,45-54,2023-08-16
C13688,SP,Sudeste,18-24,2024-10-12
C13689,SP,Sudeste,25-34,2023-07-24
C13690,SP,Sudeste,25-34,2025-03-03
C13691,SP,Sudeste,35-44,2025-01-11
C13692,PR,Sul,18-24,2024-12-28
C13693,PR,Sul,25-34,2025-01-21
C13694,SP,Sudeste,25-34,2025-07-17
C13695,SP,Sudeste,25-34,2025-11-09
C13696,RJ,Sudeste,45-54,2022-08-28
C13697,DF,Centro-Oeste,45-54,2023-09-25
C13698,SP,Sudeste,35-44,2022-08-05
C13699,RS,Sul,35-44,2022-12-11
C13700,RJ,Sudeste,25-34,2024-07-21
C13701,RJ,Sudeste,25-34,2025-03-19
C13702,RJ,Sudeste,35-44,2025-08-08
C13703,SP,Sudeste,18-24,2025-07-13
C13704,RJ,Sudeste,35-44,2023-06-16
C13705,PR,Sul,35-44,2024-04-26
C13706,SP,Sudeste,45-54,2024-10-23
C13707,SP,Sudeste,25-34,2023-04-10
C13708,PA,Norte,25-34,2024-08-12
C13709,SP,Sudeste,25-34,2024-07-05
C13710,SP,Sudeste,45-54,2024-10-24
C13711,SP,Sudeste,55+,2021-12-10
C13712,RJ,Sudeste,35-44,2023-06-08
C13713,SP,Sudeste,35-44,2025-08-31
C13714,SP,Sudeste,35-44,2025-01-07
C13715,SP,Sudeste,35-44,2024-02-23
C13716,RS,Sul,25-34,2023-04-08
C13717,PR,Sul,25-34,2025-12-23
C13718,BA,Nordeste,25-34,2022-03-30
C13719,SC,Sul,55+,2025-01-26
C13720,PE,Nordeste,25-34,2025-01-06
C13721,SP,Sudeste,35-44,2022-12-21
C13722,MG,Sudeste,35-44,2024-04-14
C13723,RJ,Sudeste,35-44,2024-08-13
C13724,MG,Sudeste,35-44,2025-04-26
C13725,BA,Nordeste,35-44,2023-06-02
C13726,SP,Sudeste,25-34,2025-09-03
C13727,RJ,Sudeste,45-54,2023-10-09
C13728,RJ,Sudeste,25-34,2022-04-14
C13729,SP,Sudeste,55+,2023-07-14
C13730,SP,Sudeste,25-34,2024-05-16
C13731,RJ,Sudeste,25-34,2024-07-07
C13732,PR,Sul,18-24,2024-10-06
C13733,PR,Sul,55+,2023-04-17
C13734,BA,Nordeste,35-44,2023-12-19
C13735,CE,Nordeste,25-34,2023-07-12
C13736,PE,Nordeste,35-44,2022-05-22
C13737,SP,Sudeste,35-44,2024-02-10
C13738,SP,Sudeste,35-44,2024-08-31
C13739,PA,Norte,25-34,2024-12-14
C13740,RJ,Sudeste,35-44,2025-01-22
C13741,PA,Norte,35-44,2024-06-13
C13742,RJ,Sudeste,35-44,2024-01-09
C13743,SP,Sudeste,55+,2025-09-03
C13744,PR,Sul,35-44,2024-01-31
C13745,SP,Sudeste,35-44,2024-06-04
C13746,SP,Sudeste,35-44,2024-01-23
C13747,SP,Sudeste,35-44,2024-07-31
C13748,RJ,Sudeste,25-34,2025-11-08
C13749,PE,Nordeste,45-54,2022-01-09
C13750,MG,Sudeste,25-34,2024-12-05
C13751,ES,Sudeste,35-44,2024-07-04
C13752,RJ,Sudeste,18-24,2022-12-01
C13753,RS,Sul,25-34,2022-11-11
C13754,RJ,Sudeste,35-44,2023-11-21
C13755,SP,Sudeste,45-54,2023-12-18
C13756,RN,Nordeste,35-44,2023-05-19
C13757,SP,Sudeste,18-24,2025-07-06
C13758,RS,Sul,25-34,2024-02-09
C13759,MG,Sudeste,35-44,2025-04-10
C13760,CE,Nordeste,55+,2025-12-05
C13761,BA,Nordeste,45-54,2023-08-04
C13762,SP,Sudeste,18-24,2024-08-17
C13763,SC,Sul,25-34,2022-06-08
C13764,CE,Nordeste,45-54,2025-09-08
C13765,CE,Nordeste,55+,2025-06-09
C13766,RJ,Sudeste,45-54,2025-06-27
C13767,SC,Sul,18-24,2023-01-01
C13768,SP,Sudeste,55+,2022-02-09
C13769,SP,Sudeste,25-34,2022-11-22
C13770,ES,Sudeste,25-34,2024-05-19
C13771,AM,Norte,55+,2023-02-28
C13772,SP,Sudeste,35-44,2023-09-16
C13773,PE,Nordeste,45-54,2024-12-02
C13774,MG,Sudeste,35-44,2025-01-11
C13775,RN,Nordeste,25-34,2023-02-07
C13776,MG,Sudeste,45-54,2025-09-02
C13777,MG,Sudeste,25-34,2024-08-23
C13778,RS,Sul,18-24,2022-08-27
C13779,SP,Sudeste,25-34,2023-08-29
C13780,RJ,Sudeste,55+,2025-10-04
C13781,MG,Sudeste,45-54,2023-05-09
C13782,GO,Centro-Oeste,55+,2023-04-27
C13783,MG,Sudeste,25-34,2023-06-17
C13784,MT,Centro-Oeste,55+,2024-02-10
C13785,SP,Sudeste,25-34,2023-03-18
C13786,RN,Nordeste,18-24,2024-09-19
C13787,MG,Sudeste,25-34,2022-08-16
C13788,MG,Sudeste,25-34,2023-06-15
C13789,SP,Sudeste,45-54,2023-10-16
C13790,SP,Sudeste,18-24,2024-08-13
C13791,SP,Sudeste,35-44,2024-09-06
C13792,DF,Centro-Oeste,25-34,2024-09-09
C13793,SP,Sudeste,45-54,2022-02-17
C13794,PE,Nordeste,45-54,2025-07-14
C13795,SP,Sudeste,55+,2025-08-24
C13796,PR,Sul,35-44,2024-10-04
C13797,DF,Centro-Oeste,18-24,2024-08-13
C13798,SP,Sudeste,55+,2023-09-15
C13799,SC,Sul,25-34,2025-02-14
C13800,SP,Sudeste,45-54,2022-07-23
C13801,PA,Norte,55+,2023-07-26
C13802,PA,Norte,45-54,2025-11-21
C13803,MG,Sudeste,55+,2024-09-01
C13804,MG,Sudeste,35-44,2025-02-28
C13805,SP,Sudeste,25-34,2023-10-01
C13806,SC,Sul,35-44,2023-01-09
C13807,MG,Sudeste,35-44,2023-03-21
C13808,RN,Nordeste,35-44,2025-07-11
C13809,PA,Norte,45-54,2023-11-26
C13810,CE,Nordeste,25-34,2023-10-21
C13811,CE,Nordeste,35-44,2022-09-07
C13812,RJ,Sudeste,25-34,2023-12-02
C13813,ES,Sudeste,25-34,2024-12-25
C13814,MG,Sudeste,25-34,2022-09-10
C13815,MG,Sudeste,25-34,2024-09-03
C13816,SC,Sul,18-24,2024-04-10
C13817,GO,Centro-Oeste,25-34,2024-05-29
C13818,SC,Sul,45-54,2025-07-02
C13819,ES,Sudeste,25-34,2023-05-07
C13820,SP,Sudeste,25-34,2025-01-18
C13821,RJ,Sudeste,45-54,2024-01-20
C13822,RJ,Sudeste,45-54,2025-12-18
C13823,SP,Sudeste,25-34,2024-03-03
C13824,RJ,Sudeste,25-34,2023-10-17
C13825,SP,Sudeste,55+,2022-05-10
C13826,MG,Sudeste,35-44,2022-04-27
C13827,SC,Sul,45-54,2023-06-16
C13828,PA,Norte,25-34,2025-09-23
C13829,SP,Sudeste,55+,2025-03-02
C13830,RS,Sul,25-34,2022-02-13
C13831,RJ,Sudeste,35-44,2025-05-02
C13832,MG,Sudeste,18-24,2024-12-05
C13833,DF,Centro-Oeste,35-44,2024-06-23
C13834,SC,Sul,35-44,2025-05-16
C13835,MG,Sudeste,18-24,2024-04-25
C13836,SC,Sul,25-34,2025-07-19
C13837,SP,Sudeste,55+,2022-09-09
C13838,SP,Sudeste,25-34,2023-12-29
C13839,MG,Sudeste,45-54,2023-10-14
C13840,PE,Nordeste,18-24,2023-07-06
C13841,SP,Sudeste,35-44,2025-02-23
C13842,RJ,Sudeste,35-44,2022-09-25
C13843,BA,Nordeste,55+,2023-03-01
C13844,SP,Sudeste,25-34,2023-08-19
C13845,SP,Sudeste,25-34,2022-06-07
C13846,GO,Centro-Oeste,55+,2025-08-04
C13847,DF,Centro-Oeste,35-44,2025-01-21
C13848,SP,Sudeste,45-54,2024-10-21
C13849,BA,Nordeste,25-34,2024-01-29
C13850,RJ,Sudeste,25-34,2024-04-02
C13851,MG,Sudeste,45-54,2025-08-15
C13852,MG,Sudeste,45-54,2022-08-06
C13853,SP,Sudeste,55+,2022-09-15
C13854,SP,Sudeste,55+,2023-08-20
C13855,BA,Nordeste,35-44,2024-07-11
C13856,SP,Sudeste,45-54,2025-11-24
C13857,SP,Sudeste,45-54,2023-12-06
C13858,SP,Sudeste,55+,2025-05-22
C13859,ES,Sudeste,35-44,2025-08-22
C13860,RS,Sul,35-44,2024-04-20
C13861,SP,Sudeste,35-44,2025-09-12
C13862,SC,Sul,55+,2024-07-01
C13863,SP,Sudeste,35-44,2024-07-25
C13864,SP,Sudeste,35-44,2025-08-17
C13865,SP,Sudeste,25-34,2024-03-08
C13866,ES,Sudeste,45-54,2024-03-22
C13867,SP,Sudeste,55+,2022-09-25
C13868,SP,Sudeste,45-54,2023-10-10
C13869,PA,Norte,45-54,2025-09-10
C13870,SP,Sudeste,35-44,2024-08-28
C13871,DF,Centro-Oeste,45-54,2022-11-09
C13872,RJ,Sudeste,18-24,2025-01-02
C13873,SP,Sudeste,55+,2025-07-03
C13874,SP,Sudeste,45-54,2023-02-17
C13875,RJ,Sudeste,25-34,2022-11-07
C13876,SP,Sudeste,18-24,2024-09-27
C13877,SP,Sudeste,25-34,2025-07-04
C13878,RS,Sul,18-24,2024-04-22
C13879,SP,Sudeste,55+,2023-04-01
C13880,SP,Sudeste,35-44,2025-02-28
C13881,SC,Sul,45-54,2023-08-14
C13882,RS,Sul,45-54,2023-02-28
C13883,SP,Sudeste,45-54,2022-12-08
C13884,MG,Sudeste,25-34,2022-07-18
C13885,SP,Sudeste,35-44,2025-03-07
C13886,RJ,Sudeste,45-54,2024-09-14
C13887,BA,Nordeste,35-44,2022-09-27
C13888,SP,Sudeste,35-44,2022-01-12
C13889,DF,Centro-Oeste,45-54,2024-07-14
C13890,SC,Sul,25-34,2025-03-27
C13891,DF,Centro-Oeste,18-24,2022-12-18
C13892,MG,Sudeste,45-54,2023-07-02
C13893,SC,Sul,25-34,2024-03-08
C13894,RJ,Sudeste,35-44,2024-07-14
C13895,MG,Sudeste,35-44,2023-07-08
C13896,MG,Sudeste,55+,2024-03-19
C13897,PA,Norte,25-34,2024-03-31
C13898,SP,Sudeste,45-54,2024-05-19
C13899,MG,Sudeste,35-44,2022-10-23
C13900,SP,Sudeste,35-44,2024-08-18
C13901,SC,Sul,18-24,2024-06-17
C13902,SC,Sul,45-54,2023-04-20
C13903,RJ,Sudeste,35-44,2024-10-21
C13904,PR,Sul,35-44,2024-12-27
C13905,RS,Sul,45-54,2024-01-21
C13906,MG,Sudeste,18-24,2024-02-09
C13907,GO,Centro-Oeste,35-44,2024-01-12
C13908,RS,Sul,55+,2024-10-13
C13909,CE,Nordeste,35-44,2024-03-05
C13910,SP,Sudeste,35-44,2025-03-13
C13911,RJ,Sudeste,55+,2025-05-15
C13912,PR,Sul,45-54,2022-10-24
C13913,BA,Nordeste,55+,2022-03-27
C13914,SP,Sudeste,25-34,2022-09-13
C13915,BA,Nordeste,35-44,2023-10-27
C13916,SP,Sudeste,25-34,2023-06-07
C13917,SP,Sudeste,55+,2022-05-15
C13918,SP,Sudeste,18-24,2025-10-19
C13919,PR,Sul,35-44,2025-04-19
C13920,RS,Sul,18-24,2023-10-18
C13921,SP,Sudeste,18-24,2024-03-05
C13922,RJ,Sudeste,35-44,2025-06-09
C13923,SP,Sudeste,25-34,2022-05-22
C13924,SP,Sudeste,55+,2025-11-06
C13925,PE,Nordeste,55+,2023-04-12
C13926,BA,Nordeste,35-44,2025-03-24
C13927,DF,Centro-Oeste,35-44,2023-09-30
C13928,PE,Nordeste,55+,2023-09-13
C13929,RN,Nordeste,55+,2025-09-12
C13930,PR,Sul,35-44,2022-12-02
C13931,SP,Sudeste,45-54,2025-11-03
C13932,BA,Nordeste,35-44,2022-08-25
C13933,RJ,Sudeste,35-44,2024-02-19
C13934,SP,Sudeste,35-44,2024-08-18
C13935,SP,Sudeste,25-34,2025-05-02
C13936,PR,Sul,25-34,2024-07-29
C13937,SP,Sudeste,35-44,2023-03-05
C13938,SP,Sudeste,55+,2025-10-26
C13939,SP,Sudeste,35-44,2025-10-04
C13940,SP,Sudeste,35-44,2024-04-12
C13941,PR,Sul,35-44,2023-03-07
C13942,RJ,Sudeste,25-34,2025-06-17
C13943,BA,Nordeste,18-24,2022-09-27
C13944,SP,Sudeste,25-34,2023-12-13
C13945,SP,Sudeste,35-44,2023-06-17
C13946,RJ,Sudeste,35-44,2025-03-03
C13947,BA,Nordeste,25-34,2022-03-27
C13948,BA,Nordeste,35-44,2025-03-21
C13949,CE,Nordeste,45-54,2022-05-09
C13950,ES,Sudeste,55+,2025-01-02
C13951,SP,Sudeste,35-44,2025-03-25
C13952,PE,Nordeste,35-44,2023-01-17
C13953,SP,Sudeste,45-54,2022-12-08
C13954,SP,Sudeste,35-44,2025-09-03
C13955,SP,Sudeste,55+,2024-12-11
C13956,RJ,Sudeste,18-24,2022-07-27
C13957,RS,Sul,18-24,2024-03-10
C13958,BA,Nordeste,25-34,2025-04-07
C13959,PR,Sul,55+,2022-11-05
C13960,PE,Nordeste,45-54,2024-02-12
C13961,PR,Sul,35-44,2023-04-19
C13962,PR,Sul,55+,2023-09-20
C13963,SP,Sudeste,25-34,2024-05-08
C13964,SP,Sudeste,35-44,2023-08-11
C13965,SP,Sudeste,18-24,2024-08-09
C13966,SP,Sudeste,45-54,2025-09-09
C13967,SP,Sudeste,55+,2024-02-28
C13968,PR,Sul,35-44,2022-07-27
C13969,BA,Nordeste,55+,2024-04-11
C13970,SP,Sudeste,25-34,2023-09-23
C13971,RJ,Sudeste,25-34,2025-12-09
C13972,SP,Sudeste,18-24,2022-09-22
C13973,ES,Sudeste,18-24,2023-10-24
C13974,SC,Sul,35-44,2023-10-27
C13975,RS,Sul,18-24,2024-11-20
C13976,ES,Sudeste,45-54,2025-03-23
C13977,PE,Nordeste,35-44,2023-10-13
C13978,SP,Sudeste,45-54,2023-03-16
C13979,SP,Sudeste,25-34,2024-10-12
C13980,AM,Norte,25-34,2024-08-16
C13981,SP,Sudeste,45-54,2024-10-26
C13982,SP,Sudeste,25-34,2025-05-15
C13983,ES,Sudeste,25-34,2023-12-18
C13984,SP,Sudeste,25-34,2025-08-02
C13985,DF,Centro-Oeste,55+,2025-10-19
C13986,BA,Nordeste,25-34,2025-05-12
C13987,SP,Sudeste,35-44,2023-12-28
C13988,PE,Nordeste,45-54,2025-03-29
C13989,SP,Sudeste,25-34,2023-07-12
C13990,RS,Sul,25-34,2025-03-09
C13991,PR,Sul,18-24,2023-10-20
C13992,PE,Nordeste,55+,2024-09-11
C13993,RN,Nordeste,18-24,2024-08-22
C13994,SP,Sudeste,18-24,2025-10-27
C13995,BA,Nordeste,25-34,2023-09-03
C13996,SC,Sul,25-34,2025-08-27
C13997,PR,Sul,25-34,2024-10-23
C13998,SP,Sudeste,35-44,2023-02-21
C13999,MG,Sudeste,35-44,2022-11-20
C14000,PR,Sul,35-44,2025-01-27
C14001,RS,Sul,35-44,2022-09-30
C14002,GO,Centro-Oeste,45-54,2023-08-14
C14003,SP,Sudeste,45-54,2025-11-12
C14004,SP,Sudeste,25-34,2023-12-23
C14005,CE,Nordeste,35-44,2024-10-16
C14006,MG,Sudeste,45-54,2025-09-07
C14007,MG,Sudeste,18-24,2024-08-12
C14008,SP,Sudeste,18-24,2025-07-11
C14009,RN,Nordeste,18-24,2025-01-08
C14010,SP,Sudeste,55+,2023-03-14
C14011,MG,Sudeste,25-34,2025-08-29
C14012,SP,Sudeste,55+,2022-08-27
C14013,PR,Sul,45-54,2022-03-28
C14014,RJ,Sudeste,35-44,2023-11-10
C14015,RJ,Sudeste,25-34,2023-05-24
C14016,RS,Sul,45-54,2022-11-01
C14017,PE,Nordeste,25-34,2025-09-13
C14018,PR,Sul,55+,2023-09-21
C14019,PE,Nordeste,55+,2023-01-31
C14020,SP,Sudeste,55+,2025-12-23
C14021,CE,Nordeste,25-34,2023-11-16
C14022,MG,Sudeste,45-54,2025-08-30
C14023,RJ,Sudeste,25-34,2023-03-15
C14024,GO,Centro-Oeste,25-34,2023-04-06
C14025,PR,Sul,35-44,2024-08-24
C14026,CE,Nordeste,35-44,2025-10-30
C14027,CE,Nordeste,35-44,2025-09-28
C14028,SP,Sudeste,25-34,2024-05-10
C14029,PE,Nordeste,25-34,2023-08-26
C14030,SP,Sudeste,35-44,2022-09-25
C14031,MG,Sudeste,45-54,2025-01-31
C14032,MG,Sudeste,18-24,2024-02-10
C14033,SP,Sudeste,35-44,2023-01-28
C14034,PA,Norte,18-24,2024-02-24
C14035,BA,Nordeste,18-24,2024-01-31
C14036,RJ,Sudeste,45-54,2024-08-17
C14037,SP,Sudeste,55+,2023-08-21
C14038,SP,Sudeste,25-34,2023-08-19
C14039,RS,Sul,45-54,2025-06-10
C14040,MG,Sudeste,45-54,2023-10-23
C14041,MG,Sudeste,18-24,2025-03-31
C14042,PE,Nordeste,55+,2023-08-20
C14043,SP,Sudeste,45-54,2025-01-25
C14044,PE,Nordeste,25-34,2024-09-19
C14045,MG,Sudeste,55+,2025-08-15
C14046,SP,Sudeste,25-34,2023-12-20
C14047,GO,Centro-Oeste,45-54,2024-06-25
C14048,SP,Sudeste,45-54,2022-06-26
C14049,SC,Sul,35-44,2023-09-28
C14050,SP,Sudeste,25-34,2024-11-15
C14051,SP,Sudeste,35-44,2022-07-10
C14052,PR,Sul,18-24,2022-11-08
C14053,MG,Sudeste,45-54,2022-05-05
C14054,SP,Sudeste,45-54,2022-08-08
C14055,RJ,Sudeste,25-34,2024-09-14
C14056,MT,Centro-Oeste,55+,2023-10-03
C14057,SP,Sudeste,25-34,2024-09-15
C14058,SP,Sudeste,25-34,2024-04-19
C14059,BA,Nordeste,35-44,2024-10-02
C14060,SP,Sudeste,25-34,2022-04-25
C14061,BA,Nordeste,25-34,2024-01-25
C14062,SC,Sul,18-24,2025-08-31
C14063,RJ,Sudeste,35-44,2024-05-16
C14064,BA,Nordeste,45-54,2023-11-03
C14065,MG,Sudeste,25-34,2023-07-20
C14066,PR,Sul,55+,2024-02-18
C14067,RJ,Sudeste,18-24,2024-06-14
C14068,RJ,Sudeste,35-44,2025-12-10
C14069,DF,Centro-Oeste,45-54,2024-11-07
C14070,SP,Sudeste,45-54,2023-01-20
C14071,SP,Sudeste,45-54,2024-01-31
C14072,PR,Sul,45-54,2024-02-10
C14073,RS,Sul,55+,2024-04-18
C14074,SP,Sudeste,35-44,2024-07-11
C14075,CE,Nordeste,25-34,2024-07-30
C14076,CE,Nordeste,25-34,2023-07-08
C14077,CE,Nordeste,25-34,2022-07-19
C14078,MG,Sudeste,25-34,2022-09-07
C14079,SP,Sudeste,35-44,2024-10-11
C14080,GO,Centro-Oeste,25-34,2025-01-21
C14081,SP,Sudeste,25-34,2024-02-11
C14082,RJ,Sudeste,35-44,2023-05-01
C14083,MG,Sudeste,35-44,2023-07-07
C14084,PE,Nordeste,45-54,2022-12-05
C14085,SP,Sudeste,35-44,2024-09-21
C14086,RS,Sul,35-44,2025-11-23
C14087,SP,Sudeste,45-54,2023-12-16
C14088,SP,Sudeste,35-44,2025-06-23
C14089,PR,Sul,45-54,2024-04-13
C14090,SP,Sudeste,25-34,2024-04-12
C14091,PR,Sul,35-44,2023-05-03
C14092,BA,Nordeste,45-54,2023-10-19
C14093,MG,Sudeste,18-24,2022-03-29
C14094,SP,Sudeste,18-24,2025-01-05
C14095,SP,Sudeste,35-44,2024-06-14
C14096,PR,Sul,25-34,2022-02-27
C14097,BA,Nordeste,18-24,2021-12-24
C14098,RN,Nordeste,55+,2025-03-28
C14099,SP,Sudeste,25-34,2023-12-24
C14100,RJ,Sudeste,35-44,2023-08-14
C14101,PE,Nordeste,25-34,2022-11-12
C14102,SP,Sudeste,18-24,2025-10-30
C14103,DF,Centro-Oeste,25-34,2022-04-09
C14104,DF,Centro-Oeste,25-34,2023-07-16
C14105,SP,Sudeste,25-34,2024-12-21
C14106,RJ,Sudeste,45-54,2024-06-16
C14107,SP,Sudeste,35-44,2022-05-09
C14108,AM,Norte,25-34,2022-09-15
C14109,RN,Nordeste,18-24,2024-10-31
C14110,MG,Sudeste,45-54,2023-11-10
C14111,MG,Sudeste,35-44,2024-12-10
C14112,RJ,Sudeste,18-24,2022-12-25
C14113,RS,Sul,55+,2025-03-26
C14114,GO,Centro-Oeste,18-24,2024-08-06
C14115,MG,Sudeste,45-54,2024-06-07
C14116,SP,Sudeste,18-24,2024-08-25
C14117,SP,Sudeste,25-34,2024-08-11
C14118,BA,Nordeste,35-44,2023-02-21
C14119,GO,Centro-Oeste,25-34,2025-08-23
C14120,MT,Centro-Oeste,35-44,2025-07-24
C14121,RS,Sul,25-34,2025-08-30
C14122,PE,Nordeste,55+,2023-11-19
C14123,SP,Sudeste,35-44,2025-12-16
C14124,RJ,Sudeste,18-24,2023-10-22
C14125,RS,Sul,45-54,2022-12-14
C14126,SC,Sul,18-24,2023-09-02
C14127,SP,Sudeste,25-34,2024-07-19
C14128,SP,Sudeste,18-24,2024-03-01
C14129,SP,Sudeste,25-34,2025-01-04
C14130,ES,Sudeste,45-54,2022-12-16
C14131,BA,Nordeste,18-24,2025-02-22
C14132,PE,Nordeste,35-44,2025-11-23
C14133,RJ,Sudeste,45-54,2025-04-23
C14134,CE,Nordeste,18-24,2024-03-25
C14135,SP,Sudeste,25-34,2025-02-16
C14136,SP,Sudeste,55+,2025-04-02
C14137,RS,Sul,18-24,2025-09-03
C14138,RJ,Sudeste,35-44,2025-01-24
C14139,SP,Sudeste,35-44,2024-11-19
C14140,SC,Sul,45-54,2022-06-22
C14141,BA,Nordeste,25-34,2022-04-19
C14142,SC,Sul,35-44,2024-01-31
C14143,SC,Sul,45-54,2025-08-01
C14144,MT,Centro-Oeste,25-34,2023-05-05
C14145,MG,Sudeste,35-44,2024-03-03
C14146,GO,Centro-Oeste,25-34,2022-10-22
C14147,SP,Sudeste,25-34,2024-12-22
C14148,MG,Sudeste,18-24,2022-12-10
C14149,SP,Sudeste,25-34,2024-12-03
C14150,GO,Centro-Oeste,25-34,2023-07-09
C14151,RS,Sul,25-34,2024-12-27
C14152,MG,Sudeste,25-34,2023-11-13
C14153,SP,Sudeste,25-34,2023-06-19
C14154,SP,Sudeste,18-24,2025-09-22
C14155,MG,Sudeste,18-24,2022-05-17
C14156,PR,Sul,35-44,2024-09-27
C14157,MG,Sudeste,45-54,2025-03-02
C14158,GO,Centro-Oeste,18-24,2024-03-03
C14159,ES,Sudeste,55+,2024-11-08
C14160,RJ,Sudeste,25-34,2022-05-29
C14161,RJ,Sudeste,25-34,2025-01-31
C14162,SP,Sudeste,25-34,2024-10-12
C14163,SP,Sudeste,25-34,2023-09-01
C14164,BA,Nordeste,35-44,2025-08-19
C14165,PE,Nordeste,45-54,2025-07-17
C14166,DF,Centro-Oeste,25-34,2023-11-28
C14167,SP,Sudeste,55+,2022-10-04
C14168,ES,Sudeste,18-24,2021-12-17
C14169,RS,Sul,25-34,2025-05-17
C14170,SP,Sudeste,35-44,2025-03-19
C14171,SC,Sul,45-54,2023-06-27
C14172,SP,Sudeste,35-44,2025-04-13
C14173,RS,Sul,35-44,2023-02-14
C14174,SP,Sudeste,35-44,2022-11-09
C14175,SP,Sudeste,55+,2024-06-07
C14176,RJ,Sudeste,25-34,2022-08-11
C14177,SP,Sudeste,25-34,2024-08-20
C14178,SP,Sudeste,35-44,2022-09-12
C14179,MG,Sudeste,45-54,2024-11-27
C14180,MG,Sudeste,45-54,2023-01-28
C14181,RS,Sul,35-44,2023-10-18
C14182,SP,Sudeste,45-54,2022-02-07
C14183,MG,Sudeste,35-44,2024-05-02
C14184,AM,Norte,55+,2025-09-29
C14185,SP,Sudeste,35-44,2024-10-21
C14186,PA,Norte,35-44,2025-05-23
C14187,AM,Norte,18-24,2024-01-15
C14188,DF,Centro-Oeste,45-54,2025-10-21
C14189,BA,Nordeste,55+,2025-04-12
C14190,RJ,Sudeste,25-34,2023-04-21
C14191,PR,Sul,45-54,2025-04-02
C14192,AM,Norte,25-34,2022-11-29
C14193,SP,Sudeste,25-34,2022-12-27
C14194,MG,Sudeste,35-44,2024-02-24
C14195,MG,Sudeste,25-34,2025-01-26
C14196,CE,Nordeste,25-34,2024-12-05
C14197,SP,Sudeste,35-44,2024-12-09
C14198,MG,Sudeste,25-34,2024-09-11
C14199,RS,Sul,25-34,2025-11-02
C14200,MG,Sudeste,45-54,2025-05-25
C14201,MG,Sudeste,55+,2022-09-03
C14202,BA,Nordeste,35-44,2025-10-09
C14203,MG,Sudeste,25-34,2022-09-12
C14204,MG,Sudeste,35-44,2022-10-11
C14205,RJ,Sudeste,25-34,2025-02-18
C14206,PE,Nordeste,18-24,2023-11-11
C14207,ES,Sudeste,45-54,2025-05-23
C14208,RJ,Sudeste,25-34,2023-10-29
C14209,SP,Sudeste,25-34,2025-03-27
C14210,PR,Sul,45-54,2024-09-09
C14211,SP,Sudeste,25-34,2025-04-09
C14212,RS,Sul,18-24,2025-03-29
C14213,SP,Sudeste,35-44,2024-07-15
C14214,SP,Sudeste,25-34,2023-04-17
C14215,SP,Sudeste,25-34,2025-04-04
C14216,BA,Nordeste,55+,2024-02-16
C14217,RJ,Sudeste,35-44,2023-07-27
C14218,SP,Sudeste,25-34,2025-04-02
C14219,BA,Nordeste,35-44,2024-02-22
C14220,RS,Sul,25-34,2023-07-24
C14221,DF,Centro-Oeste,35-44,2022-09-20
C14222,RJ,Sudeste,35-44,2025-01-22
C14223,RS,Sul,45-54,2022-09-10
C14224,MG,Sudeste,35-44,2025-08-23
C14225,SP,Sudeste,35-44,2023-08-12
C14226,SP,Sudeste,35-44,2024-10-25
C14227,SP,Sudeste,18-24,2022-04-25
C14228,BA,Nordeste,55+,2022-08-04
C14229,SP,Sudeste,35-44,2023-03-06
C14230,GO,Centro-Oeste,18-24,2025-12-19
C14231,SP,Sudeste,25-34,2023-06-08
C14232,RJ,Sudeste,25-34,2022-08-12
C14233,SP,Sudeste,18-24,2023-06-21
C14234,SC,Sul,35-44,2025-02-02
C14235,SP,Sudeste,35-44,2025-12-14
C14236,CE,Nordeste,45-54,2024-01-26
C14237,BA,Nordeste,18-24,2024-03-19
C14238,GO,Centro-Oeste,25-34,2024-08-08
C14239,SP,Sudeste,35-44,2023-01-26
C14240,RS,Sul,35-44,2025-03-31
C14241,SP,Sudeste,55+,2023-04-24
C14242,PE,Nordeste,35-44,2022-10-05
C14243,PA,Norte,55+,2025-12-29
C14244,SP,Sudeste,55+,2022-07-21
C14245,BA,Nordeste,45-54,2023-08-30
C14246,MG,Sudeste,25-34,2024-10-30
C14247,RS,Sul,25-34,2024-12-29
C14248,SP,Sudeste,25-34,2024-02-29
C14249,DF,Centro-Oeste,55+,2025-02-05
C14250,DF,Centro-Oeste,25-34,2023-09-11
C14251,SP,Sudeste,25-34,2023-06-09
C14252,MG,Sudeste,45-54,2023-07-27
C14253,ES,Sudeste,35-44,2025-09-08
C14254,SP,Sudeste,35-44,2025-09-24
C14255,DF,Centro-Oeste,25-34,2024-07-24
C14256,CE,Nordeste,25-34,2024-08-25
C14257,SP,Sudeste,25-34,2025-10-22
C14258,SP,Sudeste,55+,2023-08-18
C14259,CE,Nordeste,45-54,2025-11-09
C14260,SP,Sudeste,35-44,2023-12-07
C14261,RJ,Sudeste,45-54,2025-06-15
C14262,SP,Sudeste,18-24,2025-08-30
C14263,DF,Centro-Oeste,25-34,2023-07-01
C14264,BA,Nordeste,45-54,2024-10-22
C14265,SC,Sul,25-34,2025-11-12
C14266,RJ,Sudeste,55+,2025-11-08
C14267,SP,Sudeste,35-44,2024-12-10
C14268,SP,Sudeste,18-24,2025-11-29
C14269,SC,Sul,45-54,2023-07-29
C14270,RJ,Sudeste,35-44,2024-08-31
C14271,GO,Centro-Oeste,25-34,2024-12-15
C14272,MG,Sudeste,45-54,2022-11-03
C14273,PE,Nordeste,25-34,2023-01-13
C14274,ES,Sudeste,25-34,2023-10-08
C14275,SP,Sudeste,55+,2024-12-20
C14276,MG,Sudeste,25-34,2024-05-26
C14277,SP,Sudeste,18-24,2024-04-15
C14278,ES,Sudeste,55+,2023-02-12
C14279,RJ,Sudeste,55+,2024-09-19
C14280,RJ,Sudeste,18-24,2024-01-01
C14281,RS,Sul,45-54,2022-06-21
C14282,PR,Sul,25-34,2022-01-04
C14283,RJ,Sudeste,25-34,2022-07-14
C14284,RJ,Sudeste,55+,2025-12-04
C14285,RJ,Sudeste,35-44,2022-08-03
C14286,RJ,Sudeste,55+,2025-09-23
C14287,RJ,Sudeste,35-44,2025-10-19
C14288,SP,Sudeste,45-54,2024-01-14
C14289,GO,Centro-Oeste,25-34,2024-12-10
C14290,SC,Sul,35-44,2024-09-30
C14291,SP,Sudeste,25-34,2024-01-23
C14292,RJ,Sudeste,35-44,2023-02-12
C14293,MG,Sudeste,25-34,2023-08-12
C14294,SP,Sudeste,25-34,2025-03-04
C14295,RJ,Sudeste,25-34,2023-04-25
C14296,MG,Sudeste,18-24,2025-03-08
C14297,MG,Sudeste,35-44,2022-05-22
C14298,MG,Sudeste,45-54,2024-04-25
C14299,RJ,Sudeste,18-24,2025-11-11
C14300,RJ,Sudeste,25-34,2022-03-10
C14301,PA,Norte,18-24,2022-09-05
C14302,RJ,Sudeste,25-34,2024-08-24
C14303,SP,Sudeste,35-44,2022-03-08
C14304,PR,Sul,25-34,2025-04-18
C14305,MG,Sudeste,55+,2024-12-06
C14306,SP,Sudeste,45-54,2022-08-26
C14307,MG,Sudeste,55+,2023-06-07
C14308,MT,Centro-Oeste,35-44,2025-08-09
C14309,RJ,Sudeste,35-44,2023-07-12
C14310,BA,Nordeste,35-44,2025-04-17
C14311,MG,Sudeste,25-34,2024-09-23
C14312,SP,Sudeste,35-44,2024-02-24
C14313,SP,Sudeste,25-34,2022-11-09
C14314,RS,Sul,35-44,2022-08-22
C14315,MG,Sudeste,35-44,2024-09-13
C14316,SP,Sudeste,35-44,2023-03-20
C14317,SP,Sudeste,35-44,2023-07-15
C14318,MG,Sudeste,55+,2023-04-04
C14319,RS,Sul,35-44,2021-12-17
C14320,MG,Sudeste,45-54,2023-03-14
C14321,MG,Sudeste,35-44,2022-05-21
C14322,SC,Sul,18-24,2024-12-05
C14323,RJ,Sudeste,35-44,2023-06-21
C14324,SP,Sudeste,25-34,2025-10-13
C14325,SP,Sudeste,25-34,2025-07-12
C14326,SP,Sudeste,25-34,2025-01-23
C14327,DF,Centro-Oeste,55+,2025-09-17
C14328,SP,Sudeste,45-54,2023-05-02
C14329,PE,Nordeste,35-44,2025-04-23
C14330,SP,Sudeste,25-34,2023-11-08
C14331,SP,Sudeste,18-24,2024-11-17
C14332,SC,Sul,35-44,2022-05-29
C14333,RJ,Sudeste,18-24,2024-02-14
C14334,SP,Sudeste,45-54,2022-10-13
C14335,CE,Nordeste,35-44,2024-06-17
C14336,SP,Sudeste,35-44,2025-08-10
C14337,SP,Sudeste,18-24,2022-09-14
C14338,MG,Sudeste,35-44,2024-10-06
C14339,PR,Sul,25-34,2025-06-08
C14340,MG,Sudeste,45-54,2022-12-20
C14341,SP,Sudeste,25-34,2023-10-22
C14342,SP,Sudeste,55+,2025-03-26
C14343,RS,Sul,45-54,2024-01-28
C14344,SP,Sudeste,25-34,2025-01-07
C14345,SC,Sul,55+,2023-10-18
C14346,SP,Sudeste,45-54,2025-10-25
C14347,SP,Sudeste,35-44,2024-11-09
C14348,RS,Sul,25-34,2024-01-11
C14349,SP,Sudeste,25-34,2025-11-26
C14350,MG,Sudeste,18-24,2023-04-06
C14351,SP,Sudeste,25-34,2025-06-26
C14352,SP,Sudeste,25-34,2025-07-27
C14353,SP,Sudeste,18-24,2024-01-10
C14354,RJ,Sudeste,55+,2024-02-03
C14355,SP,Sudeste,55+,2024-10-15
C14356,SP,Sudeste,25-34,2024-02-03
C14357,SC,Sul,35-44,2025-08-09
C14358,SP,Sudeste,25-34,2023-06-08
C14359,RJ,Sudeste,25-34,2024-08-29
C14360,BA,Nordeste,55+,2025-07-18
C14361,SP,Sudeste,55+,2022-02-25
C14362,SP,Sudeste,25-34,2022-02-25
C14363,SP,Sudeste,55+,2022-08-02
C14364,MG,Sudeste,45-54,2023-03-07
C14365,SP,Sudeste,35-44,2025-03-06
C14366,SP,Sudeste,55+,2023-09-10
C14367,SP,Sudeste,35-44,2025-05-03
C14368,MG,Sudeste,35-44,2023-05-02
C14369,MG,Sudeste,55+,2025-12-18
C14370,MG,Sudeste,35-44,2025-01-08
C14371,SP,Sudeste,35-44,2025-09-06
C14372,SP,Sudeste,55+,2025-03-29
C14373,SP,Sudeste,35-44,2024-11-07
C14374,RN,Nordeste,45-54,2024-11-24
C14375,MG,Sudeste,35-44,2023-01-17
C14376,SP,Sudeste,45-54,2025-07-13
C14377,SP,Sudeste,25-34,2024-01-08
C14378,MG,Sudeste,25-34,2023-01-31
C14379,RJ,Sudeste,35-44,2023-08-03
C14380,PR,Sul,45-54,2022-08-05
C14381,BA,Nordeste,55+,2024-02-28
C14382,AM,Norte,18-24,2023-01-04
C14383,MG,Sudeste,25-34,2023-03-25
C14384,SP,Sudeste,25-34,2025-05-22
C14385,PR,Sul,35-44,2022-04-29
C14386,SP,Sudeste,35-44,2025-06-10
C14387,PA,Norte,35-44,2023-11-08
C14388,SP,Sudeste,55+,2024-05-19
C14389,MG,Sudeste,35-44,2022-08-21
C14390,CE,Nordeste,35-44,2025-10-08
C14391,MG,Sudeste,35-44,2024-01-06
C14392,SP,Sudeste,35-44,2023-09-27
C14393,GO,Centro-Oeste,18-24,2025-03-28
C14394,RJ,Sudeste,35-44,2025-11-28
C14395,SP,Sudeste,35-44,2023-03-02
C14396,SP,Sudeste,18-24,2024-10-07
C14397,SP,Sudeste,35-44,2024-01-11
C14398,BA,Nordeste,25-34,2023-07-25
C14399,MG,Sudeste,25-34,2025-03-19
C14400,BA,Nordeste,35-44,2025-12-30
C14401,SP,Sudeste,25-34,2025-09-02
C14402,RJ,Sudeste,45-54,2024-05-11
C14403,DF,Centro-Oeste,45-54,2023-08-28
C14404,SP,Sudeste,25-34,2023-10-14
C14405,RS,Sul,25-34,2025-01-31
C14406,RJ,Sudeste,35-44,2024-09-18
C14407,SC,Sul,18-24,2025-09-26
C14408,SP,Sudeste,25-34,2025-12-07
C14409,RS,Sul,35-44,2024-02-02
C14410,PR,Sul,45-54,2024-12-19
C14411,RJ,Sudeste,35-44,2022-01-13
C14412,SP,Sudeste,25-34,2023-06-23
C14413,PE,Nordeste,18-24,2025-10-23
C14414,SC,Sul,35-44,2023-02-04
C14415,SP,Sudeste,35-44,2024-02-18
C14416,SC,Sul,25-34,2023-02-07
C14417,SP,Sudeste,35-44,2022-04-20
C14418,MG,Sudeste,25-34,2023-05-20
C14419,SP,Sudeste,25-34,2022-05-05
C14420,BA,Nordeste,18-24,2022-06-10
C14421,PE,Nordeste,35-44,2022-07-07
C14422,SP,Sudeste,25-34,2022-06-05
C14423,BA,Nordeste,45-54,2025-04-03
C14424,MG,Sudeste,18-24,2024-06-24
C14425,DF,Centro-Oeste,25-34,2025-05-26
C14426,MG,Sudeste,45-54,2024-08-26
C14427,AM,Norte,45-54,2023-08-30
C14428,MG,Sudeste,25-34,2023-07-30
C14429,MG,Sudeste,45-54,2024-11-09
C14430,SP,Sudeste,45-54,2024-04-25
C14431,BA,Nordeste,35-44,2023-05-15
C14432,DF,Centro-Oeste,18-24,2023-08-19
C14433,SP,Sudeste,25-34,2023-08-09
C14434,SP,Sudeste,35-44,2024-05-23
C14435,MG,Sudeste,25-34,2023-07-30
C14436,RS,Sul,55+,2024-12-16
C14437,CE,Nordeste,25-34,2024-06-18
C14438,RJ,Sudeste,45-54,2022-08-20
C14439,SP,Sudeste,35-44,2023-05-11
C14440,MG,Sudeste,45-54,2025-03-03
C14441,MG,Sudeste,25-34,2025-12-11
C14442,SP,Sudeste,45-54,2024-11-29
C14443,SP,Sudeste,55+,2024-11-15
C14444,SP,Sudeste,45-54,2023-03-20
C14445,MG,Sudeste,18-24,2023-05-19
C14446,GO,Centro-Oeste,35-44,2022-11-19
C14447,MG,Sudeste,35-44,2023-11-17
C14448,RS,Sul,55+,2025-04-16
C14449,BA,Nordeste,45-54,2022-03-18
C14450,MG,Sudeste,35-44,2023-09-09
C14451,RS,Sul,55+,2025-10-20
C14452,PR,Sul,35-44,2025-03-16
C14453,SC,Sul,45-54,2023-02-15
C14454,MG,Sudeste,35-44,2024-06-18
C14455,RS,Sul,25-34,2023-01-27
C14456,BA,Nordeste,35-44,2025-11-14
C14457,PA,Norte,35-44,2023-06-11
C14458,MG,Sudeste,18-24,2022-08-25
C14459,RJ,Sudeste,25-34,2023-05-09
C14460,SP,Sudeste,25-34,2025-02-19
C14461,PE,Nordeste,25-34,2024-07-26
C14462,RS,Sul,25-34,2024-04-26
C14463,RJ,Sudeste,55+,2023-12-15
C14464,MG,Sudeste,25-34,2023-12-07
C14465,MG,Sudeste,35-44,2023-08-13
C14466,SP,Sudeste,45-54,2024-03-05
C14467,RJ,Sudeste,55+,2025-10-12
C14468,MG,Sudeste,18-24,2024-05-22
C14469,RS,Sul,55+,2022-06-11
C14470,RN,Nordeste,35-44,2024-11-05
C14471,CE,Nordeste,35-44,2024-05-14
C14472,SC,Sul,25-34,2023-11-02
C14473,SP,Sudeste,35-44,2022-07-18
C14474,SP,Sudeste,35-44,2024-07-30
C14475,RJ,Sudeste,35-44,2024-06-20
C14476,AM,Norte,35-44,2025-04-20
C14477,RS,Sul,25-34,2024-05-18
C14478,SP,Sudeste,18-24,2023-01-21
C14479,SP,Sudeste,25-34,2023-06-18
C14480,BA,Nordeste,25-34,2024-03-08
C14481,BA,Nordeste,25-34,2024-09-29
C14482,PR,Sul,25-34,2023-07-30
C14483,MG,Sudeste,18-24,2025-01-13
C14484,SP,Sudeste,35-44,2022-06-16
C14485,RS,Sul,55+,2024-08-02
C14486,SP,Sudeste,45-54,2022-03-12
C14487,MG,Sudeste,25-34,2022-05-22
C14488,SP,Sudeste,25-34,2025-05-15
C14489,GO,Centro-Oeste,45-54,2023-09-25
C14490,SP,Sudeste,45-54,2023-12-14
C14491,SP,Sudeste,45-54,2022-12-24
C14492,SP,Sudeste,35-44,2023-03-28
C14493,CE,Nordeste,35-44,2024-07-07
C14494,RJ,Sudeste,18-24,2022-12-04
C14495,PR,Sul,45-54,2023-09-03
C14496,RS,Sul,55+,2022-07-09
C14497,PE,Nordeste,45-54,2022-04-27
C14498,MG,Sudeste,25-34,2024-01-22
C14499,SP,Sudeste,45-54,2025-01-08
C14500,SP,Sudeste,55+,2023-08-08
C14501,RJ,Sudeste,25-34,2024-06-07
C14502,SP,Sudeste,35-44,2023-02-14
C14503,PA,Norte,35-44,2022-06-11
C14504,SP,Sudeste,35-44,2024-05-15
C14505,DF,Centro-Oeste,45-54,2023-11-06
C14506,PE,Nordeste,45-54,2025-12-19
C14507,MG,Sudeste,35-44,2022-06-16
C14508,SP,Sudeste,45-54,2025-06-30
C14509,SP,Sudeste,25-34,2024-07-14
C14510,BA,Nordeste,45-54,2025-11-28
C14511,RS,Sul,55+,2025-07-21
C14512,SC,Sul,45-54,2023-09-27
C14513,SP,Sudeste,55+,2023-10-28
C14514,GO,Centro-Oeste,45-54,2024-02-04
C14515,SP,Sudeste,45-54,2023-12-03
C14516,SP,Sudeste,25-34,2024-05-26
C14517,SP,Sudeste,25-34,2022-11-03
C14518,MG,Sudeste,35-44,2025-06-08
C14519,SP,Sudeste,45-54,2024-04-23
C14520,SP,Sudeste,55+,2025-03-02
C14521,PR,Sul,45-54,2024-07-29
C14522,PR,Sul,35-44,2025-03-02
C14523,RJ,Sudeste,25-34,2023-05-07
C14524,PE,Nordeste,18-24,2025-02-28
C14525,BA,Nordeste,35-44,2023-08-20
C14526,SP,Sudeste,35-44,2023-08-25
C14527,SP,Sudeste,25-34,2025-04-06
C14528,MG,Sudeste,25-34,2024-03-13
C14529,SC,Sul,45-54,2023-05-08
C14530,RJ,Sudeste,55+,2024-12-15
C14531,SP,Sudeste,25-34,2024-05-22
C14532,GO,Centro-Oeste,25-34,2023-06-13
C14533,SP,Sudeste,45-54,2023-11-30
C14534,ES,Sudeste,35-44,2023-01-04
C14535,MG,Sudeste,35-44,2025-12-04
C14536,SP,Sudeste,35-44,2023-01-21
C14537,AM,Norte,35-44,2023-01-16
C14538,BA,Nordeste,55+,2022-11-04
C14539,SP,Sudeste,18-24,2025-11-02
C14540,PR,Sul,45-54,2023-04-17
C14541,RS,Sul,35-44,2025-03-02
C14542,MG,Sudeste,18-24,2025-07-09
C14543,ES,Sudeste,35-44,2023-08-11
C14544,SP,Sudeste,45-54,2024-04-01
C14545,SP,Sudeste,35-44,2025-02-06
C14546,SP,Sudeste,35-44,2024-12-08
C14547,RJ,Sudeste,35-44,2025-04-08
C14548,AM,Norte,18-24,2025-08-06
C14549,PE,Nordeste,45-54,2024-08-13
C14550,MG,Sudeste,25-34,2025-12-05
C14551,RJ,Sudeste,55+,2023-03-13
C14552,SP,Sudeste,55+,2024-01-08
C14553,PA,Norte,55+,2024-05-26
C14554,RS,Sul,45-54,2022-05-19
C14555,SC,Sul,35-44,2022-07-09
C14556,SP,Sudeste,45-54,2025-02-05
C14557,CE,Nordeste,35-44,2024-05-21
C14558,RJ,Sudeste,45-54,2023-03-03
C14559,SP,Sudeste,45-54,2025-11-23
C14560,SP,Sudeste,25-34,2021-12-17
C14561,SP,Sudeste,45-54,2023-06-18
C14562,CE,Nordeste,55+,2024-10-26
C14563,SP,Sudeste,25-34,2024-10-12
C14564,SP,Sudeste,25-34,2025-12-11
C14565,SP,Sudeste,35-44,2024-02-03
C14566,DF,Centro-Oeste,55+,2024-08-13
C14567,SP,Sudeste,18-24,2022-06-30
C14568,RS,Sul,25-34,2023-10-01
C14569,SP,Sudeste,25-34,2022-09-23
C14570,SP,Sudeste,25-34,2024-05-25
C14571,RJ,Sudeste,45-54,2023-06-19
C14572,RS,Sul,25-34,2024-02-09
C14573,SP,Sudeste,25-34,2022-04-22
C14574,BA,Nordeste,25-34,2024-09-24
C14575,SP,Sudeste,45-54,2023-12-26
C14576,AM,Norte,35-44,2022-09-22
C14577,MG,Sudeste,18-24,2025-09-15
C14578,RJ,Sudeste,18-24,2024-10-28
C14579,SP,Sudeste,25-34,2024-01-28
C14580,SC,Sul,45-54,2023-01-13
C14581,SC,Sul,25-34,2022-08-23
C14582,RJ,Sudeste,45-54,2023-01-02
C14583,SP,Sudeste,35-44,2024-07-09
C14584,MG,Sudeste,18-24,2025-08-11
C14585,RS,Sul,25-34,2023-10-17
C14586,SP,Sudeste,35-44,2025-03-05
C14587,SP,Sudeste,18-24,2022-10-03
C14588,DF,Centro-Oeste,35-44,2024-07-04
C14589,SP,Sudeste,45-54,2024-12-16
C14590,SP,Sudeste,25-34,2025-04-14
C14591,BA,Nordeste,18-24,2022-11-22
C14592,RS,Sul,45-54,2023-03-19
C14593,SP,Sudeste,25-34,2024-06-02
C14594,SP,Sudeste,18-24,2022-11-14
C14595,SP,Sudeste,35-44,2024-01-05
C14596,SP,Sudeste,55+,2023-07-30
C14597,SP,Sudeste,18-24,2024-12-18
C14598,SP,Sudeste,45-54,2024-02-08
C14599,MG,Sudeste,45-54,2023-06-01
C14600,BA,Nordeste,55+,2022-06-24
C14601,DF,Centro-Oeste,55+,2023-04-14
C14602,MT,Centro-Oeste,25-34,2022-09-18
C14603,RJ,Sudeste,25-34,2025-04-10
C14604,SP,Sudeste,25-34,2025-02-12
C14605,ES,Sudeste,45-54,2023-03-21
C14606,RS,Sul,35-44,2023-05-13
C14607,SP,Sudeste,18-24,2024-09-03
C14608,SP,Sudeste,35-44,2025-09-12
C14609,MG,Sudeste,18-24,2025-02-10
C14610,MG,Sudeste,18-24,2023-02-09
C14611,RS,Sul,25-34,2025-07-19
C14612,SP,Sudeste,55+,2024-12-03
C14613,PA,Norte,45-54,2025-05-05
C14614,SC,Sul,55+,2022-04-13
C14615,SP,Sudeste,25-34,2024-11-06
C14616,RJ,Sudeste,35-44,2023-01-24
C14617,MG,Sudeste,25-34,2025-07-15
C14618,MT,Centro-Oeste,25-34,2022-09-06
C14619,PA,Norte,35-44,2024-03-03
C14620,SP,Sudeste,35-44,2022-08-21
C14621,RJ,Sudeste,25-34,2022-08-30
C14622,ES,Sudeste,45-54,2024-09-18
C14623,RJ,Sudeste,45-54,2022-07-08
C14624,MG,Sudeste,25-34,2023-07-30
C14625,BA,Nordeste,55+,2024-11-01
C14626,SP,Sudeste,45-54,2022-04-20
C14627,SP,Sudeste,35-44,2023-05-31
C14628,MG,Sudeste,35-44,2025-10-14
C14629,PR,Sul,25-34,2024-10-01
C14630,SP,Sudeste,55+,2025-05-18
C14631,SP,Sudeste,55+,2024-12-17
C14632,BA,Nordeste,55+,2025-08-02
C14633,AM,Norte,45-54,2025-11-09
C14634,RS,Sul,18-24,2024-01-07
C14635,BA,Nordeste,25-34,2023-05-11
C14636,MG,Sudeste,35-44,2024-09-28
C14637,BA,Nordeste,25-34,2023-11-05
C14638,PR,Sul,25-34,2024-08-29
C14639,SP,Sudeste,35-44,2024-03-27
C14640,SP,Sudeste,18-24,2022-09-26
C14641,SP,Sudeste,18-24,2024-08-21
C14642,SP,Sudeste,35-44,2023-12-02
C14643,MG,Sudeste,55+,2023-06-28
C14644,SP,Sudeste,45-54,2023-08-06
C14645,SP,Sudeste,25-34,2022-02-12
C14646,SC,Sul,35-44,2023-11-17
C14647,RJ,Sudeste,18-24,2021-12-15
C14648,BA,Nordeste,25-34,2025-03-10
C14649,RS,Sul,25-34,2023-11-01
C14650,PR,Sul,35-44,2023-06-22
C14651,CE,Nordeste,35-44,2025-01-28
C14652,SP,Sudeste,35-44,2023-06-09
C14653,SP,Sudeste,18-24,2024-11-05
C14654,MT,Centro-Oeste,35-44,2023-08-08
C14655,SC,Sul,35-44,2023-02-23
C14656,MG,Sudeste,25-34,2023-10-20
C14657,BA,Nordeste,45-54,2023-07-29
C14658,RS,Sul,25-34,2025-12-24
C14659,PA,Norte,35-44,2025-05-02
C14660,DF,Centro-Oeste,35-44,2023-10-25
C14661,SP,Sudeste,55+,2025-10-16
C14662,BA,Nordeste,25-34,2024-07-04
C14663,RS,Sul,25-34,2024-03-31
C14664,SP,Sudeste,25-34,2023-03-01
C14665,SP,Sudeste,25-34,2024-02-20
C14666,MG,Sudeste,35-44,2024-02-01
C14667,RJ,Sudeste,45-54,2022-07-30
C14668,SP,Sudeste,45-54,2025-02-02
C14669,RS,Sul,18-24,2024-12-26
C14670,CE,Nordeste,35-44,2025-07-06
C14671,BA,Nordeste,25-34,2025-08-01
C14672,GO,Centro-Oeste,55+,2025-02-17
C14673,BA,Nordeste,25-34,2025-12-01
C14674,RN,Nordeste,25-34,2024-04-10
C14675,SP,Sudeste,25-34,2023-01-24
C14676,GO,Centro-Oeste,18-24,2025-05-08
C14677,PR,Sul,18-24,2025-05-22
C14678,SP,Sudeste,55+,2025-08-29
C14679,SP,Sudeste,45-54,2024-04-03
C14680,DF,Centro-Oeste,35-44,2024-09-28
C14681,SP,Sudeste,55+,2025-04-15
C14682,SP,Sudeste,45-54,2024-08-09
C14683,MG,Sudeste,55+,2023-03-04
C14684,MG,Sudeste,35-44,2025-09-16
C14685,DF,Centro-Oeste,18-24,2022-11-11
C14686,RS,Sul,25-34,2024-04-22
C14687,MG,Sudeste,45-54,2024-05-05
C14688,CE,Nordeste,45-54,2025-11-02
C14689,SP,Sudeste,25-34,2023-09-27
C14690,SP,Sudeste,55+,2025-01-03
C14691,RS,Sul,45-54,2022-12-12
C14692,SC,Sul,35-44,2024-06-27
C14693,SP,Sudeste,35-44,2025-03-31
C14694,SP,Sudeste,25-34,2023-01-15
C14695,RS,Sul,45-54,2023-10-22
C14696,SP,Sudeste,35-44,2022-10-22
C14697,SP,Sudeste,45-54,2025-12-28
C14698,DF,Centro-Oeste,18-24,2023-09-04
C14699,RJ,Sudeste,25-34,2024-04-24
C14700,MG,Sudeste,35-44,2025-08-28
C14701,RS,Sul,55+,2023-04-04
C14702,SP,Sudeste,18-24,2023-03-06
C14703,MG,Sudeste,25-34,2023-08-11
C14704,ES,Sudeste,25-34,2025-01-01
C14705,MG,Sudeste,35-44,2022-08-15
C14706,RN,Nordeste,25-34,2022-03-26
C14707,BA,Nordeste,25-34,2022-08-11
C14708,SP,Sudeste,25-34,2024-04-06
C14709,RS,Sul,55+,2024-12-24
C14710,SP,Sudeste,25-34,2025-03-29
C14711,BA,Nordeste,45-54,2023-07-20
C14712,SP,Sudeste,25-34,2025-06-08
C14713,SP,Sudeste,45-54,2025-04-13
C14714,RJ,Sudeste,25-34,2022-04-23
C14715,ES,Sudeste,18-24,2022-08-24
C14716,MG,Sudeste,55+,2023-01-15
C14717,GO,Centro-Oeste,18-24,2025-12-15
C14718,SP,Sudeste,18-24,2024-02-25
C14719,SP,Sudeste,45-54,2023-07-10
C14720,SP,Sudeste,25-34,2025-04-08
C14721,MG,Sudeste,35-44,2023-06-01
C14722,SP,Sudeste,55+,2022-11-12
C14723,SP,Sudeste,25-34,2023-01-05
C14724,RJ,Sudeste,35-44,2025-07-07
C14725,SP,Sudeste,35-44,2024-02-13
C14726,RS,Sul,55+,2024-07-08
C14727,PE,Nordeste,35-44,2025-03-24
C14728,SP,Sudeste,35-44,2021-12-09
C14729,AM,Norte,25-34,2022-02-06
C14730,PE,Nordeste,35-44,2024-11-08
C14731,SP,Sudeste,45-54,2024-11-06
C14732,SP,Sudeste,55+,2025-01-15
C14733,GO,Centro-Oeste,25-34,2023-03-25
C14734,PE,Nordeste,55+,2022-08-15
C14735,SC,Sul,18-24,2024-11-07
C14736,BA,Nordeste,45-54,2024-10-06
C14737,SP,Sudeste,25-34,2022-12-10
C14738,SP,Sudeste,18-24,2024-06-06
C14739,MG,Sudeste,25-34,2022-08-25
C14740,BA,Nordeste,25-34,2024-08-22
C14741,SP,Sudeste,35-44,2025-03-02
C14742,SP,Sudeste,55+,2024-08-30
C14743,MG,Sudeste,45-54,2025-02-17
C14744,RS,Sul,35-44,2024-03-15
C14745,SP,Sudeste,35-44,2025-01-05
C14746,CE,Nordeste,25-34,2023-01-16
C14747,SP,Sudeste,45-54,2025-07-31
C14748,SP,Sudeste,25-34,2023-05-02
C14749,SP,Sudeste,35-44,2024-07-11
C14750,RS,Sul,45-54,2024-11-11
C14751,SP,Sudeste,25-34,2024-08-18
C14752,RN,Nordeste,35-44,2023-05-28
C14753,CE,Nordeste,45-54,2025-04-14
C14754,RS,Sul,25-34,2023-06-20
C14755,RN,Nordeste,45-54,2022-05-07
C14756,MG,Sudeste,35-44,2024-02-28
C14757,SC,Sul,35-44,2024-04-11
C14758,MG,Sudeste,18-24,2024-09-09
C14759,MG,Sudeste,35-44,2023-11-20
C14760,PR,Sul,45-54,2023-11-12
C14761,SP,Sudeste,45-54,2022-06-17
C14762,CE,Nordeste,45-54,2023-10-22
C14763,SC,Sul,45-54,2024-08-08
C14764,SP,Sudeste,35-44,2022-04-11
C14765,SP,Sudeste,18-24,2024-11-06
C14766,SP,Sudeste,55+,2022-02-17
C14767,SC,Sul,35-44,2023-05-12
C14768,SP,Sudeste,55+,2022-11-16
C14769,PE,Nordeste,45-54,2025-12-31
C14770,BA,Nordeste,25-34,2022-09-20
C14771,RJ,Sudeste,35-44,2025-04-26
C14772,RJ,Sudeste,35-44,2023-02-15
C14773,GO,Centro-Oeste,25-34,2024-10-16
C14774,RJ,Sudeste,35-44,2022-03-29
C14775,SP,Sudeste,35-44,2023-10-15
C14776,MG,Sudeste,18-24,2022-08-12
C14777,PA,Norte,45-54,2022-09-26
C14778,DF,Centro-Oeste,18-24,2024-01-23
C14779,RS,Sul,35-44,2025-02-25
C14780,RS,Sul,35-44,2025-04-08
C14781,MG,Sudeste,45-54,2023-11-04
C14782,MG,Sudeste,35-44,2025-12-31
C14783,RJ,Sudeste,18-24,2024-07-09
C14784,SP,Sudeste,35-44,2023-06-19
C14785,SP,Sudeste,35-44,2025-01-18
C14786,PE,Nordeste,55+,2022-11-08
C14787,SP,Sudeste,35-44,2024-05-27
C14788,SP,Sudeste,45-54,2024-04-03
C14789,MG,Sudeste,55+,2025-04-24
C14790,SP,Sudeste,18-24,2024-10-25
C14791,SP,Sudeste,25-34,2022-10-26
C14792,RS,Sul,35-44,2023-10-09
C14793,SC,Sul,25-34,2024-05-16
C14794,SP,Sudeste,25-34,2024-04-07
C14795,RS,Sul,18-24,2025-03-14
C14796,SP,Sudeste,45-54,2022-09-30
C14797,BA,Nordeste,25-34,2022-10-16
C14798,SP,Sudeste,25-34,2022-07-01
C14799,RJ,Sudeste,35-44,2022-07-18
C14800,SP,Sudeste,25-34,2024-04-05
C14801,SP,Sudeste,35-44,2023-10-27
C14802,RS,Sul,35-44,2024-09-09
C14803,RJ,Sudeste,25-34,2023-10-28
C14804,MG,Sudeste,35-44,2022-10-15
C14805,PR,Sul,45-54,2023-04-23
C14806,SP,Sudeste,45-54,2023-07-19
C14807,SP,Sudeste,45-54,2022-09-26
C14808,SC,Sul,35-44,2024-04-30
C14809,DF,Centro-Oeste,35-44,2024-09-15
C14810,SP,Sudeste,25-34,2023-10-27
C14811,SP,Sudeste,35-44,2025-08-24
C14812,RJ,Sudeste,25-34,2024-07-24
C14813,PE,Nordeste,35-44,2025-11-20
C14814,RS,Sul,55+,2024-02-24
C14815,SP,Sudeste,25-34,2025-07-17
C14816,AM,Norte,25-34,2024-08-30
C14817,BA,Nordeste,35-44,2024-11-13
C14818,BA,Nordeste,55+,2022-03-19
C14819,SP,Sudeste,45-54,2024-03-28
C14820,SP,Sudeste,35-44,2022-04-14
C14821,MG,Sudeste,25-34,2022-01-20
C14822,SP,Sudeste,45-54,2023-06-13
C14823,SP,Sudeste,18-24,2025-05-02
C14824,PR,Sul,35-44,2025-07-10
C14825,SP,Sudeste,25-34,2022-05-06
C14826,MG,Sudeste,25-34,2024-06-09
C14827,RS,Sul,45-54,2023-09-08
C14828,RJ,Sudeste,25-34,2023-02-04
C14829,SP,Sudeste,25-34,2025-05-03
C14830,SP,Sudeste,35-44,2025-05-15
C14831,MG,Sudeste,25-34,2023-08-10
C14832,SP,Sudeste,35-44,2023-03-29
C14833,SP,Sudeste,55+,2024-07-11
C14834,MG,Sudeste,55+,2022-04-02
C14835,SP,Sudeste,25-34,2023-07-29
C14836,SC,Sul,55+,2022-09-30
C14837,PE,Nordeste,18-24,2025-06-24
C14838,RS,Sul,55+,2024-12-10
C14839,SP,Sudeste,25-34,2024-01-08
C14840,DF,Centro-Oeste,45-54,2025-03-19
C14841,PA,Norte,35-44,2024-10-03
C14842,DF,Centro-Oeste,25-34,2023-06-12
C14843,PE,Nordeste,55+,2024-02-22
C14844,RJ,Sudeste,35-44,2025-08-27
C14845,SP,Sudeste,35-44,2025-04-22
C14846,PE,Nordeste,25-34,2024-12-22
C14847,SP,Sudeste,35-44,2022-04-21
C14848,GO,Centro-Oeste,45-54,2025-08-21
C14849,SP,Sudeste,35-44,2024-05-06
C14850,MG,Sudeste,25-34,2024-06-04
C14851,SP,Sudeste,35-44,2024-11-26
C14852,SP,Sudeste,18-24,2023-04-26
C14853,SP,Sudeste,25-34,2025-05-21
C14854,MG,Sudeste,35-44,2024-02-28
C14855,BA,Nordeste,35-44,2024-08-15
C14856,MG,Sudeste,25-34,2024-03-20
C14857,RS,Sul,35-44,2023-07-26
C14858,GO,Centro-Oeste,45-54,2023-04-24
C14859,ES,Sudeste,35-44,2022-07-31
C14860,RJ,Sudeste,45-54,2023-10-16
C14861,RN,Nordeste,25-34,2025-12-06
C14862,PR,Sul,35-44,2022-10-13
C14863,MG,Sudeste,55+,2025-01-04
C14864,DF,Centro-Oeste,18-24,2025-11-04
C14865,ES,Sudeste,35-44,2025-09-05
C14866,PR,Sul,35-44,2025-09-08
C14867,SP,Sudeste,35-44,2023-10-17
C14868,SP,Sudeste,25-34,2024-08-08
C14869,GO,Centro-Oeste,25-34,2022-12-27
C14870,SP,Sudeste,45-54,2023-10-09
C14871,SP,Sudeste,35-44,2022-12-31
C14872,SP,Sudeste,25-34,2025-08-08
C14873,SP,Sudeste,35-44,2025-05-29
C14874,SP,Sudeste,25-34,2024-05-11
C14875,PE,Nordeste,18-24,2024-12-01
C14876,SP,Sudeste,55+,2025-03-26
C14877,SP,Sudeste,45-54,2022-11-18
C14878,SP,Sudeste,45-54,2024-07-27
C14879,SP,Sudeste,25-34,2025-01-09
C14880,SP,Sudeste,25-34,2025-09-28
C14881,DF,Centro-Oeste,35-44,2022-09-13
C14882,BA,Nordeste,25-34,2023-07-18
C14883,BA,Nordeste,35-44,2025-06-05
C14884,GO,Centro-Oeste,55+,2024-10-05
C14885,BA,Nordeste,25-34,2024-10-21
C14886,PR,Sul,25-34,2025-06-02
C14887,SP,Sudeste,55+,2023-03-22
C14888,PE,Nordeste,55+,2025-03-21
C14889,SP,Sudeste,25-34,2025-05-23
C14890,RJ,Sudeste,35-44,2025-06-30
C14891,MT,Centro-Oeste,25-34,2024-01-03
C14892,SP,Sudeste,35-44,2023-07-19
C14893,MG,Sudeste,35-44,2025-07-17
C14894,BA,Nordeste,25-34,2025-05-13
C14895,SP,Sudeste,55+,2025-10-30
C14896,SP,Sudeste,35-44,2024-03-14
C14897,PR,Sul,25-34,2025-10-19
C14898,PE,Nordeste,25-34,2025-12-13
C14899,MG,Sudeste,25-34,2024-01-15
C14900,RJ,Sudeste,35-44,2025-11-04
C14901,RS,Sul,25-34,2025-04-27
C14902,MG,Sudeste,25-34,2022-06-20
C14903,RJ,Sudeste,45-54,2025-03-01
C14904,SP,Sudeste,25-34,2025-09-28
C14905,DF,Centro-Oeste,25-34,2024-12-19
C14906,SP,Sudeste,45-54,2023-08-10
C14907,ES,Sudeste,45-54,2025-07-07
C14908,MG,Sudeste,25-34,2023-07-04
C14909,SP,Sudeste,35-44,2024-12-19
C14910,SP,Sudeste,18-24,2023-03-21
C14911,RJ,Sudeste,25-34,2023-04-03
C14912,RJ,Sudeste,25-34,2022-08-28
C14913,SP,Sudeste,55+,2023-12-09
C14914,RS,Sul,45-54,2025-08-04
C14915,SP,Sudeste,55+,2022-07-31
C14916,PR,Sul,45-54,2024-02-16
C14917,RS,Sul,35-44,2025-03-28
C14918,SC,Sul,25-34,2024-07-29
C14919,SC,Sul,35-44,2022-12-05
C14920,MG,Sudeste,35-44,2024-10-14
C14921,SP,Sudeste,25-34,2022-11-20
C14922,SP,Sudeste,55+,2025-03-29
C14923,RJ,Sudeste,35-44,2025-10-30
C14924,SP,Sudeste,25-34,2024-06-27
C14925,MG,Sudeste,45-54,2024-01-08
C14926,RS,Sul,35-44,2024-03-30
C14927,PE,Nordeste,35-44,2025-04-19
C14928,RJ,Sudeste,45-54,2022-08-19
C14929,GO,Centro-Oeste,45-54,2025-01-05
C14930,MG,Sudeste,35-44,2025-09-27
C14931,BA,Nordeste,25-34,2022-05-15
C14932,SP,Sudeste,18-24,2025-05-12
C14933,PR,Sul,55+,2025-11-12
C14934,RJ,Sudeste,35-44,2024-01-02
C14935,ES,Sudeste,45-54,2022-11-18
C14936,PR,Sul,45-54,2025-09-08
C14937,MT,Centro-Oeste,45-54,2023-02-22
C14938,BA,Nordeste,35-44,2025-03-31
C14939,AM,Norte,45-54,2024-05-17
C14940,PE,Nordeste,25-34,2022-10-14
C14941,SP,Sudeste,45-54,2023-12-12
C14942,SP,Sudeste,45-54,2022-01-02
C14943,SP,Sudeste,55+,2022-08-23
C14944,SP,Sudeste,35-44,2022-12-19
C14945,SP,Sudeste,45-54,2025-06-20
C14946,PR,Sul,35-44,2023-09-18
C14947,RS,Sul,55+,2023-07-31
C14948,PE,Nordeste,35-44,2022-10-06
C14949,SP,Sudeste,25-34,2024-01-23
C14950,GO,Centro-Oeste,45-54,2025-02-14
C14951,RS,Sul,45-54,2025-09-12
C14952,MG,Sudeste,55+,2025-08-05
C14953,AM,Norte,45-54,2024-09-29
C14954,SP,Sudeste,35-44,2024-01-31
C14955,SP,Sudeste,55+,2024-03-11
C14956,PR,Sul,25-34,2022-08-03
C14957,CE,Nordeste,35-44,2023-08-05
C14958,PR,Sul,35-44,2023-02-08
C14959,MG,Sudeste,25-34,2024-12-31
C14960,MG,Sudeste,18-24,2024-12-19
C14961,MG,Sudeste,25-34,2025-12-17
C14962,MT,Centro-Oeste,35-44,2022-08-22
C14963,SP,Sudeste,35-44,2025-01-10
C14964,GO,Centro-Oeste,18-24,2025-06-26
C14965,SP,Sudeste,45-54,2024-11-14
C14966,MG,Sudeste,18-24,2024-10-08
C14967,MG,Sudeste,55+,2024-11-11
C14968,GO,Centro-Oeste,35-44,2023-03-15
C14969,RS,Sul,18-24,2023-10-18
C14970,SP,Sudeste,35-44,2023-05-30
C14971,SP,Sudeste,25-34,2023-11-26
C14972,BA,Nordeste,35-44,2022-10-30
C14973,RS,Sul,55+,2023-12-20
C14974,SP,Sudeste,45-54,2025-02-02
C14975,RN,Nordeste,25-34,2024-05-20
C14976,PE,Nordeste,25-34,2025-01-16
C14977,RJ,Sudeste,55+,2024-04-03
C14978,SP,Sudeste,25-34,2024-05-22
C14979,SP,Sudeste,25-34,2025-08-17
C14980,PR,Sul,25-34,2025-10-21
C14981,DF,Centro-Oeste,35-44,2024-11-12
C14982,GO,Centro-Oeste,55+,2024-05-31
C14983,RS,Sul,35-44,2025-04-30
C14984,SP,Sudeste,55+,2022-06-17
C14985,RS,Sul,25-34,2025-06-03
C14986,RJ,Sudeste,25-34,2023-05-05
C14987,RJ,Sudeste,55+,2022-07-13
C14988,SP,Sudeste,25-34,2024-06-19
C14989,PR,Sul,55+,2023-11-21
C14990,MG,Sudeste,25-34,2025-12-31
C14991,BA,Nordeste,35-44,2024-11-05
C14992,SP,Sudeste,45-54,2023-03-26
C14993,GO,Centro-Oeste,55+,2023-10-15
C14994,GO,Centro-Oeste,25-34,2023-01-19
C14995,BA,Nordeste,35-44,2023-04-27
C14996,SP,Sudeste,45-54,2023-06-03
C14997,RS,Sul,35-44,2024-02-20
C14998,SP,Sudeste,45-54,2024-11-05
C14999,MG,Sudeste,45-54,2023-07-05
C15000,RJ,Sudeste,35-44,2025-05-09
C15001,BA,Nordeste,25-34,2025-07-25
C15002,SP,Sudeste,25-34,2023-07-17
C15003,SP,Sudeste,35-44,2022-12-06
C15004,CE,Nordeste,25-34,2024-07-20
C15005,MG,Sudeste,25-34,2023-12-01
C15006,RS,Sul,25-34,2024-08-23
C15007,RJ,Sudeste,25-34,2025-05-07
C15008,SP,Sudeste,35-44,2024-07-11
C15009,RJ,Sudeste,25-34,2023-07-03
C15010,SP,Sudeste,25-34,2023-05-25
C15011,RS,Sul,25-34,2025-08-02
C15012,DF,Centro-Oeste,25-34,2024-04-27
C15013,BA,Nordeste,55+,2025-03-09
C15014,GO,Centro-Oeste,35-44,2023-01-21
C15015,MG,Sudeste,35-44,2022-01-11
C15016,RJ,Sudeste,25-34,2024-02-12
C15017,MG,Sudeste,45-54,2023-06-05
C15018,RS,Sul,35-44,2022-07-13
C15019,MG,Sudeste,55+,2024-03-07
C15020,SP,Sudeste,45-54,2025-08-30
C15021,SP,Sudeste,55+,2024-11-05
C15022,PR,Sul,25-34,2023-11-20
C15023,SP,Sudeste,25-34,2024-12-24
C15024,RJ,Sudeste,25-34,2025-06-17
C15025,MG,Sudeste,35-44,2025-01-09
C15026,PE,Nordeste,35-44,2025-12-31
C15027,RJ,Sudeste,55+,2025-05-25
C15028,MG,Sudeste,35-44,2025-08-03
C15029,RS,Sul,18-24,2025-05-28
C15030,PR,Sul,25-34,2025-02-11
C15031,RS,Sul,55+,2022-09-20
C15032,MG,Sudeste,25-34,2023-10-11
C15033,RJ,Sudeste,45-54,2025-10-10
C15034,SC,Sul,25-34,2023-10-21
C15035,SP,Sudeste,45-54,2024-04-02
C15036,RS,Sul,18-24,2025-02-02
C15037,SP,Sudeste,18-24,2025-01-15
C15038,SC,Sul,55+,2022-12-06
C15039,PE,Nordeste,18-24,2023-02-17
C15040,BA,Nordeste,25-34,2025-10-30
C15041,SC,Sul,25-34,2023-10-14
C15042,SP,Sudeste,35-44,2024-02-12
C15043,SP,Sudeste,25-34,2024-08-30
C15044,SP,Sudeste,25-34,2024-08-29
C15045,RS,Sul,45-54,2024-05-18
C15046,MG,Sudeste,55+,2023-11-21
C15047,RJ,Sudeste,25-34,2025-10-18
C15048,RJ,Sudeste,35-44,2024-01-07
C15049,RS,Sul,25-34,2022-11-08
C15050,SP,Sudeste,25-34,2025-01-25
C15051,PE,Nordeste,35-44,2023-12-25
C15052,GO,Centro-Oeste,45-54,2025-03-19
C15053,SP,Sudeste,35-44,2025-06-30
C15054,DF,Centro-Oeste,25-34,2023-03-04
C15055,SP,Sudeste,18-24,2025-10-12
C15056,RJ,Sudeste,55+,2025-01-21
C15057,MG,Sudeste,35-44,2022-03-27
C15058,RS,Sul,35-44,2022-11-21
C15059,ES,Sudeste,35-44,2024-06-04
C15060,RJ,Sudeste,18-24,2023-11-19
C15061,SP,Sudeste,25-34,2025-09-04
C15062,SP,Sudeste,35-44,2025-08-27
C15063,SP,Sudeste,18-24,2025-04-19
C15064,SP,Sudeste,45-54,2024-04-19
C15065,SP,Sudeste,25-34,2024-07-19
C15066,RJ,Sudeste,25-34,2024-04-20
C15067,SP,Sudeste,35-44,2023-04-26
C15068,BA,Nordeste,45-54,2025-05-01
C15069,RS,Sul,35-44,2023-03-24
C15070,PR,Sul,45-54,2022-12-05
C15071,SP,Sudeste,25-34,2025-01-17
C15072,CE,Nordeste,25-34,2023-08-21
C15073,PR,Sul,35-44,2024-12-18
C15074,RJ,Sudeste,55+,2024-08-28
C15075,SP,Sudeste,35-44,2023-04-01
C15076,PE,Nordeste,55+,2022-09-24
C15077,DF,Centro-Oeste,25-34,2024-01-10
C15078,SP,Sudeste,25-34,2025-01-31
C15079,PA,Norte,55+,2023-04-10
C15080,SP,Sudeste,45-54,2022-12-07
C15081,RJ,Sudeste,18-24,2024-11-11
C15082,SP,Sudeste,18-24,2023-08-27
C15083,PR,Sul,18-24,2025-03-07
C15084,SP,Sudeste,25-34,2023-12-05
C15085,BA,Nordeste,35-44,2024-09-11
C15086,DF,Centro-Oeste,25-34,2023-06-27
C15087,SP,Sudeste,25-34,2023-12-23
C15088,SP,Sudeste,35-44,2022-12-07
C15089,AM,Norte,25-34,2025-02-15
C15090,PR,Sul,18-24,2023-12-22
C15091,RJ,Sudeste,45-54,2025-05-07
C15092,RJ,Sudeste,35-44,2023-04-20
C15093,SP,Sudeste,35-44,2024-01-26
C15094,ES,Sudeste,45-54,2024-04-11
C15095,PA,Norte,55+,2023-08-02
C15096,DF,Centro-Oeste,55+,2025-05-27
C15097,RJ,Sudeste,25-34,2024-03-09
C15098,SP,Sudeste,18-24,2024-03-24
C15099,BA,Nordeste,45-54,2024-09-26
C15100,MG,Sudeste,55+,2023-04-04
C15101,MG,Sudeste,55+,2024-06-09
C15102,RS,Sul,45-54,2023-12-31
C15103,PE,Nordeste,25-34,2022-04-03
C15104,DF,Centro-Oeste,55+,2025-02-12
C15105,PE,Nordeste,25-34,2023-12-30
C15106,PR,Sul,18-24,2025-12-13
C15107,SP,Sudeste,55+,2025-10-14
C15108,SP,Sudeste,25-34,2024-07-25
C15109,SP,Sudeste,25-34,2024-03-17
C15110,GO,Centro-Oeste,25-34,2022-11-04
C15111,DF,Centro-Oeste,25-34,2025-06-24
C15112,RS,Sul,18-24,2024-03-21
C15113,RJ,Sudeste,35-44,2024-03-17
C15114,SP,Sudeste,35-44,2022-09-03
C15115,SC,Sul,25-34,2022-09-02
C15116,RS,Sul,25-34,2023-12-03
C15117,SP,Sudeste,18-24,2025-04-08
C15118,DF,Centro-Oeste,35-44,2024-04-05
C15119,CE,Nordeste,35-44,2022-08-07
C15120,SP,Sudeste,18-24,2023-03-12
C15121,MG,Sudeste,35-44,2024-04-27
C15122,SP,Sudeste,18-24,2024-04-23
C15123,SP,Sudeste,25-34,2023-02-28
C15124,MT,Centro-Oeste,25-34,2024-11-13
C15125,RS,Sul,25-34,2023-05-30
C15126,RJ,Sudeste,35-44,2025-05-22
C15127,BA,Nordeste,35-44,2025-02-28
C15128,SP,Sudeste,25-34,2023-04-24
C15129,SP,Sudeste,25-34,2022-12-16
C15130,SP,Sudeste,55+,2025-01-20
C15131,ES,Sudeste,55+,2023-12-09
C15132,RJ,Sudeste,25-34,2022-08-15
C15133,RS,Sul,18-24,2025-03-20
C15134,SP,Sudeste,35-44,2024-10-18
C15135,PE,Nordeste,35-44,2024-09-25
C15136,BA,Nordeste,35-44,2023-06-24
C15137,SC,Sul,18-24,2023-02-06
C15138,GO,Centro-Oeste,25-34,2022-03-01
C15139,RJ,Sudeste,25-34,2024-04-02
C15140,SP,Sudeste,35-44,2025-07-02
C15141,MG,Sudeste,25-34,2025-06-03
C15142,SP,Sudeste,45-54,2022-05-11
C15143,SP,Sudeste,35-44,2023-03-24
C15144,SP,Sudeste,55+,2022-12-24
C15145,BA,Nordeste,25-34,2024-08-22
C15146,RS,Sul,25-34,2023-12-22
C15147,MG,Sudeste,35-44,2025-04-17
C15148,SP,Sudeste,25-34,2023-07-03
C15149,SP,Sudeste,35-44,2025-06-23
C15150,SP,Sudeste,35-44,2025-06-19
C15151,SP,Sudeste,45-54,2023-06-04
C15152,PE,Nordeste,25-34,2025-11-10
C15153,PR,Sul,35-44,2022-11-06
C15154,SP,Sudeste,35-44,2024-01-17
C15155,RJ,Sudeste,35-44,2024-05-07
C15156,SP,Sudeste,55+,2024-10-11
C15157,SP,Sudeste,55+,2022-02-01
C15158,SP,Sudeste,25-34,2024-03-10
C15159,PE,Nordeste,55+,2023-06-13
C15160,PE,Nordeste,35-44,2024-12-24
C15161,PE,Nordeste,35-44,2023-05-04
C15162,RJ,Sudeste,25-34,2023-10-05
C15163,ES,Sudeste,35-44,2025-10-28
C15164,SP,Sudeste,45-54,2022-11-14
C15165,RS,Sul,55+,2024-07-12
C15166,SP,Sudeste,45-54,2023-04-03
C15167,PR,Sul,18-24,2023-05-12
C15168,SC,Sul,55+,2025-09-10
C15169,DF,Centro-Oeste,45-54,2025-02-08
C15170,CE,Nordeste,35-44,2024-03-04
C15171,DF,Centro-Oeste,45-54,2024-04-30
C15172,RJ,Sudeste,35-44,2024-03-04
C15173,RS,Sul,25-34,2025-10-06
C15174,BA,Nordeste,55+,2025-01-12
C15175,SP,Sudeste,25-34,2024-02-11
C15176,SP,Sudeste,35-44,2024-08-30
C15177,SC,Sul,35-44,2024-01-17
C15178,BA,Nordeste,45-54,2025-04-15
C15179,BA,Nordeste,25-34,2022-06-09
C15180,MG,Sudeste,25-34,2025-10-03
C15181,RJ,Sudeste,35-44,2024-01-17
C15182,SP,Sudeste,35-44,2022-04-30
C15183,MG,Sudeste,35-44,2025-02-27
C15184,RS,Sul,25-34,2025-09-22
C15185,SP,Sudeste,35-44,2024-07-05
C15186,SP,Sudeste,25-34,2024-12-18
C15187,SP,Sudeste,55+,2024-01-02
C15188,SP,Sudeste,18-24,2023-08-02
C15189,MG,Sudeste,35-44,2025-04-19
C15190,SP,Sudeste,35-44,2025-04-24
C15191,BA,Nordeste,35-44,2023-10-18
C15192,SP,Sudeste,55+,2024-10-23
C15193,SP,Sudeste,25-34,2025-04-29
C15194,PR,Sul,25-34,2025-06-17
C15195,BA,Nordeste,18-24,2023-10-11
C15196,RJ,Sudeste,18-24,2023-11-26
C15197,MG,Sudeste,25-34,2022-02-28
C15198,GO,Centro-Oeste,55+,2022-02-07
C15199,AM,Norte,45-54,2023-03-09
C15200,MG,Sudeste,25-34,2025-02-20
C15201,SP,Sudeste,35-44,2025-08-13
C15202,SP,Sudeste,25-34,2023-12-17
C15203,SP,Sudeste,25-34,2024-10-29
C15204,SC,Sul,25-34,2025-08-08
C15205,RS,Sul,25-34,2024-07-22
C15206,RS,Sul,18-24,2023-11-28
C15207,SP,Sudeste,45-54,2025-06-14
C15208,SP,Sudeste,25-34,2021-12-30
C15209,BA,Nordeste,55+,2023-01-24
C15210,SP,Sudeste,18-24,2023-09-07
C15211,SP,Sudeste,45-54,2025-09-06
C15212,SP,Sudeste,35-44,2025-06-24
C15213,SP,Sudeste,25-34,2024-01-10
C15214,RJ,Sudeste,45-54,2022-05-29
C15215,PR,Sul,55+,2024-05-01
C15216,SP,Sudeste,45-54,2025-03-03
C15217,RJ,Sudeste,55+,2022-06-22
C15218,PR,Sul,45-54,2025-10-09
C15219,MG,Sudeste,25-34,2022-06-10
C15220,RJ,Sudeste,25-34,2022-10-01
C15221,CE,Nordeste,55+,2025-02-19
C15222,SP,Sudeste,35-44,2022-08-09
C15223,RJ,Sudeste,45-54,2024-07-07
C15224,ES,Sudeste,35-44,2025-11-22
C15225,MG,Sudeste,35-44,2025-05-29
C15226,PA,Norte,45-54,2022-01-06
C15227,SP,Sudeste,18-24,2024-06-22
C15228,MG,Sudeste,25-34,2023-05-05
C15229,SC,Sul,25-34,2025-02-26
C15230,SP,Sudeste,35-44,2023-08-23
C15231,SP,Sudeste,35-44,2023-03-04
C15232,RJ,Sudeste,18-24,2023-07-26
C15233,CE,Nordeste,35-44,2022-03-21
C15234,RJ,Sudeste,35-44,2025-03-28
C15235,SP,Sudeste,25-34,2025-09-01
C15236,GO,Centro-Oeste,35-44,2022-08-22
C15237,PR,Sul,25-34,2023-12-30
C15238,SP,Sudeste,35-44,2023-04-06
C15239,SC,Sul,18-24,2023-06-12
C15240,DF,Centro-Oeste,35-44,2025-12-22
C15241,BA,Nordeste,25-34,2025-08-30
C15242,MG,Sudeste,25-34,2024-11-29
C15243,GO,Centro-Oeste,45-54,2023-08-08
C15244,SP,Sudeste,35-44,2025-08-07
C15245,SP,Sudeste,35-44,2024-03-31
C15246,RS,Sul,25-34,2023-08-29
C15247,MG,Sudeste,25-34,2022-07-21
C15248,SP,Sudeste,25-34,2023-01-04
C15249,ES,Sudeste,25-34,2024-04-11
C15250,SP,Sudeste,35-44,2025-06-25
C15251,SP,Sudeste,35-44,2024-12-04
C15252,RJ,Sudeste,25-34,2022-10-24
C15253,GO,Centro-Oeste,18-24,2024-09-19
C15254,RJ,Sudeste,25-34,2024-08-20
C15255,DF,Centro-Oeste,18-24,2022-12-29
C15256,SP,Sudeste,35-44,2025-07-12
C15257,RJ,Sudeste,35-44,2025-08-25
C15258,AM,Norte,35-44,2023-04-05
C15259,RJ,Sudeste,55+,2025-02-01
C15260,BA,Nordeste,45-54,2024-07-24
C15261,BA,Nordeste,45-54,2022-04-09
C15262,RS,Sul,18-24,2025-08-21
C15263,SP,Sudeste,45-54,2024-07-16
C15264,MG,Sudeste,55+,2024-12-04
C15265,SP,Sudeste,18-24,2024-10-11
C15266,SP,Sudeste,18-24,2025-10-14
C15267,SC,Sul,55+,2025-12-01
C15268,MG,Sudeste,35-44,2022-01-18
C15269,PR,Sul,45-54,2023-08-16
C15270,RJ,Sudeste,35-44,2024-12-20
C15271,PE,Nordeste,55+,2023-04-16
C15272,RS,Sul,18-24,2023-07-30
C15273,SP,Sudeste,18-24,2025-06-11
C15274,SP,Sudeste,35-44,2025-06-08
C15275,DF,Centro-Oeste,25-34,2025-08-18
C15276,MG,Sudeste,25-34,2025-05-29
C15277,BA,Nordeste,45-54,2025-03-22
C15278,SC,Sul,35-44,2023-04-28
C15279,PA,Norte,55+,2024-12-24
C15280,SP,Sudeste,25-34,2022-10-16
C15281,SP,Sudeste,55+,2023-05-11
C15282,RJ,Sudeste,45-54,2023-08-11
C15283,MG,Sudeste,25-34,2024-04-11
C15284,CE,Nordeste,35-44,2025-12-11
C15285,DF,Centro-Oeste,25-34,2021-12-21
C15286,SC,Sul,35-44,2023-07-16
C15287,PA,Norte,25-34,2025-03-24
C15288,SP,Sudeste,55+,2023-11-25
C15289,MG,Sudeste,25-34,2024-03-31
C15290,MG,Sudeste,35-44,2024-08-12
C15291,SP,Sudeste,35-44,2023-12-24
C15292,AM,Norte,25-34,2022-12-12
C15293,MG,Sudeste,35-44,2024-01-04
C15294,MT,Centro-Oeste,25-34,2025-07-20
C15295,BA,Nordeste,25-34,2024-10-06
C15296,RJ,Sudeste,25-34,2022-07-20
C15297,RS,Sul,45-54,2022-01-28
C15298,SP,Sudeste,25-34,2022-05-18
C15299,RS,Sul,45-54,2022-05-02
C15300,RJ,Sudeste,45-54,2023-01-27
C15301,MG,Sudeste,18-24,2025-08-08
C15302,SP,Sudeste,35-44,2023-12-28
C15303,BA,Nordeste,45-54,2023-10-21
C15304,PR,Sul,35-44,2024-08-07
C15305,SP,Sudeste,25-34,2024-07-01
C15306,SC,Sul,35-44,2025-04-24
C15307,PE,Nordeste,45-54,2025-08-16
C15308,MG,Sudeste,25-34,2022-04-25
C15309,SP,Sudeste,55+,2024-02-10
C15310,SP,Sudeste,18-24,2025-04-14
C15311,DF,Centro-Oeste,25-34,2025-04-27
C15312,SP,Sudeste,18-24,2024-11-08
C15313,RS,Sul,25-34,2022-08-23
C15314,SP,Sudeste,18-24,2025-11-17
C15315,MG,Sudeste,35-44,2024-06-01
C15316,SP,Sudeste,25-34,2023-10-05
C15317,PA,Norte,35-44,2023-09-21
C15318,MG,Sudeste,55+,2024-11-16
C15319,PR,Sul,25-34,2025-12-13
C15320,SC,Sul,25-34,2024-08-12
C15321,SP,Sudeste,25-34,2023-02-16
C15322,SP,Sudeste,45-54,2023-11-29
C15323,SC,Sul,18-24,2025-06-12
C15324,SP,Sudeste,55+,2023-11-21
C15325,SP,Sudeste,25-34,2025-12-29
C15326,RJ,Sudeste,45-54,2023-06-26
C15327,GO,Centro-Oeste,25-34,2025-01-20
C15328,CE,Nordeste,25-34,2024-06-24
C15329,SC,Sul,25-34,2025-09-01
C15330,MG,Sudeste,18-24,2024-02-12
C15331,SP,Sudeste,25-34,2023-12-30
C15332,MG,Sudeste,35-44,2022-09-22
C15333,SP,Sudeste,35-44,2023-12-29
C15334,PR,Sul,35-44,2025-12-19
C15335,SP,Sudeste,45-54,2024-12-17
C15336,BA,Nordeste,35-44,2022-04-30
C15337,PE,Nordeste,45-54,2022-11-21
C15338,SP,Sudeste,25-34,2022-10-31
C15339,SP,Sudeste,45-54,2024-12-05
C15340,SP,Sudeste,35-44,2022-11-06
C15341,PR,Sul,25-34,2023-03-24
C15342,PR,Sul,25-34,2025-02-27
C15343,MG,Sudeste,55+,2025-02-11
C15344,RJ,Sudeste,25-34,2025-04-21
C15345,MT,Centro-Oeste,55+,2025-03-26
C15346,SP,Sudeste,35-44,2025-04-20
C15347,BA,Nordeste,45-54,2023-10-29
C15348,RJ,Sudeste,25-34,2022-01-27
C15349,RJ,Sudeste,55+,2023-12-06
C15350,RS,Sul,25-34,2022-08-15
C15351,SP,Sudeste,25-34,2025-09-08
C15352,GO,Centro-Oeste,25-34,2023-12-15
C15353,RJ,Sudeste,45-54,2023-01-27
C15354,RJ,Sudeste,45-54,2022-11-10
C15355,BA,Nordeste,35-44,2024-12-02
C15356,RS,Sul,55+,2023-04-03
C15357,SP,Sudeste,25-34,2025-05-16
C15358,SP,Sudeste,45-54,2025-10-10
C15359,MG,Sudeste,45-54,2024-08-02
C15360,CE,Nordeste,45-54,2024-09-06
C15361,RJ,Sudeste,35-44,2025-05-04
C15362,SP,Sudeste,35-44,2025-04-20
C15363,PA,Norte,45-54,2023-10-01
C15364,BA,Nordeste,55+,2025-06-19
C15365,ES,Sudeste,25-34,2023-11-03
C15366,RJ,Sudeste,55+,2024-05-11
C15367,RJ,Sudeste,35-44,2022-03-24
C15368,PE,Nordeste,25-34,2025-05-29
C15369,RJ,Sudeste,25-34,2025-08-26
C15370,RJ,Sudeste,45-54,2022-11-20
C15371,MG,Sudeste,25-34,2025-04-23
C15372,SP,Sudeste,25-34,2025-08-24
C15373,SP,Sudeste,25-34,2022-06-30
C15374,SP,Sudeste,25-34,2025-01-08
C15375,GO,Centro-Oeste,45-54,2024-07-17
C15376,RJ,Sudeste,45-54,2024-03-04
C15377,PA,Norte,25-34,2023-03-12
C15378,SP,Sudeste,35-44,2024-08-01
C15379,RJ,Sudeste,55+,2023-06-07
C15380,BA,Nordeste,45-54,2024-06-26
C15381,SP,Sudeste,25-34,2024-02-23
C15382,PA,Norte,45-54,2022-08-09
C15383,GO,Centro-Oeste,35-44,2023-08-03
C15384,MG,Sudeste,55+,2022-11-20
C15385,SP,Sudeste,25-34,2024-11-10
C15386,SP,Sudeste,25-34,2022-04-08
C15387,MG,Sudeste,35-44,2025-11-11
C15388,SP,Sudeste,35-44,2022-09-24
C15389,SP,Sudeste,25-34,2022-04-30
C15390,RJ,Sudeste,35-44,2022-09-09
C15391,SC,Sul,25-34,2025-10-21
C15392,RJ,Sudeste,18-24,2025-07-22
C15393,SP,Sudeste,55+,2025-03-20
C15394,CE,Nordeste,18-24,2025-10-03
C15395,PE,Nordeste,25-34,2023-09-06
C15396,RS,Sul,45-54,2024-11-26
C15397,SP,Sudeste,18-24,2025-08-22
C15398,RJ,Sudeste,25-34,2024-01-19
C15399,RS,Sul,25-34,2024-04-20
C15400,PE,Nordeste,35-44,2025-12-01
C15401,SP,Sudeste,35-44,2025-12-25
C15402,MT,Centro-Oeste,25-34,2025-05-25
C15403,SP,Sudeste,25-34,2023-03-23
C15404,SP,Sudeste,55+,2023-08-12
C15405,ES,Sudeste,35-44,2025-12-06
C15406,PA,Norte,45-54,2023-12-04
C15407,MG,Sudeste,45-54,2025-03-18
C15408,PE,Nordeste,25-34,2023-09-19
C15409,SP,Sudeste,35-44,2023-09-23
C15410,CE,Nordeste,25-34,2023-06-12
C15411,CE,Nordeste,35-44,2023-03-07
C15412,SP,Sudeste,25-34,2025-01-22
C15413,BA,Nordeste,35-44,2022-04-19
C15414,PE,Nordeste,18-24,2024-04-12
C15415,SP,Sudeste,45-54,2024-06-13
C15416,PE,Nordeste,25-34,2022-06-30
C15417,SP,Sudeste,25-34,2021-12-19
C15418,BA,Nordeste,35-44,2024-07-12
C15419,SP,Sudeste,25-34,2023-09-11
C15420,ES,Sudeste,25-34,2025-12-31
C15421,SP,Sudeste,55+,2023-09-16
C15422,SP,Sudeste,25-34,2022-01-09
C15423,PR,Sul,25-34,2023-07-21
C15424,MG,Sudeste,35-44,2022-04-13
C15425,SC,Sul,25-34,2022-09-29
C15426,RJ,Sudeste,18-24,2025-08-12
C15427,PR,Sul,25-34,2023-05-22
C15428,ES,Sudeste,35-44,2022-02-26
C15429,RJ,Sudeste,18-24,2024-08-08
C15430,RS,Sul,35-44,2022-10-14
C15431,SP,Sudeste,55+,2024-12-06
C15432,SP,Sudeste,45-54,2022-05-06
C15433,DF,Centro-Oeste,25-34,2023-09-26
C15434,SP,Sudeste,55+,2025-04-12
C15435,MG,Sudeste,25-34,2023-11-18
C15436,MG,Sudeste,25-34,2023-02-18
C15437,PR,Sul,25-34,2023-08-01
C15438,RJ,Sudeste,25-34,2023-10-13
C15439,SP,Sudeste,55+,2025-09-19
C15440,RJ,Sudeste,25-34,2025-06-08
C15441,SP,Sudeste,55+,2024-10-01
C15442,SP,Sudeste,45-54,2023-11-22
C15443,SP,Sudeste,25-34,2025-02-01
C15444,SC,Sul,45-54,2025-02-21
C15445,CE,Nordeste,45-54,2022-09-25
C15446,BA,Nordeste,35-44,2025-10-24
C15447,BA,Nordeste,18-24,2025-03-09
C15448,SP,Sudeste,55+,2023-01-20
C15449,PR,Sul,18-24,2022-10-29
C15450,SP,Sudeste,25-34,2022-07-09
C15451,SC,Sul,25-34,2025-01-16
C15452,SP,Sudeste,25-34,2025-11-27
C15453,BA,Nordeste,18-24,2024-11-09
C15454,RS,Sul,25-34,2025-10-05
C15455,PR,Sul,35-44,2023-06-03
C15456,MG,Sudeste,55+,2022-05-08
C15457,GO,Centro-Oeste,55+,2024-08-21
C15458,SP,Sudeste,35-44,2024-05-09
C15459,RS,Sul,25-34,2025-07-14
C15460,SC,Sul,55+,2023-11-29
C15461,SP,Sudeste,45-54,2025-08-15
C15462,SP,Sudeste,25-34,2023-10-21
C15463,PR,Sul,25-34,2024-07-16
C15464,PR,Sul,25-34,2025-10-18
C15465,PR,Sul,25-34,2024-11-28
C15466,RJ,Sudeste,35-44,2025-09-18
C15467,MG,Sudeste,55+,2023-11-03
C15468,SP,Sudeste,25-34,2022-09-15
C15469,RS,Sul,25-34,2023-01-09
C15470,GO,Centro-Oeste,35-44,2023-04-03
C15471,CE,Nordeste,35-44,2023-09-05
C15472,SP,Sudeste,55+,2023-01-13
C15473,SP,Sudeste,18-24,2024-05-28
C15474,SP,Sudeste,25-34,2025-01-22
C15475,RJ,Sudeste,35-44,2024-07-20
C15476,CE,Nordeste,25-34,2025-03-14
C15477,CE,Nordeste,35-44,2024-11-21
C15478,MG,Sudeste,18-24,2024-07-02
C15479,RS,Sul,35-44,2023-04-21
C15480,SP,Sudeste,18-24,2023-12-24
C15481,RJ,Sudeste,25-34,2025-07-01
C15482,PR,Sul,25-34,2022-06-23
C15483,DF,Centro-Oeste,25-34,2024-01-23
C15484,SP,Sudeste,35-44,2025-06-18
C15485,BA,Nordeste,18-24,2023-12-27
C15486,DF,Centro-Oeste,25-34,2025-03-28
C15487,RJ,Sudeste,25-34,2023-02-10
C15488,MG,Sudeste,35-44,2024-08-20
C15489,MG,Sudeste,25-34,2025-01-01
C15490,SC,Sul,45-54,2023-12-24
C15491,RJ,Sudeste,25-34,2024-06-13
C15492,MG,Sudeste,25-34,2025-06-16
C15493,MG,Sudeste,35-44,2023-05-31
C15494,SP,Sudeste,35-44,2022-05-07
C15495,ES,Sudeste,45-54,2025-05-10
C15496,PR,Sul,35-44,2025-04-09
C15497,SP,Sudeste,35-44,2025-10-06
C15498,MG,Sudeste,35-44,2023-01-16
C15499,RJ,Sudeste,18-24,2025-08-25
C15500,RJ,Sudeste,45-54,2024-09-13
C15501,SP,Sudeste,25-34,2024-11-23
C15502,SP,Sudeste,25-34,2025-03-01
C15503,SP,Sudeste,35-44,2024-07-11
C15504,SP,Sudeste,45-54,2025-02-18
C15505,SP,Sudeste,25-34,2024-06-09
C15506,GO,Centro-Oeste,18-24,2023-10-01
C15507,CE,Nordeste,35-44,2024-09-02
C15508,BA,Nordeste,18-24,2023-10-20
C15509,PE,Nordeste,35-44,2024-10-13
C15510,RJ,Sudeste,25-34,2022-11-18
C15511,SP,Sudeste,45-54,2024-05-02
C15512,SP,Sudeste,18-24,2023-09-15
C15513,MG,Sudeste,55+,2023-03-31
C15514,AM,Norte,55+,2023-05-13
C15515,MG,Sudeste,35-44,2022-08-24
C15516,BA,Nordeste,25-34,2024-12-30
C15517,PA,Norte,35-44,2022-12-01
C15518,SP,Sudeste,35-44,2025-07-03
C15519,GO,Centro-Oeste,25-34,2022-04-19
C15520,CE,Nordeste,25-34,2024-12-17
C15521,RN,Nordeste,25-34,2025-01-26
C15522,SP,Sudeste,25-34,2023-05-13
C15523,DF,Centro-Oeste,25-34,2022-09-22
C15524,SP,Sudeste,35-44,2022-05-31
C15525,PR,Sul,25-34,2023-07-02
C15526,SP,Sudeste,18-24,2023-10-04
C15527,SP,Sudeste,35-44,2025-12-03
C15528,RS,Sul,35-44,2023-06-07
C15529,PE,Nordeste,35-44,2023-12-23
C15530,SC,Sul,45-54,2023-08-30
C15531,SP,Sudeste,25-34,2022-06-26
C15532,RS,Sul,35-44,2023-05-15
C15533,DF,Centro-Oeste,35-44,2025-11-24
C15534,SP,Sudeste,18-24,2022-06-07
C15535,SP,Sudeste,25-34,2023-09-06
C15536,RJ,Sudeste,35-44,2024-02-02
C15537,MG,Sudeste,45-54,2025-06-08
C15538,BA,Nordeste,25-34,2023-07-04
C15539,RS,Sul,18-24,2024-08-01
C15540,SP,Sudeste,25-34,2021-12-19
C15541,BA,Nordeste,45-54,2022-06-16
C15542,PE,Nordeste,18-24,2022-03-01
C15543,BA,Nordeste,55+,2025-10-21
C15544,SP,Sudeste,35-44,2024-10-11
C15545,AM,Norte,25-34,2022-10-09
C15546,SP,Sudeste,45-54,2024-07-02
C15547,MG,Sudeste,35-44,2024-11-03
C15548,SP,Sudeste,55+,2023-04-15
C15549,RJ,Sudeste,35-44,2025-02-27
C15550,PR,Sul,45-54,2022-10-06
C15551,RS,Sul,35-44,2025-09-23
C15552,BA,Nordeste,45-54,2024-07-07
C15553,SP,Sudeste,35-44,2024-09-22
C15554,RS,Sul,35-44,2025-01-04
C15555,CE,Nordeste,25-34,2024-07-04
C15556,SP,Sudeste,18-24,2025-12-25
C15557,RS,Sul,35-44,2024-12-13
C15558,GO,Centro-Oeste,35-44,2025-04-05
C15559,RS,Sul,18-24,2025-07-19
C15560,MG,Sudeste,25-34,2025-08-11
C15561,SP,Sudeste,25-34,2024-10-02
C15562,RJ,Sudeste,35-44,2022-03-03
C15563,MG,Sudeste,25-34,2025-01-17
C15564,SP,Sudeste,18-24,2025-07-01
C15565,RN,Nordeste,18-24,2025-10-04
C15566,GO,Centro-Oeste,55+,2025-03-27
C15567,MG,Sudeste,35-44,2023-01-02
C15568,RJ,Sudeste,55+,2024-02-29
C15569,RS,Sul,45-54,2023-08-01
C15570,CE,Nordeste,55+,2023-12-07
C15571,SP,Sudeste,35-44,2024-08-06
C15572,RJ,Sudeste,25-34,2022-04-20
C15573,PR,Sul,25-34,2023-10-25
C15574,ES,Sudeste,45-54,2022-03-23
C15575,MG,Sudeste,25-34,2025-06-07
C15576,SP,Sudeste,35-44,2023-10-21
C15577,SC,Sul,35-44,2022-04-10
C15578,AM,Norte,18-24,2025-10-16
C15579,MG,Sudeste,45-54,2025-04-15
C15580,SP,Sudeste,35-44,2024-07-21
C15581,MG,Sudeste,45-54,2022-11-04
C15582,RJ,Sudeste,35-44,2022-08-20
C15583,SP,Sudeste,45-54,2025-09-11
C15584,MG,Sudeste,18-24,2022-04-21
C15585,SP,Sudeste,25-34,2025-06-15
C15586,SP,Sudeste,25-34,2024-07-06
C15587,ES,Sudeste,35-44,2024-01-25
C15588,SP,Sudeste,25-34,2023-10-24
C15589,GO,Centro-Oeste,25-34,2023-03-23
C15590,MG,Sudeste,45-54,2025-09-13
C15591,SP,Sudeste,25-34,2025-05-10
C15592,BA,Nordeste,25-34,2025-02-22
C15593,MG,Sudeste,18-24,2025-01-25
C15594,SP,Sudeste,55+,2022-03-03
C15595,SP,Sudeste,35-44,2024-02-06
C15596,SP,Sudeste,18-24,2025-06-24
C15597,BA,Nordeste,35-44,2023-08-31
C15598,RS,Sul,18-24,2022-10-14
C15599,BA,Nordeste,25-34,2025-11-26
C15600,BA,Nordeste,25-34,2024-08-27
C15601,DF,Centro-Oeste,35-44,2025-03-17
C15602,PE,Nordeste,25-34,2025-09-16
C15603,MG,Sudeste,25-34,2023-12-23
C15604,SP,Sudeste,45-54,2022-07-06
C15605,RJ,Sudeste,45-54,2025-01-21
C15606,SP,Sudeste,45-54,2023-07-23
C15607,PR,Sul,35-44,2025-12-06
C15608,PR,Sul,55+,2025-10-12
C15609,SP,Sudeste,35-44,2024-02-09
C15610,CE,Nordeste,35-44,2023-08-15
C15611,MG,Sudeste,25-34,2024-01-04
C15612,RJ,Sudeste,55+,2025-09-16
C15613,PE,Nordeste,35-44,2023-02-24
C15614,RJ,Sudeste,35-44,2023-08-29
C15615,RJ,Sudeste,25-34,2024-09-25
C15616,RJ,Sudeste,35-44,2023-01-25
C15617,PE,Nordeste,18-24,2022-04-25
C15618,SP,Sudeste,35-44,2022-09-10
C15619,RJ,Sudeste,55+,2022-01-28
C15620,SC,Sul,35-44,2025-07-06
C15621,PR,Sul,25-34,2023-05-08
C15622,PR,Sul,18-24,2024-09-25
C15623,SC,Sul,55+,2022-11-21
C15624,PE,Nordeste,35-44,2024-03-19
C15625,RJ,Sudeste,35-44,2024-01-24
C15626,SP,Sudeste,45-54,2024-05-30
C15627,PR,Sul,55+,2024-05-02
C15628,SP,Sudeste,25-34,2024-04-26
C15629,SC,Sul,18-24,2022-07-08
C15630,PR,Sul,45-54,2025-04-08
C15631,SP,Sudeste,25-34,2024-08-24
C15632,RS,Sul,25-34,2024-01-16
C15633,SP,Sudeste,35-44,2024-01-01
C15634,RJ,Sudeste,45-54,2023-07-14
C15635,SC,Sul,25-34,2023-08-09
C15636,SP,Sudeste,25-34,2024-09-22
C15637,MG,Sudeste,55+,2024-08-02
C15638,SP,Sudeste,25-34,2024-05-04
C15639,PE,Nordeste,35-44,2025-08-01
C15640,GO,Centro-Oeste,45-54,2022-07-11
C15641,CE,Nordeste,35-44,2022-11-05
C15642,SP,Sudeste,45-54,2025-12-31
C15643,RJ,Sudeste,45-54,2022-10-28
C15644,MG,Sudeste,35-44,2022-12-03
C15645,SP,Sudeste,35-44,2024-08-04
C15646,ES,Sudeste,35-44,2025-09-17
C15647,GO,Centro-Oeste,35-44,2022-09-13
C15648,SP,Sudeste,55+,2024-12-03
C15649,AM,Norte,25-34,2023-07-24
C15650,SP,Sudeste,45-54,2025-10-14
C15651,SP,Sudeste,45-54,2025-04-23
C15652,SC,Sul,55+,2024-10-08
C15653,MG,Sudeste,18-24,2025-10-29
C15654,BA,Nordeste,45-54,2022-04-10
C15655,RJ,Sudeste,25-34,2025-11-29
C15656,PR,Sul,25-34,2024-04-14
C15657,SC,Sul,18-24,2023-10-27
C15658,RS,Sul,18-24,2022-11-12
C15659,SC,Sul,55+,2024-08-13
C15660,RS,Sul,25-34,2022-05-19
C15661,PA,Norte,45-54,2025-02-26
C15662,MG,Sudeste,45-54,2024-10-15
C15663,SP,Sudeste,55+,2024-01-01
C15664,SP,Sudeste,25-34,2022-06-16
C15665,SP,Sudeste,25-34,2025-09-14
C15666,SP,Sudeste,25-34,2025-06-20
C15667,GO,Centro-Oeste,18-24,2025-01-29
C15668,BA,Nordeste,25-34,2023-08-05
C15669,SP,Sudeste,18-24,2024-03-31
C15670,SP,Sudeste,55+,2023-12-29
C15671,SP,Sudeste,18-24,2024-09-22
C15672,MG,Sudeste,25-34,2025-06-25
C15673,SP,Sudeste,25-34,2023-11-11
C15674,CE,Nordeste,45-54,2025-01-07
C15675,SP,Sudeste,35-44,2023-07-30
C15676,SP,Sudeste,18-24,2024-03-31
C15677,SP,Sudeste,45-54,2025-06-28
C15678,MG,Sudeste,35-44,2025-09-07
C15679,SP,Sudeste,45-54,2023-07-02
C15680,SP,Sudeste,18-24,2025-08-28
C15681,MG,Sudeste,35-44,2025-06-15
C15682,RS,Sul,25-34,2022-08-24
C15683,SP,Sudeste,35-44,2024-05-12
C15684,SP,Sudeste,35-44,2024-01-23
C15685,SP,Sudeste,35-44,2023-02-10
C15686,BA,Nordeste,18-24,2025-11-11
C15687,SP,Sudeste,18-24,2025-09-08
C15688,BA,Nordeste,35-44,2025-01-28
C15689,SP,Sudeste,25-34,2025-01-31
C15690,PE,Nordeste,25-34,2025-12-29
C15691,GO,Centro-Oeste,18-24,2024-08-21
C15692,SP,Sudeste,18-24,2025-04-13
C15693,RJ,Sudeste,18-24,2023-04-11
C15694,SP,Sudeste,18-24,2023-07-07
C15695,MG,Sudeste,35-44,2023-10-22
C15696,AM,Norte,18-24,2022-12-06
C15697,RJ,Sudeste,45-54,2024-04-05
C15698,SP,Sudeste,25-34,2024-04-08
C15699,MT,Centro-Oeste,25-34,2024-12-06
C15700,SC,Sul,55+,2025-11-15
C15701,PR,Sul,25-34,2024-06-26
C15702,BA,Nordeste,25-34,2024-05-16
C15703,PR,Sul,55+,2025-10-06
C15704,CE,Nordeste,45-54,2022-08-14
C15705,SP,Sudeste,25-34,2025-03-25
C15706,MG,Sudeste,25-34,2025-12-25
C15707,SP,Sudeste,45-54,2022-08-18
C15708,SP,Sudeste,55+,2022-11-06
C15709,CE,Nordeste,18-24,2025-10-11
C15710,SP,Sudeste,25-34,2025-01-23
C15711,SP,Sudeste,45-54,2023-10-05
C15712,MG,Sudeste,35-44,2025-08-27
C15713,PE,Nordeste,55+,2025-05-08
C15714,RN,Nordeste,25-34,2023-01-12
C15715,PE,Nordeste,25-34,2024-07-28
C15716,RJ,Sudeste,25-34,2022-08-24
C15717,DF,Centro-Oeste,35-44,2025-09-30
C15718,SP,Sudeste,45-54,2023-07-18
C15719,BA,Nordeste,35-44,2023-09-20
C15720,MT,Centro-Oeste,25-34,2024-05-16
C15721,SP,Sudeste,35-44,2024-07-22
C15722,RJ,Sudeste,45-54,2023-06-02
C15723,SP,Sudeste,55+,2025-08-28
C15724,SP,Sudeste,45-54,2022-12-15
C15725,GO,Centro-Oeste,25-34,2024-05-30
C15726,SP,Sudeste,35-44,2024-04-16
C15727,SP,Sudeste,25-34,2025-09-24
C15728,MG,Sudeste,35-44,2022-04-24
C15729,SP,Sudeste,35-44,2022-07-10
C15730,GO,Centro-Oeste,35-44,2025-05-22
C15731,SP,Sudeste,35-44,2023-09-19
C15732,BA,Nordeste,25-34,2022-11-14
C15733,SP,Sudeste,35-44,2024-08-19
C15734,SP,Sudeste,55+,2024-11-23
C15735,RJ,Sudeste,25-34,2025-11-08
C15736,SP,Sudeste,25-34,2022-06-12
C15737,SP,Sudeste,55+,2024-11-06
C15738,CE,Nordeste,25-34,2024-06-16
C15739,SP,Sudeste,35-44,2025-07-31
C15740,MG,Sudeste,35-44,2025-10-31
C15741,MG,Sudeste,55+,2025-02-20
C15742,PA,Norte,25-34,2023-01-09
C15743,SP,Sudeste,45-54,2022-10-09
C15744,MG,Sudeste,25-34,2023-11-30
C15745,SP,Sudeste,45-54,2024-02-06
C15746,RJ,Sudeste,45-54,2023-11-15
C15747,GO,Centro-Oeste,45-54,2024-03-10
C15748,SP,Sudeste,25-34,2023-10-19
C15749,MG,Sudeste,25-34,2023-08-01
C15750,SP,Sudeste,25-34,2022-06-26
C15751,AM,Norte,35-44,2024-04-05
C15752,SP,Sudeste,25-34,2023-05-12
C15753,SP,Sudeste,45-54,2024-04-25
C15754,MG,Sudeste,35-44,2025-12-27
C15755,AM,Norte,35-44,2024-09-26
C15756,RS,Sul,55+,2025-04-11
C15757,SP,Sudeste,18-24,2024-01-08
C15758,SC,Sul,45-54,2023-08-04
C15759,RN,Nordeste,25-34,2025-06-26
C15760,SC,Sul,25-34,2023-06-05
C15761,SP,Sudeste,25-34,2023-03-14
C15762,SP,Sudeste,25-34,2022-08-01
C15763,MG,Sudeste,35-44,2025-07-17
C15764,PR,Sul,25-34,2022-11-19
C15765,RJ,Sudeste,25-34,2024-05-25
C15766,RJ,Sudeste,45-54,2025-08-22
C15767,SP,Sudeste,55+,2024-12-29
C15768,SP,Sudeste,55+,2025-06-06
C15769,DF,Centro-Oeste,45-54,2023-03-10
C15770,PR,Sul,25-34,2024-11-08
C15771,SP,Sudeste,45-54,2023-09-08
C15772,DF,Centro-Oeste,45-54,2022-02-28
C15773,MG,Sudeste,25-34,2022-05-28
C15774,DF,Centro-Oeste,35-44,2024-11-23
C15775,SP,Sudeste,25-34,2025-07-25
C15776,SP,Sudeste,45-54,2024-01-08
C15777,SC,Sul,18-24,2023-09-03
C15778,SP,Sudeste,45-54,2024-02-24
C15779,PR,Sul,18-24,2025-09-04
C15780,SP,Sudeste,18-24,2024-12-30
C15781,SP,Sudeste,55+,2024-10-17
C15782,MG,Sudeste,35-44,2023-02-17
C15783,SP,Sudeste,35-44,2024-12-01
C15784,RJ,Sudeste,35-44,2024-12-03
C15785,SP,Sudeste,35-44,2024-08-06
C15786,SP,Sudeste,35-44,2024-10-25
C15787,SP,Sudeste,25-34,2024-03-01
C15788,BA,Nordeste,25-34,2024-10-04
C15789,MT,Centro-Oeste,35-44,2025-06-15
C15790,SP,Sudeste,18-24,2022-05-26
C15791,MG,Sudeste,18-24,2023-08-21
C15792,SP,Sudeste,25-34,2022-09-17
C15793,RJ,Sudeste,25-34,2025-07-12
C15794,PR,Sul,45-54,2025-07-02
C15795,SP,Sudeste,25-34,2023-04-11
C15796,RS,Sul,55+,2025-04-14
C15797,RJ,Sudeste,25-34,2023-07-22
C15798,RJ,Sudeste,18-24,2024-02-27
C15799,PR,Sul,35-44,2022-08-06
C15800,BA,Nordeste,45-54,2024-12-11
C15801,MG,Sudeste,25-34,2022-03-27
C15802,RS,Sul,25-34,2022-01-11
C15803,PR,Sul,35-44,2023-02-06
C15804,GO,Centro-Oeste,45-54,2024-03-28
C15805,PE,Nordeste,55+,2025-03-29
C15806,SP,Sudeste,55+,2025-05-29
C15807,SP,Sudeste,35-44,2025-10-16
C15808,PR,Sul,35-44,2023-06-20
C15809,BA,Nordeste,35-44,2022-12-24
C15810,RJ,Sudeste,35-44,2024-04-29
C15811,CE,Nordeste,25-34,2022-03-03
C15812,SP,Sudeste,35-44,2024-07-10
C15813,SP,Sudeste,45-54,2023-05-21
C15814,MG,Sudeste,18-24,2022-12-08
C15815,SP,Sudeste,35-44,2025-08-20
C15816,PR,Sul,25-34,2022-09-07
C15817,SP,Sudeste,35-44,2023-11-10
C15818,SP,Sudeste,35-44,2024-01-05
C15819,SP,Sudeste,35-44,2023-11-23
C15820,PR,Sul,25-34,2022-09-26
C15821,BA,Nordeste,55+,2024-12-07
C15822,SP,Sudeste,25-34,2024-10-01
C15823,PR,Sul,45-54,2025-04-16
C15824,MG,Sudeste,18-24,2025-09-15
C15825,RS,Sul,45-54,2024-05-23
C15826,SP,Sudeste,25-34,2023-10-01
C15827,BA,Nordeste,25-34,2025-10-01
C15828,PE,Nordeste,25-34,2024-05-24
C15829,SP,Sudeste,35-44,2022-10-16
C15830,SP,Sudeste,25-34,2024-01-18
C15831,RS,Sul,35-44,2025-04-25
C15832,RS,Sul,25-34,2023-01-24
C15833,DF,Centro-Oeste,45-54,2023-02-25
C15834,ES,Sudeste,25-34,2024-11-21
C15835,RS,Sul,25-34,2022-01-28
C15836,SP,Sudeste,35-44,2025-11-14
C15837,SP,Sudeste,55+,2023-03-20
C15838,RS,Sul,35-44,2023-01-28
C15839,SC,Sul,55+,2025-08-25
C15840,RS,Sul,35-44,2024-12-01
C15841,SP,Sudeste,18-24,2023-09-24
C15842,PR,Sul,25-34,2024-12-16
C15843,RJ,Sudeste,35-44,2022-08-11
C15844,SP,Sudeste,45-54,2023-08-29
C15845,BA,Nordeste,25-34,2024-08-03
C15846,RJ,Sudeste,45-54,2024-03-26
C15847,SP,Sudeste,45-54,2025-10-12
C15848,RJ,Sudeste,35-44,2023-07-22
C15849,SP,Sudeste,45-54,2023-06-10
C15850,RJ,Sudeste,25-34,2024-08-22
C15851,RS,Sul,25-34,2025-03-21
C15852,RJ,Sudeste,25-34,2023-03-07
C15853,MG,Sudeste,55+,2023-02-01
C15854,RJ,Sudeste,25-34,2023-04-25
C15855,RJ,Sudeste,45-54,2023-05-17
C15856,SP,Sudeste,35-44,2023-07-09
C15857,SP,Sudeste,55+,2022-09-09
C15858,SP,Sudeste,35-44,2023-04-03
C15859,RJ,Sudeste,35-44,2022-11-26
C15860,MG,Sudeste,18-24,2023-03-05
C15861,SC,Sul,35-44,2022-08-14
C15862,RS,Sul,35-44,2023-08-26
C15863,ES,Sudeste,35-44,2023-06-18
C15864,SP,Sudeste,35-44,2023-10-08
C15865,SP,Sudeste,25-34,2025-03-04
C15866,MG,Sudeste,35-44,2023-03-08
C15867,GO,Centro-Oeste,35-44,2025-04-14
C15868,RS,Sul,45-54,2025-03-22
C15869,SP,Sudeste,45-54,2025-10-30
C15870,CE,Nordeste,35-44,2022-09-18
C15871,MG,Sudeste,25-34,2024-07-14
C15872,GO,Centro-Oeste,25-34,2024-07-12
C15873,AM,Norte,35-44,2023-03-15
C15874,CE,Nordeste,45-54,2025-06-18
C15875,RJ,Sudeste,35-44,2025-06-06
C15876,RS,Sul,45-54,2023-01-30
C15877,PR,Sul,35-44,2024-11-16
C15878,SP,Sudeste,35-44,2025-03-28
C15879,RJ,Sudeste,18-24,2025-06-15
C15880,SP,Sudeste,25-34,2024-03-19
C15881,SP,Sudeste,45-54,2024-04-22
C15882,RS,Sul,25-34,2022-07-20
C15883,SP,Sudeste,55+,2023-01-25
C15884,RJ,Sudeste,35-44,2024-09-03
C15885,SP,Sudeste,18-24,2023-02-09
C15886,RJ,Sudeste,25-34,2024-08-04
C15887,RJ,Sudeste,55+,2023-07-09
C15888,RS,Sul,45-54,2025-08-23
C15889,PE,Nordeste,25-34,2022-05-30
C15890,MT,Centro-Oeste,35-44,2022-04-11
C15891,RJ,Sudeste,35-44,2024-07-14
C15892,RJ,Sudeste,18-24,2023-12-28
C15893,GO,Centro-Oeste,35-44,2022-03-12
C15894,SP,Sudeste,25-34,2023-12-03
C15895,SP,Sudeste,35-44,2022-01-18
C15896,PR,Sul,25-34,2024-05-21
C15897,RJ,Sudeste,45-54,2025-07-16
C15898,RJ,Sudeste,25-34,2025-01-17
C15899,GO,Centro-Oeste,45-54,2025-02-17
C15900,RS,Sul,45-54,2023-10-28
C15901,MG,Sudeste,25-34,2022-05-15
C15902,RS,Sul,35-44,2022-06-24
C15903,AM,Norte,18-24,2024-04-13
C15904,CE,Nordeste,55+,2023-10-27
C15905,BA,Nordeste,55+,2023-11-10
C15906,MG,Sudeste,45-54,2023-01-10
C15907,RS,Sul,18-24,2024-06-14
C15908,PR,Sul,55+,2025-08-16
C15909,BA,Nordeste,55+,2025-12-11
C15910,PR,Sul,45-54,2024-05-02
C15911,SP,Sudeste,18-24,2025-10-07
C15912,BA,Nordeste,18-24,2023-06-09
C15913,SP,Sudeste,35-44,2024-08-02
C15914,SP,Sudeste,25-34,2022-04-20
C15915,RN,Nordeste,18-24,2024-06-08
C15916,SC,Sul,18-24,2023-04-21
C15917,SC,Sul,35-44,2024-10-01
C15918,ES,Sudeste,18-24,2025-05-28
C15919,RJ,Sudeste,45-54,2023-05-20
C15920,RS,Sul,25-34,2025-01-19
C15921,SC,Sul,25-34,2024-07-14
C15922,PR,Sul,45-54,2025-09-23
C15923,BA,Nordeste,35-44,2024-02-15
C15924,MG,Sudeste,18-24,2023-03-09
C15925,SP,Sudeste,45-54,2025-02-16
C15926,RJ,Sudeste,25-34,2025-05-03
C15927,MG,Sudeste,55+,2023-12-24
C15928,RJ,Sudeste,18-24,2025-12-05
C15929,SP,Sudeste,25-34,2024-04-22
C15930,RS,Sul,45-54,2023-02-12
C15931,SC,Sul,55+,2022-10-04
C15932,MG,Sudeste,35-44,2025-04-10
C15933,SP,Sudeste,25-34,2023-11-02
C15934,PE,Nordeste,25-34,2023-04-29
C15935,MG,Sudeste,35-44,2024-08-04
C15936,MG,Sudeste,35-44,2024-05-13
C15937,RS,Sul,35-44,2025-11-01
C15938,SC,Sul,55+,2023-11-04
C15939,DF,Centro-Oeste,45-54,2024-01-20
C15940,SP,Sudeste,25-34,2025-04-21
C15941,SP,Sudeste,25-34,2024-09-04
C15942,SP,Sudeste,18-24,2023-12-29
C15943,RJ,Sudeste,45-54,2023-10-02
C15944,ES,Sudeste,25-34,2022-03-31
C15945,DF,Centro-Oeste,55+,2025-11-27
C15946,RS,Sul,45-54,2022-12-02
C15947,SC,Sul,25-34,2023-04-08
C15948,CE,Nordeste,35-44,2024-11-14
C15949,RJ,Sudeste,55+,2022-07-09
C15950,RJ,Sudeste,25-34,2024-02-21
C15951,RS,Sul,35-44,2024-12-31
C15952,GO,Centro-Oeste,35-44,2023-08-10
C15953,SP,Sudeste,35-44,2025-12-08
C15954,PA,Norte,25-34,2024-09-01
C15955,PE,Nordeste,25-34,2025-06-16
C15956,RN,Nordeste,55+,2024-03-22
C15957,GO,Centro-Oeste,25-34,2025-08-19
C15958,SP,Sudeste,25-34,2025-09-17
C15959,SP,Sudeste,35-44,2025-08-06
C15960,PE,Nordeste,35-44,2024-06-23
C15961,RN,Nordeste,25-34,2025-02-18
C15962,SC,Sul,25-34,2022-09-03
C15963,SC,Sul,25-34,2023-04-28
C15964,SP,Sudeste,35-44,2024-04-13
C15965,MG,Sudeste,35-44,2025-02-09
C15966,GO,Centro-Oeste,25-34,2025-08-06
C15967,SP,Sudeste,45-54,2023-03-06
C15968,RJ,Sudeste,45-54,2025-11-03
C15969,RJ,Sudeste,45-54,2025-08-13
C15970,SP,Sudeste,45-54,2022-05-13
C15971,GO,Centro-Oeste,45-54,2024-11-23
C15972,RN,Nordeste,55+,2025-02-01
C15973,SC,Sul,35-44,2024-10-30
C15974,MG,Sudeste,55+,2022-10-03
C15975,SP,Sudeste,55+,2025-05-31
C15976,DF,Centro-Oeste,55+,2025-10-27
C15977,SP,Sudeste,35-44,2023-11-26
C15978,PR,Sul,25-34,2024-01-22
C15979,RJ,Sudeste,45-54,2022-10-14
C15980,DF,Centro-Oeste,55+,2023-05-17
C15981,SP,Sudeste,18-24,2025-09-15
C15982,MG,Sudeste,25-34,2023-03-25
C15983,BA,Nordeste,35-44,2022-03-26
C15984,RJ,Sudeste,35-44,2025-08-08
C15985,SC,Sul,25-34,2025-05-17
C15986,PA,Norte,18-24,2023-06-14
C15987,SP,Sudeste,55+,2025-02-07
C15988,SP,Sudeste,18-24,2024-12-27
C15989,RS,Sul,35-44,2025-06-22
C15990,SP,Sudeste,45-54,2023-09-24
C15991,RS,Sul,25-34,2023-11-23
C15992,RJ,Sudeste,25-34,2024-11-24
C15993,MG,Sudeste,55+,2023-05-22
C15994,SP,Sudeste,25-34,2024-08-11
C15995,MG,Sudeste,45-54,2023-12-18
C15996,SP,Sudeste,35-44,2022-11-04
C15997,DF,Centro-Oeste,25-34,2025-09-22
C15998,BA,Nordeste,25-34,2024-10-12
C15999,RJ,Sudeste,35-44,2025-03-14
C16000,MT,Centro-Oeste,35-44,2024-07-22
C16001,RJ,Sudeste,25-34,2023-05-25
C16002,MT,Centro-Oeste,25-34,2022-06-15
C16003,RS,Sul,45-54,2024-12-01
C16004,MG,Sudeste,45-54,2023-05-11
C16005,MG,Sudeste,35-44,2025-05-14
C16006,SP,Sudeste,25-34,2025-01-24
C16007,SP,Sudeste,35-44,2022-09-05
C16008,PE,Nordeste,35-44,2025-05-14
C16009,DF,Centro-Oeste,25-34,2024-06-16
C16010,PR,Sul,25-34,2023-09-07
C16011,ES,Sudeste,35-44,2024-02-07
C16012,PR,Sul,25-34,2025-09-14
C16013,RS,Sul,45-54,2025-03-23
C16014,SP,Sudeste,25-34,2024-09-15
C16015,SP,Sudeste,55+,2022-06-25
C16016,MG,Sudeste,18-24,2025-11-09
C16017,SP,Sudeste,18-24,2023-01-22
C16018,DF,Centro-Oeste,25-34,2025-10-08
C16019,SP,Sudeste,25-34,2023-03-06
C16020,RS,Sul,55+,2025-01-02
C16021,RJ,Sudeste,25-34,2025-11-19
C16022,SP,Sudeste,25-34,2025-01-25
C16023,MG,Sudeste,25-34,2022-01-17
C16024,PE,Nordeste,35-44,2025-01-26
C16025,SP,Sudeste,35-44,2025-03-12
C16026,GO,Centro-Oeste,45-54,2023-08-06
C16027,RJ,Sudeste,25-34,2025-02-23
C16028,SP,Sudeste,25-34,2025-03-22
C16029,SP,Sudeste,45-54,2024-04-26
C16030,RS,Sul,55+,2024-01-22
C16031,SC,Sul,25-34,2025-06-17
C16032,SP,Sudeste,55+,2024-05-19
C16033,PE,Nordeste,18-24,2023-07-02
C16034,PR,Sul,35-44,2024-06-03
C16035,MG,Sudeste,25-34,2023-05-28
C16036,MG,Sudeste,45-54,2022-02-20
C16037,RJ,Sudeste,45-54,2023-05-12
C16038,SP,Sudeste,45-54,2025-10-13
C16039,GO,Centro-Oeste,35-44,2024-07-12
C16040,SP,Sudeste,35-44,2023-11-09
C16041,SP,Sudeste,45-54,2023-12-15
C16042,PE,Nordeste,45-54,2024-01-04
C16043,BA,Nordeste,35-44,2024-05-11
C16044,SP,Sudeste,35-44,2024-03-14
C16045,SP,Sudeste,25-34,2024-12-06
C16046,RJ,Sudeste,25-34,2024-12-09
C16047,DF,Centro-Oeste,55+,2023-07-23
C16048,SP,Sudeste,25-34,2024-08-29
C16049,MG,Sudeste,45-54,2025-03-19
C16050,BA,Nordeste,35-44,2023-04-13
C16051,SP,Sudeste,25-34,2025-05-17
C16052,SP,Sudeste,45-54,2023-06-20
C16053,SP,Sudeste,25-34,2025-09-02
C16054,MG,Sudeste,45-54,2022-09-03
C16055,ES,Sudeste,18-24,2025-08-28
C16056,RJ,Sudeste,25-34,2023-12-16
C16057,SP,Sudeste,18-24,2025-11-10
C16058,RS,Sul,55+,2025-11-01
C16059,BA,Nordeste,25-34,2024-06-20
C16060,RJ,Sudeste,55+,2024-04-03
C16061,RS,Sul,35-44,2025-01-18
C16062,PR,Sul,25-34,2025-02-25
C16063,RJ,Sudeste,45-54,2025-12-01
C16064,SP,Sudeste,25-34,2024-02-23
C16065,SP,Sudeste,25-34,2025-12-26
C16066,SP,Sudeste,35-44,2022-09-15
C16067,RJ,Sudeste,35-44,2025-03-26
C16068,SC,Sul,35-44,2023-11-11
C16069,SP,Sudeste,35-44,2025-04-23
C16070,RS,Sul,35-44,2022-08-21
C16071,RJ,Sudeste,25-34,2025-11-28
C16072,MG,Sudeste,25-34,2025-06-19
C16073,RS,Sul,25-34,2022-06-14
C16074,RJ,Sudeste,35-44,2024-03-29
C16075,SC,Sul,25-34,2022-04-10
C16076,MG,Sudeste,35-44,2025-08-19
C16077,MG,Sudeste,25-34,2024-07-26
C16078,SP,Sudeste,35-44,2022-02-20
C16079,SP,Sudeste,35-44,2021-12-19
C16080,MG,Sudeste,25-34,2022-08-29
C16081,AM,Norte,35-44,2023-07-07
C16082,MG,Sudeste,18-24,2023-08-16
C16083,ES,Sudeste,35-44,2024-01-14
C16084,SP,Sudeste,25-34,2023-05-19
C16085,SP,Sudeste,18-24,2025-09-27
C16086,PR,Sul,35-44,2022-01-19
C16087,SP,Sudeste,35-44,2023-11-21
C16088,PR,Sul,35-44,2022-10-06
C16089,SP,Sudeste,35-44,2024-01-15
C16090,SP,Sudeste,45-54,2022-11-17
C16091,MG,Sudeste,25-34,2022-09-21
C16092,RS,Sul,35-44,2025-05-11
C16093,RN,Nordeste,35-44,2024-05-19
C16094,GO,Centro-Oeste,55+,2023-08-18
C16095,RJ,Sudeste,35-44,2022-10-06
C16096,DF,Centro-Oeste,55+,2022-09-22
C16097,PR,Sul,55+,2023-04-07
C16098,DF,Centro-Oeste,25-34,2023-10-27
C16099,PR,Sul,55+,2023-04-28
C16100,SP,Sudeste,35-44,2022-06-22
C16101,SP,Sudeste,18-24,2025-02-24
C16102,MG,Sudeste,45-54,2022-01-22
C16103,MG,Sudeste,18-24,2024-11-21
C16104,MG,Sudeste,35-44,2024-08-09
C16105,BA,Nordeste,35-44,2023-06-26
C16106,SP,Sudeste,25-34,2025-08-31
C16107,RS,Sul,35-44,2023-08-26
C16108,PE,Nordeste,25-34,2024-09-27
C16109,DF,Centro-Oeste,18-24,2025-04-12
C16110,MG,Sudeste,25-34,2025-01-28
C16111,MG,Sudeste,45-54,2022-04-09
C16112,SP,Sudeste,25-34,2022-08-22
C16113,SP,Sudeste,45-54,2025-10-13
C16114,SP,Sudeste,18-24,2022-04-18
C16115,DF,Centro-Oeste,45-54,2022-02-19
C16116,BA,Nordeste,35-44,2025-01-18
C16117,BA,Nordeste,25-34,2024-04-13
C16118,MG,Sudeste,25-34,2025-04-27
C16119,MG,Sudeste,25-34,2024-03-25
C16120,RJ,Sudeste,35-44,2025-09-17
C16121,RJ,Sudeste,55+,2022-06-24
C16122,RJ,Sudeste,25-34,2024-08-07
C16123,RJ,Sudeste,35-44,2024-04-12
C16124,GO,Centro-Oeste,45-54,2025-07-12
C16125,SP,Sudeste,18-24,2024-07-23
C16126,MG,Sudeste,35-44,2025-08-22
C16127,PA,Norte,25-34,2024-06-06
C16128,PR,Sul,35-44,2022-12-30
C16129,CE,Nordeste,25-34,2024-03-06
C16130,SP,Sudeste,35-44,2023-07-19
C16131,PE,Nordeste,55+,2022-05-23
C16132,SP,Sudeste,45-54,2024-10-12
C16133,SP,Sudeste,45-54,2025-07-15
C16134,CE,Nordeste,35-44,2024-11-15
C16135,MG,Sudeste,35-44,2023-03-26
C16136,SP,Sudeste,25-34,2025-12-31
C16137,MG,Sudeste,25-34,2024-03-26
C16138,SP,Sudeste,35-44,2023-08-26
C16139,SP,Sudeste,18-24,2023-09-12
C16140,SP,Sudeste,35-44,2023-09-26
C16141,MG,Sudeste,55+,2022-07-10
C16142,SP,Sudeste,35-44,2025-06-20
C16143,RS,Sul,45-54,2025-03-27
C16144,MG,Sudeste,35-44,2024-09-19
C16145,DF,Centro-Oeste,25-34,2025-08-14
C16146,SP,Sudeste,35-44,2023-05-23
C16147,PR,Sul,18-24,2025-11-20
C16148,SP,Sudeste,45-54,2023-09-22
C16149,MG,Sudeste,25-34,2023-04-30
C16150,SP,Sudeste,35-44,2023-03-23
C16151,RJ,Sudeste,35-44,2024-09-03
C16152,SP,Sudeste,25-34,2024-10-03
C16153,SP,Sudeste,25-34,2025-06-25
C16154,PR,Sul,45-54,2025-04-09
C16155,PE,Nordeste,35-44,2023-04-03
C16156,PR,Sul,25-34,2023-03-04
C16157,CE,Nordeste,35-44,2022-12-04
C16158,SP,Sudeste,18-24,2022-12-24
C16159,SP,Sudeste,45-54,2024-05-14
C16160,SP,Sudeste,45-54,2025-10-29
C16161,SP,Sudeste,18-24,2023-12-14
C16162,PR,Sul,35-44,2024-03-11
C16163,SP,Sudeste,18-24,2025-01-11
C16164,MG,Sudeste,25-34,2024-12-24
C16165,SP,Sudeste,35-44,2024-04-28
C16166,SP,Sudeste,35-44,2025-10-19
C16167,RJ,Sudeste,25-34,2024-03-18
C16168,RJ,Sudeste,45-54,2023-08-22
C16169,DF,Centro-Oeste,25-34,2024-05-28
C16170,PE,Nordeste,35-44,2024-09-23
C16171,SP,Sudeste,55+,2025-03-26
C16172,SP,Sudeste,45-54,2024-06-15
C16173,RJ,Sudeste,45-54,2023-07-17
C16174,BA,Nordeste,25-34,2025-06-18
C16175,SP,Sudeste,45-54,2024-05-09
C16176,RJ,Sudeste,25-34,2024-05-30
C16177,SP,Sudeste,45-54,2025-02-04
C16178,SP,Sudeste,55+,2024-10-18
C16179,SC,Sul,35-44,2025-12-31
C16180,MG,Sudeste,25-34,2025-01-27
C16181,RS,Sul,55+,2025-03-07
C16182,SC,Sul,35-44,2024-09-15
C16183,RJ,Sudeste,35-44,2025-07-25
C16184,SP,Sudeste,18-24,2024-05-20
C16185,MG,Sudeste,35-44,2023-05-06
C16186,SP,Sudeste,45-54,2024-05-13
C16187,DF,Centro-Oeste,25-34,2025-10-18
C16188,SC,Sul,35-44,2025-08-31
C16189,RS,Sul,35-44,2024-02-03
C16190,PE,Nordeste,55+,2023-11-30
C16191,ES,Sudeste,35-44,2023-11-01
C16192,RJ,Sudeste,55+,2024-10-29
C16193,PE,Nordeste,25-34,2025-10-15
C16194,SP,Sudeste,25-34,2024-04-15
C16195,SP,Sudeste,25-34,2022-12-17
C16196,DF,Centro-Oeste,45-54,2023-10-05
C16197,PE,Nordeste,55+,2025-10-09
C16198,SP,Sudeste,45-54,2023-07-15
C16199,RN,Nordeste,35-44,2022-05-04
C16200,MG,Sudeste,35-44,2025-01-31
C16201,SP,Sudeste,25-34,2025-02-16
C16202,RJ,Sudeste,45-54,2025-08-01
C16203,SP,Sudeste,35-44,2024-05-10
C16204,MG,Sudeste,55+,2025-04-20
C16205,RJ,Sudeste,35-44,2022-05-03
C16206,RJ,Sudeste,55+,2025-07-10
C16207,SP,Sudeste,25-34,2024-07-15
C16208,PR,Sul,35-44,2025-11-01
C16209,MG,Sudeste,25-34,2024-02-12
C16210,PR,Sul,25-34,2022-03-27
C16211,MG,Sudeste,35-44,2023-01-24
C16212,SP,Sudeste,25-34,2025-10-15
C16213,ES,Sudeste,25-34,2023-04-25
C16214,SP,Sudeste,35-44,2024-10-09
C16215,RJ,Sudeste,55+,2022-09-24
C16216,MG,Sudeste,25-34,2025-05-03
C16217,SC,Sul,45-54,2025-01-13
C16218,SP,Sudeste,55+,2023-01-04
C16219,SC,Sul,25-34,2025-01-23
C16220,SP,Sudeste,45-54,2023-06-03
C16221,RJ,Sudeste,18-24,2025-10-19
C16222,SP,Sudeste,55+,2024-10-27
C16223,BA,Nordeste,45-54,2023-04-29
C16224,SP,Sudeste,25-34,2023-11-12
C16225,SP,Sudeste,35-44,2024-10-22
C16226,PE,Nordeste,55+,2023-04-30
C16227,CE,Nordeste,18-24,2024-05-18
C16228,MG,Sudeste,25-34,2023-10-17
C16229,PA,Norte,55+,2023-05-19
C16230,DF,Centro-Oeste,35-44,2024-07-22
C16231,RJ,Sudeste,25-34,2023-10-12
C16232,RJ,Sudeste,35-44,2023-12-27
C16233,MT,Centro-Oeste,25-34,2025-09-08
C16234,RJ,Sudeste,35-44,2023-11-01
C16235,PR,Sul,35-44,2022-06-15
C16236,MT,Centro-Oeste,35-44,2023-02-08
C16237,SP,Sudeste,35-44,2023-03-25
C16238,MG,Sudeste,45-54,2024-05-20
C16239,SP,Sudeste,45-54,2022-02-18
C16240,RJ,Sudeste,45-54,2025-04-29
C16241,SC,Sul,25-34,2023-09-23
C16242,RJ,Sudeste,45-54,2025-06-14
C16243,SP,Sudeste,55+,2024-03-12
C16244,SP,Sudeste,25-34,2023-12-16
C16245,SP,Sudeste,35-44,2025-02-20
C16246,SP,Sudeste,35-44,2025-10-25
C16247,PR,Sul,25-34,2023-11-28
C16248,BA,Nordeste,18-24,2025-12-05
C16249,SC,Sul,25-34,2025-05-29
C16250,PR,Sul,55+,2024-05-24
C16251,SP,Sudeste,55+,2023-05-21
C16252,RS,Sul,25-34,2023-02-18
C16253,RJ,Sudeste,18-24,2022-06-10
C16254,CE,Nordeste,35-44,2024-12-12
C16255,BA,Nordeste,55+,2025-10-08
C16256,SP,Sudeste,45-54,2025-06-29
C16257,CE,Nordeste,25-34,2025-08-20
C16258,RN,Nordeste,45-54,2024-05-13
C16259,SP,Sudeste,35-44,2025-06-28
C16260,AM,Norte,45-54,2025-07-24
C16261,SC,Sul,25-34,2022-03-25
C16262,BA,Nordeste,35-44,2022-09-06
C16263,RS,Sul,18-24,2023-09-10
C16264,BA,Nordeste,55+,2025-03-14
C16265,BA,Nordeste,25-34,2023-04-10
C16266,RJ,Sudeste,45-54,2023-12-30
C16267,SP,Sudeste,45-54,2024-09-30
C16268,PR,Sul,55+,2023-02-02
C16269,RJ,Sudeste,35-44,2023-08-27
C16270,SC,Sul,35-44,2022-08-31
C16271,RS,Sul,35-44,2024-06-08
C16272,SP,Sudeste,35-44,2024-05-22
C16273,MG,Sudeste,55+,2023-01-08
C16274,GO,Centro-Oeste,25-34,2024-11-23
C16275,MG,Sudeste,18-24,2022-11-23
C16276,SP,Sudeste,25-34,2025-08-04
C16277,SC,Sul,25-34,2022-12-27
C16278,PR,Sul,25-34,2024-07-29
C16279,DF,Centro-Oeste,25-34,2024-10-08
C16280,PR,Sul,25-34,2023-06-11
C16281,RJ,Sudeste,25-34,2024-05-17
C16282,MG,Sudeste,45-54,2024-12-18
C16283,PE,Nordeste,35-44,2025-01-29
C16284,GO,Centro-Oeste,45-54,2024-03-03
C16285,SC,Sul,25-34,2022-07-15
C16286,SP,Sudeste,55+,2023-12-11
C16287,SC,Sul,25-34,2024-01-07
C16288,SP,Sudeste,25-34,2022-11-27
C16289,RS,Sul,25-34,2024-01-18
C16290,PR,Sul,35-44,2024-06-02
C16291,SP,Sudeste,35-44,2023-11-19
C16292,PA,Norte,35-44,2023-06-02
C16293,RJ,Sudeste,55+,2022-04-07
C16294,SP,Sudeste,25-34,2022-09-30
C16295,DF,Centro-Oeste,18-24,2024-05-29
C16296,BA,Nordeste,25-34,2024-11-05
C16297,SP,Sudeste,35-44,2023-01-30
C16298,BA,Nordeste,45-54,2024-07-19
C16299,DF,Centro-Oeste,45-54,2022-12-16
C16300,RN,Nordeste,55+,2025-10-03
C16301,PE,Nordeste,35-44,2025-09-26
C16302,SP,Sudeste,35-44,2023-12-26
C16303,RS,Sul,35-44,2022-02-02
C16304,PR,Sul,35-44,2025-11-17
C16305,PR,Sul,25-34,2025-07-07
C16306,SP,Sudeste,35-44,2025-10-04
C16307,SP,Sudeste,45-54,2023-03-06
C16308,MG,Sudeste,45-54,2023-12-14
C16309,MG,Sudeste,45-54,2022-06-04
C16310,RJ,Sudeste,25-34,2024-02-23
C16311,MG,Sudeste,45-54,2025-01-19
C16312,CE,Nordeste,45-54,2025-09-27
C16313,SP,Sudeste,18-24,2023-04-22
C16314,MG,Sudeste,55+,2022-07-22
C16315,SP,Sudeste,55+,2023-12-20
C16316,SP,Sudeste,25-34,2024-08-21
C16317,SP,Sudeste,25-34,2024-01-12
C16318,RJ,Sudeste,35-44,2022-03-10
C16319,SP,Sudeste,45-54,2024-08-07
C16320,RS,Sul,25-34,2022-10-22
C16321,CE,Nordeste,35-44,2024-12-14
C16322,RJ,Sudeste,35-44,2025-06-29
C16323,RJ,Sudeste,45-54,2025-07-28
C16324,SP,Sudeste,25-34,2025-09-10
C16325,ES,Sudeste,45-54,2025-05-28
C16326,SP,Sudeste,18-24,2024-11-20
C16327,SP,Sudeste,25-34,2022-12-28
C16328,RJ,Sudeste,25-34,2023-12-11
C16329,CE,Nordeste,55+,2025-12-06
C16330,BA,Nordeste,35-44,2024-08-10
C16331,GO,Centro-Oeste,45-54,2025-06-06
C16332,SP,Sudeste,45-54,2024-09-18
C16333,CE,Nordeste,35-44,2025-03-26
C16334,PR,Sul,25-34,2024-05-12
C16335,SC,Sul,25-34,2022-07-06
C16336,SP,Sudeste,18-24,2025-02-22
C16337,RN,Nordeste,25-34,2023-08-02
C16338,RJ,Sudeste,25-34,2023-05-19
C16339,BA,Nordeste,35-44,2025-07-01
C16340,SP,Sudeste,18-24,2022-01-28
C16341,PE,Nordeste,45-54,2025-01-26
C16342,SP,Sudeste,45-54,2025-11-02
C16343,RJ,Sudeste,35-44,2024-11-18
C16344,RS,Sul,25-34,2023-08-20
C16345,RJ,Sudeste,25-34,2025-04-14
C16346,SP,Sudeste,25-34,2024-11-04
C16347,SP,Sudeste,55+,2024-10-29
C16348,SP,Sudeste,35-44,2025-01-25
C16349,BA,Nordeste,18-24,2025-07-08
C16350,RS,Sul,35-44,2025-04-28
C16351,RJ,Sudeste,55+,2025-03-31
C16352,SP,Sudeste,25-34,2025-10-10
C16353,RS,Sul,45-54,2024-04-12
C16354,DF,Centro-Oeste,45-54,2025-01-07
C16355,SP,Sudeste,45-54,2021-12-12
C16356,PE,Nordeste,25-34,2023-01-14
C16357,CE,Nordeste,25-34,2024-10-08
C16358,GO,Centro-Oeste,45-54,2025-12-17
C16359,SC,Sul,25-34,2024-09-27
C16360,BA,Nordeste,45-54,2025-04-16
C16361,SP,Sudeste,45-54,2023-09-23
C16362,SP,Sudeste,25-34,2023-10-03
C16363,RJ,Sudeste,35-44,2023-07-18
C16364,BA,Nordeste,25-34,2024-05-08
C16365,SP,Sudeste,25-34,2024-12-26
C16366,PR,Sul,25-34,2022-06-17
C16367,RJ,Sudeste,25-34,2024-12-23
C16368,SC,Sul,35-44,2025-04-28
C16369,RS,Sul,35-44,2025-10-21
C16370,MG,Sudeste,18-24,2024-12-27
C16371,SP,Sudeste,55+,2025-06-26
C16372,SP,Sudeste,45-54,2022-05-04
C16373,RN,Nordeste,25-34,2022-03-21
C16374,RJ,Sudeste,55+,2023-12-23
C16375,RJ,Sudeste,18-24,2025-07-01
C16376,MG,Sudeste,25-34,2024-01-11
C16377,MG,Sudeste,25-34,2024-05-08
C16378,GO,Centro-Oeste,35-44,2024-10-04
C16379,SP,Sudeste,55+,2022-10-13
C16380,SP,Sudeste,55+,2025-03-18
C16381,RJ,Sudeste,45-54,2023-01-07
C16382,RS,Sul,35-44,2023-03-07
C16383,PR,Sul,18-24,2025-01-04
C16384,PR,Sul,25-34,2024-07-29
C16385,SP,Sudeste,35-44,2023-08-13
C16386,SP,Sudeste,45-54,2023-07-26
C16387,MG,Sudeste,35-44,2023-04-21
C16388,SP,Sudeste,45-54,2025-01-16
C16389,MG,Sudeste,25-34,2024-10-03
C16390,SP,Sudeste,25-34,2024-01-14
C16391,SP,Sudeste,25-34,2021-12-21
C16392,DF,Centro-Oeste,18-24,2023-08-01
C16393,PA,Norte,55+,2024-11-02
C16394,SP,Sudeste,35-44,2023-05-18
C16395,RJ,Sudeste,25-34,2022-05-31
C16396,MT,Centro-Oeste,25-34,2024-02-28
C16397,SP,Sudeste,45-54,2022-04-08
C16398,PR,Sul,35-44,2023-02-13
C16399,RJ,Sudeste,35-44,2023-11-06
C16400,PE,Nordeste,25-34,2022-10-26
C16401,SP,Sudeste,45-54,2023-12-24
C16402,PE,Nordeste,25-34,2022-04-06
C16403,GO,Centro-Oeste,18-24,2023-07-16
C16404,MG,Sudeste,35-44,2023-06-15
C16405,MG,Sudeste,35-44,2025-03-26
C16406,MG,Sudeste,35-44,2023-01-29
C16407,MG,Sudeste,18-24,2025-04-05
C16408,SP,Sudeste,35-44,2025-10-11
C16409,SP,Sudeste,25-34,2024-04-25
C16410,RS,Sul,55+,2024-10-05
C16411,RJ,Sudeste,25-34,2025-07-26
C16412,PA,Norte,35-44,2024-03-30
C16413,SP,Sudeste,45-54,2023-04-13
C16414,BA,Nordeste,35-44,2023-07-23
C16415,RS,Sul,25-34,2023-05-20
C16416,RJ,Sudeste,35-44,2022-06-14
C16417,MG,Sudeste,45-54,2024-10-12
C16418,RJ,Sudeste,25-34,2025-01-08
C16419,MG,Sudeste,25-34,2025-09-08
C16420,MG,Sudeste,25-34,2025-09-29
C16421,BA,Nordeste,25-34,2023-06-28
C16422,SP,Sudeste,55+,2025-02-08
C16423,MG,Sudeste,35-44,2022-10-31
C16424,PR,Sul,18-24,2023-05-22
C16425,SP,Sudeste,35-44,2022-05-22
C16426,SP,Sudeste,18-24,2022-01-11
C16427,PR,Sul,25-34,2025-06-27
C16428,RJ,Sudeste,55+,2023-03-07
C16429,SP,Sudeste,25-34,2024-02-26
C16430,AM,Norte,55+,2022-05-13
C16431,BA,Nordeste,25-34,2022-10-14
C16432,RJ,Sudeste,35-44,2024-01-08
C16433,SP,Sudeste,25-34,2024-04-17
C16434,SP,Sudeste,35-44,2022-05-06
C16435,RJ,Sudeste,25-34,2024-07-22
C16436,SP,Sudeste,45-54,2022-04-19
C16437,SC,Sul,45-54,2025-03-13
C16438,SP,Sudeste,45-54,2025-10-17
C16439,RN,Nordeste,35-44,2025-12-10
C16440,SP,Sudeste,25-34,2022-05-27
C16441,MG,Sudeste,25-34,2024-05-21
C16442,MG,Sudeste,35-44,2022-11-20
C16443,RJ,Sudeste,45-54,2024-03-26
C16444,DF,Centro-Oeste,35-44,2024-02-11
C16445,MG,Sudeste,35-44,2025-03-19
C16446,CE,Nordeste,35-44,2023-03-12
C16447,MG,Sudeste,45-54,2024-03-25
C16448,CE,Nordeste,55+,2022-09-23
C16449,CE,Nordeste,35-44,2023-06-13
C16450,BA,Nordeste,35-44,2023-08-24
C16451,RJ,Sudeste,35-44,2024-03-30
C16452,SP,Sudeste,45-54,2025-06-04
C16453,SP,Sudeste,55+,2023-04-28
C16454,MG,Sudeste,35-44,2023-11-07
C16455,SP,Sudeste,25-34,2025-01-28
C16456,SP,Sudeste,25-34,2024-04-10
C16457,RJ,Sudeste,25-34,2022-01-09
C16458,PR,Sul,25-34,2024-08-29
C16459,PE,Nordeste,25-34,2025-10-17
C16460,DF,Centro-Oeste,35-44,2024-02-12
C16461,SC,Sul,35-44,2024-08-02
C16462,PA,Norte,45-54,2023-05-11
C16463,CE,Nordeste,45-54,2024-06-11
C16464,PR,Sul,25-34,2025-03-24
C16465,SP,Sudeste,35-44,2025-07-12
C16466,PR,Sul,35-44,2022-11-08
C16467,PE,Nordeste,45-54,2025-10-29
C16468,BA,Nordeste,25-34,2022-07-31
C16469,PE,Nordeste,25-34,2023-07-10
C16470,RS,Sul,55+,2025-09-01
C16471,PA,Norte,55+,2025-11-18
C16472,BA,Nordeste,18-24,2024-05-14
C16473,SP,Sudeste,55+,2025-08-15
C16474,ES,Sudeste,45-54,2025-03-12
C16475,SP,Sudeste,35-44,2024-06-07
C16476,AM,Norte,45-54,2022-12-08
C16477,RS,Sul,25-34,2025-08-03
C16478,SP,Sudeste,25-34,2024-11-16
C16479,SC,Sul,35-44,2025-02-08
C16480,SP,Sudeste,18-24,2024-08-16
C16481,SP,Sudeste,25-34,2023-05-01
C16482,MG,Sudeste,35-44,2025-05-11
C16483,SP,Sudeste,25-34,2025-06-01
C16484,ES,Sudeste,35-44,2025-11-27
C16485,PR,Sul,35-44,2023-04-02
C16486,RJ,Sudeste,25-34,2022-01-06
C16487,SP,Sudeste,45-54,2023-03-11
C16488,DF,Centro-Oeste,18-24,2023-01-04
C16489,SP,Sudeste,25-34,2023-12-18
C16490,SP,Sudeste,18-24,2024-01-18
C16491,RS,Sul,25-34,2025-06-17
C16492,SP,Sudeste,25-34,2024-08-26
C16493,SP,Sudeste,35-44,2024-10-01
C16494,RJ,Sudeste,45-54,2024-09-30
C16495,MT,Centro-Oeste,25-34,2024-01-01
C16496,PE,Nordeste,35-44,2022-07-13
C16497,CE,Nordeste,25-34,2024-04-29
C16498,MG,Sudeste,25-34,2025-11-13
C16499,SP,Sudeste,25-34,2025-08-24
C16500,MG,Sudeste,55+,2025-03-01
C16501,ES,Sudeste,55+,2023-08-27
C16502,SP,Sudeste,25-34,2023-06-17
C16503,SP,Sudeste,45-54,2022-03-07
C16504,RJ,Sudeste,18-24,2022-10-19
C16505,PR,Sul,55+,2023-08-25
C16506,PE,Nordeste,45-54,2025-01-29
C16507,MG,Sudeste,35-44,2025-09-18
C16508,DF,Centro-Oeste,25-34,2024-03-13
C16509,MG,Sudeste,25-34,2025-02-06
C16510,CE,Nordeste,18-24,2024-02-08
C16511,SC,Sul,25-34,2025-04-17
C16512,MG,Sudeste,25-34,2025-11-20
C16513,SP,Sudeste,18-24,2025-09-08
C16514,SC,Sul,18-24,2023-01-04
C16515,SP,Sudeste,35-44,2024-04-02
C16516,RJ,Sudeste,45-54,2025-01-06
C16517,RS,Sul,25-34,2025-01-18
C16518,RJ,Sudeste,18-24,2023-02-03
C16519,DF,Centro-Oeste,25-34,2025-01-22
C16520,SP,Sudeste,25-34,2022-07-05
C16521,SP,Sudeste,35-44,2023-11-29
C16522,BA,Nordeste,18-24,2022-07-21
C16523,SC,Sul,35-44,2024-11-21
C16524,SP,Sudeste,55+,2024-09-19
C16525,SP,Sudeste,18-24,2023-08-09
C16526,PR,Sul,25-34,2023-12-06
C16527,SP,Sudeste,35-44,2023-12-04
C16528,RS,Sul,25-34,2023-05-07
C16529,CE,Nordeste,55+,2025-05-28
C16530,SC,Sul,55+,2022-10-10
C16531,SP,Sudeste,18-24,2024-04-16
C16532,SP,Sudeste,45-54,2023-12-26
C16533,PE,Nordeste,25-34,2024-05-14
C16534,PE,Nordeste,35-44,2024-03-18
C16535,SC,Sul,45-54,2025-12-06
C16536,PR,Sul,35-44,2022-07-09
C16537,SP,Sudeste,35-44,2023-11-04
C16538,PR,Sul,18-24,2022-01-23
C16539,PA,Norte,25-34,2022-09-17
C16540,MG,Sudeste,45-54,2024-07-15
C16541,PR,Sul,25-34,2025-12-03
C16542,AM,Norte,25-34,2025-04-04
C16543,MG,Sudeste,25-34,2025-05-12
C16544,BA,Nordeste,35-44,2024-07-20
C16545,MG,Sudeste,35-44,2022-06-21
C16546,PR,Sul,35-44,2025-10-27
C16547,MG,Sudeste,45-54,2025-10-14
C16548,SP,Sudeste,18-24,2025-10-26
C16549,RS,Sul,55+,2023-04-26
C16550,SP,Sudeste,25-34,2024-09-24
C16551,SP,Sudeste,25-34,2023-09-23
C16552,SP,Sudeste,35-44,2024-03-17
C16553,PE,Nordeste,45-54,2025-09-14
C16554,RJ,Sudeste,45-54,2025-05-02
C16555,SP,Sudeste,55+,2023-09-30
C16556,PR,Sul,25-34,2023-05-15
C16557,DF,Centro-Oeste,45-54,2025-02-14
C16558,RJ,Sudeste,45-54,2025-06-10
C16559,RJ,Sudeste,35-44,2022-08-31
C16560,PA,Norte,35-44,2023-08-20
C16561,SP,Sudeste,35-44,2024-12-04
C16562,PR,Sul,18-24,2024-02-25
C16563,SC,Sul,18-24,2023-03-12
C16564,SC,Sul,25-34,2024-12-12
C16565,RS,Sul,25-34,2022-07-26
C16566,SC,Sul,18-24,2024-04-28
C16567,DF,Centro-Oeste,25-34,2023-05-25
C16568,PE,Nordeste,25-34,2025-11-01
C16569,RS,Sul,35-44,2025-10-19
C16570,BA,Nordeste,55+,2022-06-02
C16571,BA,Nordeste,25-34,2024-12-07
C16572,MG,Sudeste,35-44,2024-11-28
C16573,GO,Centro-Oeste,25-34,2023-07-10
C16574,RS,Sul,35-44,2022-05-01
C16575,SC,Sul,45-54,2025-01-28
C16576,AM,Norte,35-44,2022-02-20
C16577,PR,Sul,35-44,2024-10-01
C16578,SP,Sudeste,35-44,2025-07-09
C16579,SP,Sudeste,55+,2025-04-16
C16580,SP,Sudeste,45-54,2024-11-30
C16581,PA,Norte,25-34,2022-04-28
C16582,SP,Sudeste,25-34,2025-06-15
C16583,SP,Sudeste,25-34,2024-08-05
C16584,PR,Sul,55+,2024-09-18
C16585,GO,Centro-Oeste,35-44,2025-06-08
C16586,SP,Sudeste,18-24,2024-05-07
C16587,MT,Centro-Oeste,18-24,2025-07-13
C16588,RS,Sul,18-24,2022-02-15
C16589,RS,Sul,35-44,2025-11-11
C16590,SP,Sudeste,25-34,2024-09-30
C16591,AM,Norte,25-34,2024-09-02
C16592,MG,Sudeste,55+,2024-10-15
C16593,SC,Sul,25-34,2024-11-29
C16594,RN,Nordeste,35-44,2023-04-11
C16595,PR,Sul,35-44,2024-06-18
C16596,RJ,Sudeste,25-34,2023-02-18
C16597,BA,Nordeste,25-34,2022-09-21
C16598,RJ,Sudeste,35-44,2024-01-15
C16599,SP,Sudeste,25-34,2022-11-07
C16600,MG,Sudeste,25-34,2025-05-08
C16601,CE,Nordeste,25-34,2024-03-24
C16602,PR,Sul,25-34,2025-02-01
C16603,PR,Sul,25-34,2025-06-15
C16604,PR,Sul,35-44,2025-05-21
C16605,SP,Sudeste,25-34,2022-10-05
C16606,MG,Sudeste,35-44,2022-06-04
C16607,BA,Nordeste,45-54,2024-10-06
C16608,RJ,Sudeste,25-34,2021-12-12
C16609,SP,Sudeste,55+,2024-04-11
C16610,RS,Sul,35-44,2024-05-27
C16611,MG,Sudeste,35-44,2023-10-05
C16612,PR,Sul,35-44,2023-03-12
C16613,SP,Sudeste,45-54,2023-07-29
C16614,PR,Sul,45-54,2024-12-01
C16615,PR,Sul,25-34,2024-09-22
C16616,SP,Sudeste,35-44,2022-09-26
C16617,SP,Sudeste,55+,2023-04-15
C16618,RS,Sul,55+,2023-03-08
C16619,DF,Centro-Oeste,45-54,2023-07-23
C16620,BA,Nordeste,45-54,2025-05-11
C16621,MG,Sudeste,18-24,2022-10-29
C16622,RJ,Sudeste,25-34,2025-11-08
C16623,RJ,Sudeste,45-54,2023-06-15
C16624,SC,Sul,18-24,2024-05-29
C16625,SP,Sudeste,25-34,2022-10-22
C16626,DF,Centro-Oeste,25-34,2023-02-07
C16627,PA,Norte,25-34,2023-07-16
C16628,RJ,Sudeste,55+,2024-07-30
C16629,GO,Centro-Oeste,45-54,2024-04-16
C16630,SP,Sudeste,25-34,2022-06-24
C16631,MT,Centro-Oeste,35-44,2025-10-08
C16632,SP,Sudeste,18-24,2025-10-11
C16633,CE,Nordeste,35-44,2025-09-23
C16634,SP,Sudeste,55+,2024-08-30
C16635,RJ,Sudeste,55+,2025-11-05
C16636,PR,Sul,35-44,2024-11-05
C16637,MT,Centro-Oeste,55+,2025-08-18
C16638,RJ,Sudeste,35-44,2024-09-20
C16639,SP,Sudeste,35-44,2025-12-24
C16640,ES,Sudeste,55+,2024-01-06
C16641,BA,Nordeste,45-54,2022-12-20
C16642,SP,Sudeste,45-54,2023-03-14
C16643,SP,Sudeste,35-44,2024-07-28
C16644,RJ,Sudeste,45-54,2023-10-11
C16645,BA,Nordeste,35-44,2024-09-30
C16646,MG,Sudeste,25-34,2025-01-28
C16647,MG,Sudeste,45-54,2025-08-29
C16648,GO,Centro-Oeste,35-44,2025-11-29
C16649,RS,Sul,35-44,2023-05-10
C16650,PR,Sul,25-34,2025-12-18
C16651,MG,Sudeste,25-34,2022-12-25
C16652,RS,Sul,35-44,2025-06-07
C16653,SP,Sudeste,45-54,2024-04-16
C16654,SP,Sudeste,25-34,2024-02-16
C16655,SP,Sudeste,18-24,2022-08-17
C16656,RS,Sul,35-44,2024-06-08
C16657,SP,Sudeste,25-34,2025-10-14
C16658,MG,Sudeste,35-44,2023-05-21
C16659,SC,Sul,25-34,2025-07-31
C16660,MG,Sudeste,35-44,2022-10-03
C16661,MG,Sudeste,55+,2025-02-05
C16662,SP,Sudeste,45-54,2023-09-27
C16663,RJ,Sudeste,35-44,2024-12-20
C16664,SP,Sudeste,45-54,2024-11-02
C16665,RS,Sul,25-34,2022-09-18
C16666,MG,Sudeste,25-34,2025-08-06
C16667,SP,Sudeste,25-34,2025-11-14
C16668,SP,Sudeste,35-44,2024-04-11
C16669,BA,Nordeste,35-44,2024-06-02
C16670,GO,Centro-Oeste,25-34,2025-06-01
C16671,RJ,Sudeste,35-44,2023-05-25
C16672,PR,Sul,25-34,2024-01-25
C16673,PR,Sul,35-44,2025-05-05
C16674,MG,Sudeste,35-44,2022-03-22
C16675,RJ,Sudeste,25-34,2024-06-13
C16676,PA,Norte,35-44,2024-02-14
C16677,SP,Sudeste,35-44,2025-01-23
C16678,RS,Sul,25-34,2024-11-24
C16679,DF,Centro-Oeste,25-34,2024-05-25
C16680,SP,Sudeste,25-34,2023-01-14
C16681,SP,Sudeste,25-34,2024-05-31
C16682,RJ,Sudeste,55+,2025-11-27
C16683,ES,Sudeste,35-44,2023-10-08
C16684,SP,Sudeste,25-34,2025-02-06
C16685,SP,Sudeste,35-44,2025-12-03
C16686,SP,Sudeste,55+,2022-05-28
C16687,RS,Sul,35-44,2025-11-28
C16688,DF,Centro-Oeste,35-44,2022-06-25
C16689,DF,Centro-Oeste,25-34,2023-04-08
C16690,RS,Sul,25-34,2025-04-27
C16691,GO,Centro-Oeste,18-24,2024-04-19
C16692,PR,Sul,35-44,2022-05-21
C16693,PR,Sul,45-54,2024-03-06
C16694,PE,Nordeste,35-44,2025-07-06
C16695,SC,Sul,35-44,2024-02-07
C16696,MG,Sudeste,35-44,2022-12-22
C16697,SP,Sudeste,35-44,2022-11-27
C16698,RJ,Sudeste,35-44,2025-04-29
C16699,SP,Sudeste,25-34,2023-07-07
C16700,RJ,Sudeste,45-54,2025-03-09
C16701,SP,Sudeste,35-44,2024-02-09
C16702,BA,Nordeste,55+,2022-07-17
C16703,MG,Sudeste,18-24,2022-11-09
C16704,PE,Nordeste,45-54,2023-09-08
C16705,DF,Centro-Oeste,45-54,2024-08-04
C16706,ES,Sudeste,25-34,2023-06-21
C16707,CE,Nordeste,35-44,2024-09-04
C16708,SP,Sudeste,25-34,2023-09-01
C16709,BA,Nordeste,25-34,2024-04-26
C16710,RJ,Sudeste,35-44,2025-07-28
C16711,PR,Sul,35-44,2023-05-15
C16712,PR,Sul,35-44,2023-09-22
C16713,RJ,Sudeste,45-54,2024-12-04
C16714,SP,Sudeste,25-34,2025-08-02
C16715,RJ,Sudeste,18-24,2022-07-07
C16716,SP,Sudeste,25-34,2024-10-06
C16717,SP,Sudeste,25-34,2022-04-08
C16718,SP,Sudeste,45-54,2022-08-20
C16719,GO,Centro-Oeste,35-44,2025-03-08
C16720,SP,Sudeste,45-54,2024-11-12
C16721,SP,Sudeste,18-24,2023-08-15
C16722,SP,Sudeste,35-44,2024-11-02
C16723,SP,Sudeste,45-54,2025-07-20
C16724,PA,Norte,45-54,2024-03-27
C16725,BA,Nordeste,25-34,2024-09-10
C16726,PE,Nordeste,55+,2024-06-06
C16727,PE,Nordeste,25-34,2024-08-16
C16728,MT,Centro-Oeste,35-44,2022-06-05
C16729,SP,Sudeste,25-34,2025-04-28
C16730,PE,Nordeste,35-44,2023-08-22
C16731,SP,Sudeste,25-34,2024-09-14
C16732,DF,Centro-Oeste,18-24,2025-05-07
C16733,SP,Sudeste,35-44,2023-09-03
C16734,SC,Sul,35-44,2023-04-04
C16735,SP,Sudeste,45-54,2025-03-26
C16736,PE,Nordeste,35-44,2024-12-28
C16737,BA,Nordeste,45-54,2023-12-19
C16738,SP,Sudeste,25-34,2024-06-08
C16739,SP,Sudeste,45-54,2023-10-04
C16740,SP,Sudeste,35-44,2023-01-29
C16741,BA,Nordeste,25-34,2025-06-27
C16742,RN,Nordeste,35-44,2025-07-08
C16743,SP,Sudeste,45-54,2025-08-05
C16744,RS,Sul,25-34,2024-03-06
C16745,PR,Sul,45-54,2024-03-07
C16746,MG,Sudeste,25-34,2022-06-03
C16747,SP,Sudeste,45-54,2024-05-11
C16748,SP,Sudeste,25-34,2025-12-31
C16749,SP,Sudeste,45-54,2024-03-15
C16750,BA,Nordeste,25-34,2024-07-08
C16751,SP,Sudeste,25-34,2025-04-26
C16752,SP,Sudeste,45-54,2024-08-12
C16753,SP,Sudeste,35-44,2023-10-24
C16754,RJ,Sudeste,45-54,2025-07-16
C16755,BA,Nordeste,25-34,2023-11-29
C16756,PR,Sul,35-44,2023-08-05
C16757,MG,Sudeste,35-44,2023-11-22
C16758,PE,Nordeste,35-44,2023-08-26
C16759,RJ,Sudeste,35-44,2024-03-16
C16760,PR,Sul,25-34,2024-09-23
C16761,RJ,Sudeste,55+,2025-02-10
C16762,PR,Sul,25-34,2023-11-01
C16763,SP,Sudeste,18-24,2023-09-26
C16764,RJ,Sudeste,35-44,2024-06-14
C16765,SP,Sudeste,25-34,2024-11-17
C16766,SP,Sudeste,55+,2023-12-29
C16767,RS,Sul,18-24,2025-11-07
C16768,SP,Sudeste,35-44,2025-11-19
C16769,SP,Sudeste,18-24,2024-03-02
C16770,RJ,Sudeste,45-54,2024-07-15
C16771,MG,Sudeste,35-44,2024-11-30
C16772,DF,Centro-Oeste,18-24,2025-01-05
C16773,DF,Centro-Oeste,35-44,2024-08-12
C16774,SP,Sudeste,55+,2023-04-08
C16775,RJ,Sudeste,25-34,2022-08-08
C16776,MG,Sudeste,55+,2025-05-13
C16777,MG,Sudeste,25-34,2023-05-29
C16778,SP,Sudeste,18-24,2024-11-08
C16779,DF,Centro-Oeste,55+,2025-04-25
C16780,SP,Sudeste,18-24,2024-02-28
C16781,RS,Sul,25-34,2024-02-24
C16782,PE,Nordeste,55+,2023-12-06
C16783,DF,Centro-Oeste,25-34,2023-11-21
C16784,SC,Sul,25-34,2024-12-17
C16785,RJ,Sudeste,45-54,2025-12-22
C16786,MG,Sudeste,35-44,2025-05-16
C16787,PE,Nordeste,45-54,2025-11-26
C16788,SP,Sudeste,45-54,2024-12-17
C16789,AM,Norte,55+,2022-06-25
C16790,SP,Sudeste,18-24,2024-08-24
C16791,SC,Sul,25-34,2023-05-13
C16792,MG,Sudeste,35-44,2024-02-20
C16793,RJ,Sudeste,45-54,2024-10-27
C16794,RJ,Sudeste,35-44,2023-11-09
C16795,SP,Sudeste,25-34,2025-05-29
C16796,AM,Norte,45-54,2024-08-23
C16797,MG,Sudeste,25-34,2022-06-19
C16798,RS,Sul,35-44,2025-01-05
C16799,MT,Centro-Oeste,25-34,2024-09-29
C16800,SP,Sudeste,35-44,2025-09-30
C16801,ES,Sudeste,35-44,2025-01-28
C16802,RS,Sul,25-34,2024-10-01
C16803,SP,Sudeste,45-54,2023-09-10
C16804,DF,Centro-Oeste,25-34,2025-06-09
C16805,SP,Sudeste,25-34,2025-07-22
C16806,RJ,Sudeste,25-34,2022-03-19
C16807,PE,Nordeste,45-54,2024-05-25
C16808,BA,Nordeste,45-54,2023-04-07
C16809,SP,Sudeste,35-44,2024-01-14
C16810,SP,Sudeste,35-44,2023-09-25
C16811,BA,Nordeste,25-34,2024-07-12
C16812,SP,Sudeste,35-44,2024-09-24
C16813,PE,Nordeste,35-44,2025-08-24
C16814,RS,Sul,25-34,2025-03-14
C16815,PE,Nordeste,25-34,2025-09-18
C16816,SP,Sudeste,45-54,2024-10-08
C16817,RJ,Sudeste,45-54,2023-09-12
C16818,RJ,Sudeste,25-34,2023-02-26
C16819,SP,Sudeste,45-54,2024-08-15
C16820,RJ,Sudeste,45-54,2024-07-12
C16821,BA,Nordeste,25-34,2023-01-06
C16822,PE,Nordeste,25-34,2023-06-19
C16823,RJ,Sudeste,35-44,2024-02-08
C16824,SP,Sudeste,25-34,2023-09-18
C16825,ES,Sudeste,45-54,2024-09-24
C16826,SP,Sudeste,25-34,2023-03-28
C16827,DF,Centro-Oeste,45-54,2025-04-23
C16828,SP,Sudeste,45-54,2023-07-06
C16829,SP,Sudeste,45-54,2024-02-16
C16830,RJ,Sudeste,25-34,2025-12-05
C16831,SP,Sudeste,35-44,2024-04-04
C16832,MG,Sudeste,25-34,2025-11-27
C16833,RS,Sul,45-54,2023-09-28
C16834,CE,Nordeste,25-34,2024-11-29
C16835,PR,Sul,35-44,2023-05-15
C16836,RJ,Sudeste,35-44,2024-11-11
C16837,SP,Sudeste,25-34,2022-11-24
C16838,RJ,Sudeste,45-54,2023-11-17
C16839,BA,Nordeste,25-34,2024-01-11
C16840,RS,Sul,45-54,2025-08-05
C16841,DF,Centro-Oeste,18-24,2025-08-29
C16842,SP,Sudeste,45-54,2022-08-27
C16843,SP,Sudeste,35-44,2024-06-07
C16844,RS,Sul,25-34,2023-08-14
C16845,SP,Sudeste,35-44,2024-04-19
C16846,SP,Sudeste,18-24,2022-05-20
C16847,PA,Norte,25-34,2023-08-29
C16848,SP,Sudeste,25-34,2023-08-09
C16849,RJ,Sudeste,35-44,2025-07-10
C16850,CE,Nordeste,35-44,2024-10-29
C16851,GO,Centro-Oeste,35-44,2024-05-27
C16852,PR,Sul,45-54,2023-09-29
C16853,BA,Nordeste,25-34,2024-05-02
C16854,SP,Sudeste,35-44,2022-11-19
C16855,SC,Sul,55+,2025-11-10
C16856,MG,Sudeste,55+,2024-05-15
C16857,BA,Nordeste,35-44,2025-02-02
C16858,SP,Sudeste,35-44,2023-03-19
C16859,SP,Sudeste,25-34,2024-11-15
C16860,ES,Sudeste,35-44,2023-11-05
C16861,SP,Sudeste,35-44,2025-07-05
C16862,SP,Sudeste,45-54,2025-04-12
C16863,SC,Sul,45-54,2025-09-08
C16864,MG,Sudeste,18-24,2025-12-15
C16865,PA,Norte,18-24,2023-07-05
C16866,MG,Sudeste,35-44,2025-05-02
C16867,AM,Norte,35-44,2025-11-06
C16868,RS,Sul,35-44,2022-04-15
C16869,SC,Sul,35-44,2023-09-03
C16870,BA,Nordeste,25-34,2023-06-23
C16871,BA,Nordeste,35-44,2022-04-25
C16872,SP,Sudeste,25-34,2022-07-09
C16873,PE,Nordeste,35-44,2024-01-27
C16874,RJ,Sudeste,35-44,2022-12-30
C16875,RJ,Sudeste,35-44,2025-06-20
C16876,MT,Centro-Oeste,45-54,2022-06-27
C16877,MT,Centro-Oeste,25-34,2023-12-09
C16878,PR,Sul,35-44,2024-08-23
C16879,SP,Sudeste,18-24,2024-05-27
C16880,RJ,Sudeste,55+,2025-04-29
C16881,DF,Centro-Oeste,25-34,2024-05-15
C16882,SP,Sudeste,18-24,2023-03-18
C16883,MG,Sudeste,25-34,2023-06-10
C16884,BA,Nordeste,35-44,2024-10-21
C16885,MG,Sudeste,45-54,2024-06-08
C16886,SP,Sudeste,25-34,2024-01-14
C16887,MG,Sudeste,45-54,2024-01-01
C16888,SP,Sudeste,25-34,2025-07-12
C16889,PR,Sul,25-34,2025-10-11
C16890,SC,Sul,18-24,2025-12-05
C16891,RJ,Sudeste,18-24,2024-10-15
C16892,BA,Nordeste,25-34,2022-07-12
C16893,PA,Norte,35-44,2022-11-29
C16894,RS,Sul,25-34,2024-11-08
C16895,SP,Sudeste,35-44,2023-04-28
C16896,MG,Sudeste,45-54,2024-07-03
C16897,SC,Sul,35-44,2024-09-02
C16898,MT,Centro-Oeste,25-34,2023-12-28
C16899,SP,Sudeste,55+,2023-07-23
C16900,PR,Sul,18-24,2024-02-16
C16901,SP,Sudeste,55+,2025-09-24
C16902,PE,Nordeste,18-24,2022-11-27
C16903,RS,Sul,35-44,2025-06-15
C16904,SP,Sudeste,25-34,2023-04-16
C16905,PE,Nordeste,25-34,2025-02-05
C16906,SP,Sudeste,55+,2024-03-31
C16907,DF,Centro-Oeste,55+,2024-04-27
C16908,SP,Sudeste,25-34,2025-04-15
C16909,SP,Sudeste,25-34,2023-01-03
C16910,PR,Sul,45-54,2025-10-26
C16911,RJ,Sudeste,18-24,2023-03-29
C16912,SP,Sudeste,25-34,2024-02-22
C16913,RS,Sul,35-44,2024-01-28
C16914,SP,Sudeste,35-44,2025-12-23
C16915,CE,Nordeste,18-24,2025-10-14
C16916,RJ,Sudeste,25-34,2024-10-27
C16917,BA,Nordeste,18-24,2023-07-15
C16918,AM,Norte,25-34,2024-09-26
C16919,BA,Nordeste,18-24,2023-01-20
C16920,PR,Sul,45-54,2022-08-13
C16921,MG,Sudeste,18-24,2023-09-04
C16922,SP,Sudeste,35-44,2024-09-21
C16923,RJ,Sudeste,25-34,2023-11-25
C16924,RS,Sul,25-34,2023-07-27
C16925,SP,Sudeste,45-54,2025-06-15
C16926,PR,Sul,35-44,2024-04-17
C16927,PR,Sul,35-44,2025-06-19
C16928,SC,Sul,18-24,2022-09-20
C16929,DF,Centro-Oeste,55+,2025-07-24
C16930,SP,Sudeste,25-34,2023-07-09
C16931,ES,Sudeste,45-54,2023-12-04
C16932,SP,Sudeste,35-44,2025-09-16
C16933,SP,Sudeste,45-54,2025-04-09
C16934,GO,Centro-Oeste,25-34,2021-12-24
C16935,PE,Nordeste,25-34,2022-07-17
C16936,MG,Sudeste,25-34,2024-04-29
C16937,PR,Sul,25-34,2025-01-29
C16938,RJ,Sudeste,25-34,2025-03-08
C16939,SP,Sudeste,25-34,2025-10-22
C16940,MG,Sudeste,35-44,2024-06-30
C16941,PE,Nordeste,35-44,2022-08-03
C16942,MG,Sudeste,25-34,2024-06-04
C16943,PR,Sul,45-54,2023-08-30
C16944,CE,Nordeste,25-34,2025-06-27
C16945,MG,Sudeste,18-24,2025-10-11
C16946,PA,Norte,35-44,2022-05-14
C16947,RJ,Sudeste,35-44,2025-11-22
C16948,SP,Sudeste,25-34,2025-08-22
C16949,RS,Sul,35-44,2023-06-06
C16950,ES,Sudeste,55+,2022-02-23
C16951,RS,Sul,45-54,2023-06-28
C16952,SP,Sudeste,35-44,2024-06-22
C16953,CE,Nordeste,18-24,2024-05-30
C16954,SP,Sudeste,35-44,2022-03-09
C16955,RJ,Sudeste,25-34,2025-10-27
C16956,RS,Sul,45-54,2023-04-10
C16957,PA,Norte,55+,2025-01-15
C16958,PR,Sul,45-54,2023-04-14
C16959,SC,Sul,25-34,2025-02-23
C16960,PR,Sul,45-54,2025-03-14
C16961,MG,Sudeste,35-44,2025-02-26
C16962,SP,Sudeste,45-54,2024-08-03
C16963,RJ,Sudeste,35-44,2024-03-27
C16964,PE,Nordeste,25-34,2024-08-27
C16965,SP,Sudeste,35-44,2024-01-03
C16966,SC,Sul,25-34,2024-11-30
C16967,GO,Centro-Oeste,45-54,2024-07-01
C16968,MG,Sudeste,45-54,2025-10-26
C16969,DF,Centro-Oeste,35-44,2023-12-22
C16970,SP,Sudeste,25-34,2025-03-17
C16971,RS,Sul,45-54,2023-01-08
C16972,SP,Sudeste,25-34,2024-05-30
C16973,RJ,Sudeste,35-44,2023-04-14
C16974,AM,Norte,35-44,2024-01-24
C16975,SP,Sudeste,25-34,2025-12-23
C16976,SC,Sul,25-34,2023-05-19
C16977,CE,Nordeste,18-24,2024-11-06
C16978,RJ,Sudeste,45-54,2023-10-19
C16979,RS,Sul,45-54,2024-05-03
C16980,PE,Nordeste,25-34,2024-06-03
C16981,SP,Sudeste,35-44,2024-07-16
C16982,RS,Sul,35-44,2025-06-10
C16983,PR,Sul,35-44,2022-04-07
C16984,SC,Sul,18-24,2025-03-30
C16985,PR,Sul,45-54,2025-07-26
C16986,SC,Sul,35-44,2023-12-18
C16987,DF,Centro-Oeste,45-54,2023-06-05
C16988,DF,Centro-Oeste,55+,2022-10-18
C16989,ES,Sudeste,25-34,2025-11-11
C16990,MG,Sudeste,35-44,2025-05-15
C16991,MG,Sudeste,18-24,2024-06-22
C16992,PR,Sul,45-54,2025-11-23
C16993,RS,Sul,35-44,2025-11-23
C16994,SP,Sudeste,35-44,2022-03-12
C16995,RS,Sul,25-34,2024-04-06
C16996,RJ,Sudeste,35-44,2022-10-28
C16997,GO,Centro-Oeste,25-34,2025-11-27
C16998,RS,Sul,18-24,2025-03-30
C16999,RS,Sul,45-54,2025-12-11
C17000,SP,Sudeste,25-34,2025-08-14
C17001,SP,Sudeste,25-34,2023-04-12
C17002,SP,Sudeste,45-54,2022-02-14
C17003,MG,Sudeste,25-34,2023-09-30
C17004,SP,Sudeste,45-54,2025-01-05
C17005,MG,Sudeste,35-44,2022-08-19
C17006,SP,Sudeste,35-44,2023-09-12
C17007,GO,Centro-Oeste,18-24,2023-07-13
C17008,SP,Sudeste,45-54,2025-04-05
C17009,RS,Sul,55+,2025-02-17
C17010,MG,Sudeste,35-44,2022-09-25
C17011,BA,Nordeste,45-54,2024-11-28
C17012,SP,Sudeste,35-44,2023-04-12
C17013,MG,Sudeste,25-34,2023-09-11
C17014,SP,Sudeste,45-54,2024-06-19
C17015,SP,Sudeste,25-34,2021-12-30
C17016,PR,Sul,25-34,2022-04-30
C17017,PE,Nordeste,25-34,2021-12-20
C17018,SC,Sul,18-24,2025-01-20
C17019,RS,Sul,45-54,2024-06-10
C17020,SP,Sudeste,35-44,2022-07-24
C17021,RJ,Sudeste,55+,2024-09-12
C17022,ES,Sudeste,25-34,2023-07-29
C17023,PE,Nordeste,45-54,2025-08-03
C17024,MG,Sudeste,35-44,2022-04-25
C17025,SP,Sudeste,35-44,2025-10-02
C17026,SP,Sudeste,55+,2022-07-05
C17027,BA,Nordeste,35-44,2024-12-18
C17028,SP,Sudeste,45-54,2025-08-04
C17029,RS,Sul,35-44,2025-11-26
C17030,RS,Sul,35-44,2025-10-27
C17031,MG,Sudeste,35-44,2024-11-25
C17032,CE,Nordeste,25-34,2024-02-06
C17033,ES,Sudeste,45-54,2024-04-12
C17034,PE,Nordeste,25-34,2023-08-07
C17035,RJ,Sudeste,25-34,2025-02-19
C17036,SP,Sudeste,25-34,2024-05-22
C17037,PR,Sul,55+,2025-11-12
C17038,SP,Sudeste,45-54,2024-07-05
C17039,RJ,Sudeste,35-44,2024-03-21
C17040,PE,Nordeste,25-34,2024-04-21
C17041,RS,Sul,25-34,2025-06-21
C17042,MT,Centro-Oeste,25-34,2025-06-29
C17043,SP,Sudeste,55+,2025-06-13
C17044,MG,Sudeste,35-44,2024-07-21
C17045,RJ,Sudeste,25-34,2024-09-19
C17046,MT,Centro-Oeste,35-44,2025-06-10
C17047,RJ,Sudeste,55+,2024-10-26
C17048,SP,Sudeste,55+,2023-11-30
C17049,BA,Nordeste,45-54,2025-07-01
C17050,RN,Nordeste,18-24,2023-10-07
C17051,RS,Sul,25-34,2023-03-09
C17052,SP,Sudeste,25-34,2024-10-20
C17053,RJ,Sudeste,45-54,2023-11-05
C17054,PR,Sul,45-54,2023-06-13
C17055,BA,Nordeste,25-34,2025-09-09
C17056,SP,Sudeste,35-44,2023-05-04
C17057,MG,Sudeste,35-44,2025-09-26
C17058,SP,Sudeste,25-34,2023-02-11
C17059,SP,Sudeste,45-54,2022-02-04
C17060,RJ,Sudeste,55+,2024-03-20
C17061,PR,Sul,35-44,2023-01-28
C17062,SP,Sudeste,35-44,2022-04-01
C17063,SP,Sudeste,25-34,2023-07-26
C17064,MG,Sudeste,45-54,2024-10-01
C17065,RN,Nordeste,25-34,2023-06-18
C17066,SP,Sudeste,45-54,2023-10-13
C17067,PA,Norte,25-34,2024-06-22
C17068,RN,Nordeste,35-44,2023-08-20
C17069,MG,Sudeste,55+,2024-09-27
C17070,SP,Sudeste,45-54,2025-09-18
C17071,BA,Nordeste,25-34,2023-05-01
C17072,MG,Sudeste,18-24,2025-01-17
C17073,SP,Sudeste,18-24,2025-04-26
C17074,SP,Sudeste,25-34,2025-12-31
C17075,PA,Norte,25-34,2024-04-11
C17076,SP,Sudeste,35-44,2023-07-12
C17077,PE,Nordeste,35-44,2022-09-24
C17078,RS,Sul,45-54,2024-02-28
C17079,SP,Sudeste,35-44,2025-05-25
C17080,ES,Sudeste,25-34,2023-10-11
C17081,SC,Sul,35-44,2024-07-29
C17082,MG,Sudeste,18-24,2024-02-04
C17083,GO,Centro-Oeste,18-24,2022-01-27
C17084,SP,Sudeste,25-34,2024-04-16
C17085,BA,Nordeste,45-54,2025-05-27
C17086,SP,Sudeste,55+,2024-12-11
C17087,MG,Sudeste,25-34,2022-09-09
C17088,RJ,Sudeste,45-54,2025-01-10
C17089,RJ,Sudeste,55+,2022-01-13
C17090,PA,Norte,45-54,2022-05-13
C17091,MG,Sudeste,35-44,2024-06-20
C17092,MG,Sudeste,25-34,2024-09-20
C17093,SP,Sudeste,45-54,2022-04-27
C17094,RJ,Sudeste,35-44,2023-07-21
C17095,RJ,Sudeste,55+,2025-01-25
C17096,MG,Sudeste,18-24,2025-04-20
C17097,DF,Centro-Oeste,55+,2023-12-21
C17098,MG,Sudeste,45-54,2025-06-29
C17099,RJ,Sudeste,18-24,2025-10-03
C17100,SP,Sudeste,25-34,2025-05-09
C17101,DF,Centro-Oeste,25-34,2024-07-27
C17102,SP,Sudeste,25-34,2025-04-19
C17103,MG,Sudeste,18-24,2024-02-01
C17104,SP,Sudeste,55+,2025-03-18
C17105,PR,Sul,55+,2024-07-17
C17106,SP,Sudeste,25-34,2023-12-23
C17107,DF,Centro-Oeste,35-44,2025-11-24
C17108,SP,Sudeste,35-44,2024-02-12
C17109,GO,Centro-Oeste,55+,2025-08-13
C17110,SP,Sudeste,25-34,2025-07-17
C17111,BA,Nordeste,25-34,2025-07-05
C17112,RS,Sul,35-44,2022-12-16
C17113,MG,Sudeste,25-34,2023-04-07
C17114,MG,Sudeste,25-34,2025-07-15
C17115,DF,Centro-Oeste,55+,2024-04-29
C17116,SP,Sudeste,25-34,2024-11-11
C17117,SP,Sudeste,45-54,2025-03-30
C17118,GO,Centro-Oeste,25-34,2024-08-24
C17119,MG,Sudeste,35-44,2024-05-25
C17120,SP,Sudeste,25-34,2023-09-20
C17121,RS,Sul,55+,2023-09-22
C17122,PR,Sul,55+,2024-06-24
C17123,PR,Sul,55+,2025-12-09
C17124,RJ,Sudeste,45-54,2024-05-03
C17125,SC,Sul,18-24,2023-04-01
C17126,SP,Sudeste,35-44,2022-11-13
C17127,SC,Sul,45-54,2023-03-06
C17128,GO,Centro-Oeste,45-54,2023-02-20
C17129,RS,Sul,35-44,2024-09-18
C17130,SP,Sudeste,45-54,2022-12-08
C17131,SP,Sudeste,25-34,2024-12-06
C17132,PE,Nordeste,18-24,2025-04-21
C17133,SP,Sudeste,35-44,2023-12-15
C17134,PR,Sul,45-54,2025-05-01
C17135,RN,Nordeste,18-24,2025-11-08
C17136,SP,Sudeste,18-24,2024-05-10
C17137,PR,Sul,25-34,2025-11-16
C17138,SP,Sudeste,35-44,2025-10-03
C17139,PR,Sul,35-44,2024-01-28
C17140,BA,Nordeste,55+,2023-10-20
C17141,MT,Centro-Oeste,35-44,2023-04-29
C17142,SP,Sudeste,35-44,2022-10-07
C17143,SP,Sudeste,25-34,2023-08-12
C17144,PR,Sul,18-24,2023-06-07
C17145,DF,Centro-Oeste,55+,2024-02-03
C17146,SP,Sudeste,35-44,2025-10-30
C17147,PR,Sul,25-34,2025-01-09
C17148,AM,Norte,18-24,2025-08-18
C17149,SP,Sudeste,55+,2022-08-15
C17150,SP,Sudeste,55+,2025-03-30
C17151,SP,Sudeste,25-34,2022-11-09
C17152,SC,Sul,55+,2023-02-08
C17153,MG,Sudeste,35-44,2022-12-10
C17154,SP,Sudeste,35-44,2024-06-07
C17155,RJ,Sudeste,35-44,2022-04-25
C17156,MG,Sudeste,18-24,2025-03-19
C17157,MG,Sudeste,55+,2023-08-23
C17158,DF,Centro-Oeste,55+,2023-03-04
C17159,SP,Sudeste,35-44,2025-07-13
C17160,MG,Sudeste,35-44,2025-02-26
C17161,SP,Sudeste,45-54,2022-12-07
C17162,RS,Sul,35-44,2022-10-01
C17163,PA,Norte,25-34,2024-03-28
C17164,SP,Sudeste,45-54,2022-11-28
C17165,RN,Nordeste,35-44,2025-09-06
C17166,SP,Sudeste,35-44,2024-03-01
C17167,DF,Centro-Oeste,45-54,2024-06-04
C17168,DF,Centro-Oeste,35-44,2022-11-20
C17169,MG,Sudeste,25-34,2025-09-10
C17170,MT,Centro-Oeste,35-44,2022-07-09
C17171,RS,Sul,35-44,2024-06-07
C17172,SP,Sudeste,35-44,2025-07-12
C17173,RJ,Sudeste,25-34,2024-11-15
C17174,DF,Centro-Oeste,18-24,2022-12-20
C17175,SP,Sudeste,35-44,2024-08-02
C17176,SP,Sudeste,35-44,2025-11-06
C17177,DF,Centro-Oeste,45-54,2025-09-04
C17178,SC,Sul,45-54,2025-01-06
C17179,SP,Sudeste,35-44,2025-06-23
C17180,RJ,Sudeste,55+,2025-04-02
C17181,SP,Sudeste,25-34,2025-06-13
C17182,PA,Norte,35-44,2023-12-16
C17183,SC,Sul,55+,2025-05-27
C17184,SP,Sudeste,45-54,2025-11-07
C17185,BA,Nordeste,35-44,2024-12-12
C17186,CE,Nordeste,25-34,2025-06-11
C17187,SP,Sudeste,35-44,2022-07-29
C17188,SC,Sul,35-44,2024-03-06
C17189,PR,Sul,25-34,2025-06-10
C17190,RJ,Sudeste,18-24,2024-02-28
C17191,PE,Nordeste,25-34,2022-12-08
C17192,SP,Sudeste,35-44,2022-12-24
C17193,SP,Sudeste,45-54,2023-07-12
C17194,RJ,Sudeste,35-44,2023-10-06
C17195,BA,Nordeste,25-34,2022-05-23
C17196,RJ,Sudeste,25-34,2024-07-27
C17197,AM,Norte,45-54,2025-04-12
C17198,MG,Sudeste,35-44,2024-07-06
C17199,RJ,Sudeste,55+,2024-10-21
C17200,RS,Sul,35-44,2025-03-01
C17201,SP,Sudeste,45-54,2023-05-16
C17202,PR,Sul,45-54,2023-05-05
C17203,SP,Sudeste,25-34,2022-07-14
C17204,SP,Sudeste,45-54,2025-06-21
C17205,BA,Nordeste,18-24,2025-09-02
C17206,SC,Sul,45-54,2025-11-09
C17207,SP,Sudeste,55+,2024-11-12
C17208,SP,Sudeste,25-34,2024-02-18
C17209,BA,Nordeste,25-34,2023-05-16
C17210,MG,Sudeste,45-54,2024-03-25
C17211,SP,Sudeste,45-54,2023-06-22
C17212,RJ,Sudeste,35-44,2025-07-25
C17213,MG,Sudeste,55+,2023-07-10
C17214,SP,Sudeste,25-34,2022-04-16
C17215,BA,Nordeste,35-44,2025-07-20
C17216,SP,Sudeste,35-44,2025-12-05
C17217,SP,Sudeste,45-54,2025-11-15
C17218,RN,Nordeste,45-54,2021-11-27
C17219,DF,Centro-Oeste,55+,2024-02-06
C17220,RJ,Sudeste,25-34,2024-01-21
C17221,PA,Norte,45-54,2024-10-13
C17222,MG,Sudeste,55+,2023-10-06
C17223,CE,Nordeste,35-44,2024-08-04
C17224,RJ,Sudeste,25-34,2023-09-09
C17225,SP,Sudeste,18-24,2022-12-28
C17226,SP,Sudeste,25-34,2022-08-20
C17227,SP,Sudeste,25-34,2024-05-09
C17228,BA,Nordeste,35-44,2023-02-02
C17229,BA,Nordeste,18-24,2024-02-29
C17230,SP,Sudeste,25-34,2023-12-20
C17231,PR,Sul,35-44,2024-11-29
C17232,RS,Sul,35-44,2024-03-03
C17233,RJ,Sudeste,35-44,2024-03-30
C17234,RJ,Sudeste,25-34,2024-05-24
C17235,BA,Nordeste,45-54,2022-02-17
C17236,PE,Nordeste,18-24,2025-06-30
C17237,SP,Sudeste,25-34,2022-08-27
C17238,SP,Sudeste,25-34,2025-08-03
C17239,RS,Sul,25-34,2025-10-05
C17240,RJ,Sudeste,25-34,2023-01-15
C17241,SP,Sudeste,45-54,2024-01-02
C17242,SP,Sudeste,35-44,2025-12-02
C17243,CE,Nordeste,45-54,2022-10-05
C17244,SC,Sul,35-44,2022-08-12
C17245,SP,Sudeste,55+,2022-06-25
C17246,RJ,Sudeste,35-44,2024-01-04
C17247,ES,Sudeste,35-44,2022-05-31
C17248,RJ,Sudeste,35-44,2025-03-17
C17249,RJ,Sudeste,45-54,2023-11-03
C17250,PE,Nordeste,35-44,2025-08-06
C17251,RS,Sul,18-24,2023-12-06
C17252,MT,Centro-Oeste,25-34,2023-01-13
C17253,BA,Nordeste,35-44,2023-06-03
C17254,RJ,Sudeste,45-54,2024-08-11
C17255,GO,Centro-Oeste,18-24,2024-12-01
C17256,RS,Sul,18-24,2023-05-12
C17257,RJ,Sudeste,45-54,2022-12-26
C17258,GO,Centro-Oeste,25-34,2024-07-25
C17259,BA,Nordeste,35-44,2023-01-14
C17260,PA,Norte,45-54,2024-01-14
C17261,RS,Sul,35-44,2024-12-22
C17262,SP,Sudeste,35-44,2024-02-26
C17263,ES,Sudeste,35-44,2025-06-18
C17264,PR,Sul,18-24,2023-05-21
C17265,SP,Sudeste,35-44,2023-08-05
C17266,RS,Sul,25-34,2024-05-30
C17267,RJ,Sudeste,18-24,2025-12-13
C17268,PR,Sul,45-54,2025-02-23
C17269,SP,Sudeste,35-44,2024-09-08
C17270,SP,Sudeste,45-54,2024-02-18
C17271,SP,Sudeste,35-44,2023-05-09
C17272,SP,Sudeste,55+,2022-08-09
C17273,BA,Nordeste,35-44,2022-10-14
C17274,SC,Sul,55+,2023-08-22
C17275,MG,Sudeste,45-54,2023-08-19
C17276,RJ,Sudeste,45-54,2024-08-14
C17277,RJ,Sudeste,25-34,2025-06-30
C17278,GO,Centro-Oeste,35-44,2024-05-29
C17279,PR,Sul,18-24,2025-02-07
C17280,PE,Nordeste,35-44,2025-09-23
C17281,RJ,Sudeste,18-24,2024-01-30
C17282,RS,Sul,25-34,2025-07-07
C17283,DF,Centro-Oeste,35-44,2025-10-02
C17284,ES,Sudeste,18-24,2025-04-20
C17285,CE,Nordeste,25-34,2024-04-17
C17286,SP,Sudeste,25-34,2022-06-08
C17287,MG,Sudeste,25-34,2025-06-07
C17288,MG,Sudeste,18-24,2023-04-29
C17289,MG,Sudeste,18-24,2023-09-28
C17290,SP,Sudeste,35-44,2022-12-12
C17291,RS,Sul,45-54,2024-08-08
C17292,SC,Sul,25-34,2023-05-07
C17293,RJ,Sudeste,25-34,2024-04-02
C17294,PR,Sul,55+,2025-06-01
C17295,RJ,Sudeste,25-34,2024-06-03
C17296,PR,Sul,45-54,2022-07-27
C17297,RJ,Sudeste,45-54,2022-12-03
C17298,CE,Nordeste,45-54,2022-09-19
C17299,SC,Sul,55+,2022-12-01
C17300,BA,Nordeste,25-34,2024-09-28
C17301,PE,Nordeste,35-44,2023-01-06
C17302,RS,Sul,45-54,2025-05-23
C17303,MG,Sudeste,35-44,2025-08-23
C17304,SP,Sudeste,18-24,2023-01-15
C17305,AM,Norte,45-54,2022-12-31
C17306,ES,Sudeste,55+,2025-10-23
C17307,SP,Sudeste,25-34,2025-11-21
C17308,SP,Sudeste,25-34,2022-10-30
C17309,PE,Nordeste,25-34,2023-01-14
C17310,SP,Sudeste,45-54,2025-12-07
C17311,SP,Sudeste,55+,2025-03-08
C17312,MG,Sudeste,25-34,2025-06-20
C17313,SC,Sul,35-44,2023-08-31
C17314,SP,Sudeste,55+,2025-01-24
C17315,SP,Sudeste,18-24,2025-05-12
C17316,PE,Nordeste,25-34,2024-05-04
C17317,RS,Sul,35-44,2025-04-07
C17318,PA,Norte,55+,2023-11-14
C17319,SP,Sudeste,45-54,2023-09-29
C17320,SC,Sul,55+,2023-11-24
C17321,SC,Sul,35-44,2024-09-27
C17322,PE,Nordeste,45-54,2022-05-23
C17323,PE,Nordeste,25-34,2023-06-18
C17324,SP,Sudeste,35-44,2023-02-13
C17325,ES,Sudeste,18-24,2025-01-27
C17326,PE,Nordeste,45-54,2025-12-13
C17327,MG,Sudeste,25-34,2024-06-05
C17328,SP,Sudeste,18-24,2024-10-07
C17329,SP,Sudeste,35-44,2022-09-06
C17330,RJ,Sudeste,25-34,2025-02-08
C17331,SP,Sudeste,25-34,2024-03-31
C17332,PR,Sul,25-34,2022-02-09
C17333,SP,Sudeste,35-44,2023-10-23
C17334,MG,Sudeste,35-44,2023-12-26
C17335,RJ,Sudeste,35-44,2023-04-27
C17336,MG,Sudeste,55+,2025-01-18
C17337,RJ,Sudeste,35-44,2023-09-01
C17338,SP,Sudeste,18-24,2022-06-10
C17339,SP,Sudeste,35-44,2024-12-23
C17340,MG,Sudeste,25-34,2024-09-21
C17341,MG,Sudeste,55+,2022-02-06
C17342,BA,Nordeste,25-34,2023-01-22
C17343,MG,Sudeste,45-54,2025-09-08
C17344,PE,Nordeste,35-44,2024-06-20
C17345,GO,Centro-Oeste,35-44,2022-05-19
C17346,SC,Sul,45-54,2024-02-24
C17347,CE,Nordeste,45-54,2025-03-01
C17348,DF,Centro-Oeste,45-54,2024-11-17
C17349,PR,Sul,25-34,2025-02-07
C17350,RJ,Sudeste,18-24,2025-05-11
C17351,MG,Sudeste,45-54,2024-10-29
C17352,MG,Sudeste,35-44,2022-09-24
C17353,RJ,Sudeste,35-44,2022-11-10
C17354,BA,Nordeste,35-44,2024-04-25
C17355,RS,Sul,35-44,2024-05-17
C17356,PA,Norte,35-44,2024-04-10
C17357,SP,Sudeste,25-34,2024-08-20
C17358,MT,Centro-Oeste,35-44,2022-06-29
C17359,CE,Nordeste,25-34,2025-12-14
C17360,SP,Sudeste,45-54,2024-07-25
C17361,GO,Centro-Oeste,18-24,2023-08-09
C17362,CE,Nordeste,25-34,2024-01-11
C17363,RJ,Sudeste,35-44,2024-06-01
C17364,CE,Nordeste,45-54,2022-01-31
C17365,PE,Nordeste,25-34,2023-09-06
C17366,RJ,Sudeste,25-34,2023-12-05
C17367,PR,Sul,35-44,2023-05-23
C17368,SP,Sudeste,35-44,2024-06-12
C17369,ES,Sudeste,35-44,2023-03-07
C17370,SP,Sudeste,45-54,2025-12-06
C17371,CE,Nordeste,25-34,2025-09-10
C17372,SP,Sudeste,45-54,2025-01-11
C17373,CE,Nordeste,25-34,2024-06-09
C17374,SP,Sudeste,45-54,2023-10-09
C17375,RJ,Sudeste,45-54,2025-10-14
C17376,PR,Sul,45-54,2024-11-26
C17377,PR,Sul,35-44,2025-10-02
C17378,MG,Sudeste,35-44,2025-01-01
C17379,CE,Nordeste,35-44,2024-07-02
C17380,SP,Sudeste,55+,2022-07-22
C17381,SP,Sudeste,35-44,2023-12-10
C17382,RJ,Sudeste,55+,2024-12-02
C17383,RJ,Sudeste,55+,2024-01-26
C17384,ES,Sudeste,55+,2025-04-25
C17385,SC,Sul,25-34,2024-12-09
C17386,BA,Nordeste,25-34,2025-05-06
C17387,RJ,Sudeste,45-54,2024-03-27
C17388,MG,Sudeste,18-24,2025-05-15
C17389,RN,Nordeste,55+,2025-12-30
C17390,SP,Sudeste,25-34,2025-06-17
C17391,MG,Sudeste,35-44,2025-02-10
C17392,CE,Nordeste,25-34,2025-03-29
C17393,RS,Sul,25-34,2025-09-01
C17394,PE,Nordeste,35-44,2022-09-13
C17395,SP,Sudeste,25-34,2023-11-03
C17396,SP,Sudeste,25-34,2024-06-16
C17397,SP,Sudeste,55+,2025-01-03
C17398,DF,Centro-Oeste,25-34,2024-03-05
C17399,MT,Centro-Oeste,18-24,2022-04-27
C17400,PE,Nordeste,18-24,2023-04-01
C17401,CE,Nordeste,45-54,2025-08-16
C17402,SP,Sudeste,55+,2024-06-19
C17403,RS,Sul,25-34,2025-12-15
C17404,GO,Centro-Oeste,35-44,2024-06-15
C17405,RJ,Sudeste,18-24,2025-07-10
C17406,SP,Sudeste,25-34,2022-02-24
C17407,SP,Sudeste,45-54,2025-12-28
C17408,SP,Sudeste,55+,2025-09-16
C17409,SC,Sul,25-34,2022-03-15
C17410,SP,Sudeste,45-54,2022-09-03
C17411,ES,Sudeste,25-34,2022-10-16
C17412,BA,Nordeste,45-54,2025-09-23
C17413,CE,Nordeste,25-34,2024-03-31
C17414,SP,Sudeste,45-54,2025-01-27
C17415,RS,Sul,55+,2025-11-02
C17416,MG,Sudeste,55+,2022-07-02
C17417,SP,Sudeste,55+,2023-06-24
C17418,RJ,Sudeste,35-44,2025-02-26
C17419,CE,Nordeste,25-34,2022-05-06
C17420,PE,Nordeste,45-54,2024-09-06
C17421,MG,Sudeste,35-44,2023-02-14
C17422,SP,Sudeste,35-44,2024-01-28
C17423,MT,Centro-Oeste,35-44,2024-05-13
C17424,PR,Sul,18-24,2024-03-31
C17425,SP,Sudeste,25-34,2025-07-11
C17426,CE,Nordeste,35-44,2025-07-11
C17427,SP,Sudeste,35-44,2022-03-23
C17428,MG,Sudeste,25-34,2025-05-06
C17429,SP,Sudeste,25-34,2025-01-01
C17430,SC,Sul,45-54,2025-06-18
C17431,GO,Centro-Oeste,25-34,2024-02-23
C17432,PE,Nordeste,35-44,2022-01-17
C17433,BA,Nordeste,35-44,2022-04-22
C17434,RJ,Sudeste,25-34,2023-09-04
C17435,RJ,Sudeste,18-24,2023-09-11
C17436,DF,Centro-Oeste,45-54,2025-10-10
C17437,MG,Sudeste,25-34,2025-11-09
C17438,RJ,Sudeste,35-44,2025-07-18
C17439,CE,Nordeste,35-44,2024-11-16
C17440,MG,Sudeste,45-54,2022-01-27
C17441,RJ,Sudeste,35-44,2025-03-22
C17442,DF,Centro-Oeste,55+,2023-12-02
C17443,SP,Sudeste,45-54,2025-03-02
C17444,RJ,Sudeste,18-24,2023-12-09
C17445,SP,Sudeste,35-44,2024-06-05
C17446,MG,Sudeste,25-34,2023-03-02
C17447,RJ,Sudeste,35-44,2022-12-07
C17448,PR,Sul,35-44,2025-03-23
C17449,SP,Sudeste,35-44,2023-03-23
C17450,SP,Sudeste,45-54,2025-06-28
C17451,SP,Sudeste,35-44,2025-06-27
C17452,RS,Sul,18-24,2022-01-12
C17453,PE,Nordeste,55+,2023-02-03
C17454,SP,Sudeste,55+,2025-01-07
C17455,SP,Sudeste,45-54,2024-09-03
C17456,RN,Nordeste,35-44,2025-03-08
C17457,SP,Sudeste,35-44,2023-10-18
C17458,MT,Centro-Oeste,45-54,2022-08-17
C17459,SP,Sudeste,55+,2023-10-29
C17460,RS,Sul,35-44,2024-02-16
C17461,RS,Sul,25-34,2024-11-28
C17462,ES,Sudeste,25-34,2024-07-20
C17463,SP,Sudeste,25-34,2025-09-27
C17464,DF,Centro-Oeste,35-44,2023-06-09
C17465,RJ,Sudeste,18-24,2025-09-27
C17466,RJ,Sudeste,45-54,2023-09-07
C17467,GO,Centro-Oeste,55+,2025-06-13
C17468,SP,Sudeste,25-34,2023-02-05
C17469,RS,Sul,25-34,2025-06-04
C17470,SP,Sudeste,35-44,2025-04-03
C17471,SC,Sul,25-34,2025-07-11
C17472,SP,Sudeste,55+,2024-11-26
C17473,GO,Centro-Oeste,25-34,2024-12-12
C17474,RS,Sul,25-34,2024-12-11
C17475,PR,Sul,25-34,2025-01-26
C17476,SP,Sudeste,25-34,2025-11-29
C17477,RS,Sul,45-54,2023-10-03
C17478,RJ,Sudeste,25-34,2024-03-05
C17479,SP,Sudeste,35-44,2024-03-17
C17480,RJ,Sudeste,35-44,2024-10-22
C17481,MG,Sudeste,35-44,2022-12-31
C17482,RJ,Sudeste,25-34,2023-07-07
C17483,RJ,Sudeste,55+,2023-09-17
C17484,RJ,Sudeste,55+,2024-09-24
C17485,CE,Nordeste,25-34,2025-02-18
C17486,PR,Sul,35-44,2023-09-27
C17487,SP,Sudeste,35-44,2024-02-26
C17488,SP,Sudeste,45-54,2023-07-28
C17489,SC,Sul,18-24,2025-12-31
C17490,MT,Centro-Oeste,45-54,2023-06-25
C17491,SP,Sudeste,25-34,2024-12-04
C17492,SP,Sudeste,45-54,2022-07-14
C17493,MG,Sudeste,55+,2024-02-27
C17494,MG,Sudeste,25-34,2025-05-12
C17495,SP,Sudeste,35-44,2025-12-30
C17496,SC,Sul,45-54,2024-05-02
C17497,MT,Centro-Oeste,18-24,2025-09-03
C17498,SP,Sudeste,25-34,2024-06-04
C17499,PR,Sul,25-34,2022-07-17
C17500,ES,Sudeste,25-34,2024-08-10
C17501,SP,Sudeste,35-44,2024-09-21
C17502,BA,Nordeste,25-34,2023-03-10
C17503,ES,Sudeste,25-34,2024-06-27
C17504,SP,Sudeste,18-24,2024-03-02
C17505,BA,Nordeste,35-44,2025-06-20
C17506,DF,Centro-Oeste,45-54,2022-08-24
C17507,SC,Sul,25-34,2024-06-30
C17508,BA,Nordeste,18-24,2024-09-19
C17509,RS,Sul,35-44,2024-06-01
C17510,SC,Sul,25-34,2025-11-17
C17511,SP,Sudeste,35-44,2025-06-03
C17512,PR,Sul,35-44,2022-02-20
C17513,SP,Sudeste,35-44,2023-06-07
C17514,ES,Sudeste,25-34,2025-06-04
C17515,SP,Sudeste,45-54,2023-03-15
C17516,RJ,Sudeste,35-44,2024-12-01
C17517,BA,Nordeste,45-54,2024-06-03
C17518,SP,Sudeste,25-34,2025-02-02
C17519,SP,Sudeste,45-54,2023-06-04
C17520,MG,Sudeste,35-44,2022-07-25
C17521,SP,Sudeste,45-54,2023-08-21
C17522,PE,Nordeste,18-24,2025-01-02
C17523,MG,Sudeste,25-34,2022-08-03
C17524,PA,Norte,25-34,2025-01-03
C17525,SP,Sudeste,25-34,2023-08-17
C17526,SP,Sudeste,55+,2023-10-01
C17527,AM,Norte,35-44,2025-08-31
C17528,SP,Sudeste,55+,2023-03-23
C17529,MG,Sudeste,25-34,2022-09-03
C17530,RS,Sul,35-44,2022-07-18
C17531,RJ,Sudeste,55+,2022-04-13
C17532,SP,Sudeste,45-54,2024-11-25
C17533,DF,Centro-Oeste,45-54,2024-05-19
C17534,PE,Nordeste,25-34,2022-12-31
C17535,SP,Sudeste,35-44,2022-11-16
C17536,MG,Sudeste,45-54,2024-08-27
C17537,RJ,Sudeste,25-34,2023-05-12
C17538,SC,Sul,45-54,2024-06-26
C17539,SP,Sudeste,25-34,2022-12-20
C17540,MG,Sudeste,35-44,2024-08-27
C17541,MG,Sudeste,25-34,2025-11-25
C17542,MT,Centro-Oeste,35-44,2024-12-01
C17543,ES,Sudeste,35-44,2022-11-26
C17544,SP,Sudeste,55+,2025-01-31
C17545,SP,Sudeste,25-34,2023-08-20
C17546,RS,Sul,18-24,2022-02-27
C17547,SP,Sudeste,35-44,2023-06-05
C17548,SC,Sul,35-44,2025-08-03
C17549,BA,Nordeste,35-44,2024-03-30
C17550,RJ,Sudeste,25-34,2022-05-08
C17551,PR,Sul,18-24,2023-05-12
C17552,PA,Norte,35-44,2023-05-22
C17553,RN,Nordeste,25-34,2023-02-13
C17554,RS,Sul,25-34,2024-09-25
C17555,CE,Nordeste,25-34,2024-08-28
C17556,SP,Sudeste,45-54,2023-12-19
C17557,SP,Sudeste,25-34,2023-02-28
C17558,SP,Sudeste,25-34,2024-07-27
C17559,PE,Nordeste,55+,2024-03-26
C17560,SC,Sul,35-44,2022-04-12
C17561,GO,Centro-Oeste,35-44,2023-10-21
C17562,SP,Sudeste,45-54,2022-12-25
C17563,MT,Centro-Oeste,25-34,2022-06-06
C17564,SP,Sudeste,35-44,2025-07-18
C17565,SP,Sudeste,35-44,2024-11-18
C17566,SC,Sul,55+,2023-11-21
C17567,SP,Sudeste,45-54,2023-05-17
C17568,SP,Sudeste,45-54,2024-05-08
C17569,CE,Nordeste,45-54,2025-07-10
C17570,SP,Sudeste,25-34,2023-08-15
C17571,SP,Sudeste,35-44,2022-01-30
C17572,SP,Sudeste,18-24,2022-06-03
C17573,PE,Nordeste,35-44,2024-05-18
C17574,SP,Sudeste,35-44,2025-02-24
C17575,SP,Sudeste,18-24,2023-02-28
C17576,RS,Sul,25-34,2024-09-10
C17577,SP,Sudeste,35-44,2024-12-07
C17578,PR,Sul,55+,2023-09-24
C17579,SP,Sudeste,25-34,2025-04-13
C17580,CE,Nordeste,25-34,2022-07-21
C17581,DF,Centro-Oeste,45-54,2024-06-01
C17582,MG,Sudeste,55+,2023-03-12
C17583,SP,Sudeste,45-54,2025-04-22
C17584,SC,Sul,35-44,2022-12-31
C17585,SP,Sudeste,35-44,2024-03-06
C17586,SP,Sudeste,35-44,2023-12-08
C17587,RJ,Sudeste,35-44,2025-04-13
C17588,GO,Centro-Oeste,35-44,2022-11-30
C17589,RJ,Sudeste,18-24,2024-07-15
C17590,SP,Sudeste,45-54,2023-06-02
C17591,SP,Sudeste,18-24,2024-12-04
C17592,PR,Sul,25-34,2025-11-26
C17593,PE,Nordeste,25-34,2023-06-03
C17594,PE,Nordeste,18-24,2023-03-27
C17595,SP,Sudeste,18-24,2025-11-16
C17596,SP,Sudeste,25-34,2024-09-06
C17597,PR,Sul,25-34,2024-07-04
C17598,CE,Nordeste,45-54,2025-01-12
C17599,SC,Sul,25-34,2024-05-26
C17600,RJ,Sudeste,25-34,2025-10-24
C17601,SP,Sudeste,35-44,2022-12-23
C17602,PE,Nordeste,35-44,2022-09-05
C17603,RJ,Sudeste,18-24,2024-11-08
C17604,SP,Sudeste,25-34,2024-05-30
C17605,SP,Sudeste,25-34,2025-10-03
C17606,RJ,Sudeste,25-34,2023-08-30
C17607,CE,Nordeste,25-34,2025-02-02
C17608,SP,Sudeste,35-44,2025-01-27
C17609,RJ,Sudeste,18-24,2022-09-10
C17610,SP,Sudeste,35-44,2024-02-11
C17611,SP,Sudeste,18-24,2024-07-25
C17612,SP,Sudeste,18-24,2025-12-08
C17613,PE,Nordeste,35-44,2025-08-30
C17614,AM,Norte,35-44,2022-10-15
C17615,SP,Sudeste,35-44,2024-09-27
C17616,SP,Sudeste,45-54,2023-08-21
C17617,PE,Nordeste,55+,2023-09-19
C17618,SC,Sul,18-24,2025-09-07
C17619,DF,Centro-Oeste,18-24,2021-12-27
C17620,RS,Sul,45-54,2025-05-17
C17621,SP,Sudeste,25-34,2023-10-28
C17622,RJ,Sudeste,25-34,2024-10-01
C17623,SP,Sudeste,18-24,2025-03-02
C17624,RJ,Sudeste,45-54,2025-08-31
C17625,SC,Sul,45-54,2023-10-29
C17626,PE,Nordeste,35-44,2023-11-21
C17627,MG,Sudeste,35-44,2025-01-21
C17628,SC,Sul,25-34,2022-01-11
C17629,SP,Sudeste,45-54,2025-01-16
C17630,AM,Norte,45-54,2023-07-31
C17631,SP,Sudeste,45-54,2023-02-13
C17632,CE,Nordeste,35-44,2023-08-06
C17633,MG,Sudeste,35-44,2025-02-10
C17634,RJ,Sudeste,25-34,2023-09-08
C17635,SP,Sudeste,45-54,2023-10-04
C17636,MG,Sudeste,18-24,2025-10-26
C17637,RS,Sul,35-44,2025-07-06
C17638,ES,Sudeste,25-34,2023-03-14
C17639,ES,Sudeste,25-34,2023-06-02
C17640,SP,Sudeste,35-44,2024-10-02
C17641,GO,Centro-Oeste,35-44,2025-01-06
C17642,MG,Sudeste,18-24,2025-04-18
C17643,SP,Sudeste,35-44,2025-09-09
C17644,BA,Nordeste,35-44,2023-12-10
C17645,CE,Nordeste,25-34,2023-08-21
C17646,SP,Sudeste,18-24,2022-06-22
C17647,SP,Sudeste,45-54,2023-01-22
C17648,ES,Sudeste,25-34,2025-03-16
C17649,PR,Sul,35-44,2023-01-15
C17650,SP,Sudeste,18-24,2025-01-21
C17651,MG,Sudeste,18-24,2023-04-27
C17652,SP,Sudeste,35-44,2024-09-17
C17653,SP,Sudeste,45-54,2023-10-23
C17654,BA,Nordeste,25-34,2025-05-12
C17655,SC,Sul,35-44,2023-05-16
C17656,SP,Sudeste,25-34,2023-04-26
C17657,PE,Nordeste,25-34,2024-02-28
C17658,PR,Sul,18-24,2024-09-05
C17659,ES,Sudeste,35-44,2023-10-21
C17660,GO,Centro-Oeste,25-34,2025-12-11
C17661,PR,Sul,25-34,2025-12-31
C17662,SP,Sudeste,35-44,2023-08-14
C17663,SP,Sudeste,35-44,2024-02-09
C17664,SP,Sudeste,45-54,2024-03-01
C17665,PR,Sul,25-34,2022-04-16
C17666,MG,Sudeste,35-44,2023-02-20
C17667,SP,Sudeste,55+,2024-02-08
C17668,MG,Sudeste,35-44,2025-07-15
C17669,CE,Nordeste,45-54,2022-10-01
C17670,RJ,Sudeste,35-44,2024-12-15
C17671,MG,Sudeste,35-44,2024-10-16
C17672,SP,Sudeste,35-44,2022-12-30
C17673,SP,Sudeste,25-34,2024-12-29
C17674,GO,Centro-Oeste,45-54,2023-03-22
C17675,SP,Sudeste,35-44,2021-12-26
C17676,RJ,Sudeste,25-34,2022-12-08
C17677,PR,Sul,25-34,2023-07-15
C17678,GO,Centro-Oeste,18-24,2023-11-14
C17679,ES,Sudeste,35-44,2024-07-18
C17680,BA,Nordeste,35-44,2025-06-05
C17681,CE,Nordeste,18-24,2024-11-27
C17682,GO,Centro-Oeste,25-34,2023-07-29
C17683,DF,Centro-Oeste,55+,2025-08-16
C17684,RJ,Sudeste,18-24,2023-06-13
C17685,SP,Sudeste,55+,2023-01-06
C17686,PR,Sul,35-44,2022-07-12
C17687,SP,Sudeste,45-54,2023-02-25
C17688,SP,Sudeste,25-34,2025-12-11
C17689,SP,Sudeste,45-54,2025-06-01
C17690,ES,Sudeste,45-54,2023-06-11
C17691,RJ,Sudeste,25-34,2023-07-08
C17692,MG,Sudeste,35-44,2023-11-24
C17693,PE,Nordeste,45-54,2025-03-14
C17694,RJ,Sudeste,25-34,2025-04-02
C17695,SP,Sudeste,45-54,2022-08-10
C17696,PR,Sul,18-24,2023-11-19
C17697,MG,Sudeste,55+,2025-10-07
C17698,SP,Sudeste,45-54,2022-10-26
C17699,PR,Sul,45-54,2024-10-07
C17700,SP,Sudeste,35-44,2025-05-08
C17701,PR,Sul,25-34,2023-04-22
C17702,RS,Sul,45-54,2025-03-14
C17703,MG,Sudeste,25-34,2025-10-04
C17704,DF,Centro-Oeste,45-54,2021-12-03
C17705,SP,Sudeste,25-34,2025-10-21
C17706,SP,Sudeste,25-34,2023-04-22
C17707,SP,Sudeste,45-54,2024-01-07
C17708,GO,Centro-Oeste,55+,2024-03-30
C17709,MG,Sudeste,45-54,2023-05-27
C17710,SP,Sudeste,35-44,2023-01-08
C17711,GO,Centro-Oeste,45-54,2022-09-26
C17712,SP,Sudeste,35-44,2024-01-16
C17713,SP,Sudeste,55+,2024-07-01
C17714,AM,Norte,35-44,2022-08-14
C17715,MG,Sudeste,25-34,2025-08-20
C17716,SP,Sudeste,35-44,2022-07-16
C17717,SC,Sul,45-54,2025-12-31
C17718,PR,Sul,55+,2022-11-19
C17719,CE,Nordeste,18-24,2024-03-22
C17720,BA,Nordeste,35-44,2024-11-10
C17721,SP,Sudeste,45-54,2024-12-24
C17722,SP,Sudeste,55+,2025-01-07
C17723,PR,Sul,35-44,2025-07-27
C17724,MT,Centro-Oeste,35-44,2024-12-15
C17725,BA,Nordeste,25-34,2022-12-02
C17726,SP,Sudeste,35-44,2023-04-30
C17727,PE,Nordeste,35-44,2023-11-22
C17728,MG,Sudeste,35-44,2023-04-22
C17729,RJ,Sudeste,35-44,2023-08-24
C17730,DF,Centro-Oeste,25-34,2025-12-16
C17731,CE,Nordeste,25-34,2025-01-29
C17732,GO,Centro-Oeste,45-54,2025-09-26
C17733,PR,Sul,35-44,2023-08-16
C17734,PE,Nordeste,25-34,2022-12-14
C17735,BA,Nordeste,45-54,2024-09-04
C17736,SP,Sudeste,25-34,2024-11-18
C17737,SP,Sudeste,18-24,2023-06-03
C17738,RJ,Sudeste,18-24,2025-06-26
C17739,ES,Sudeste,25-34,2022-04-25
C17740,PA,Norte,25-34,2025-12-07
C17741,SC,Sul,45-54,2024-08-26
C17742,RJ,Sudeste,35-44,2022-06-17
C17743,RN,Nordeste,25-34,2025-04-26
C17744,SP,Sudeste,25-34,2023-05-17
C17745,SP,Sudeste,25-34,2025-04-04
C17746,SP,Sudeste,55+,2022-08-18
C17747,SP,Sudeste,25-34,2024-03-06
C17748,SC,Sul,45-54,2023-05-04
C17749,GO,Centro-Oeste,35-44,2025-11-30
C17750,SP,Sudeste,25-34,2025-01-23
C17751,RJ,Sudeste,45-54,2024-09-27
C17752,SP,Sudeste,25-34,2022-12-23
C17753,DF,Centro-Oeste,35-44,2023-11-20
C17754,SC,Sul,18-24,2024-09-27
C17755,MG,Sudeste,18-24,2022-08-11
C17756,MG,Sudeste,55+,2025-07-06
C17757,RS,Sul,35-44,2023-07-08
C17758,PR,Sul,35-44,2021-12-14
C17759,SP,Sudeste,25-34,2023-07-06
C17760,SP,Sudeste,35-44,2023-12-25
C17761,PR,Sul,25-34,2024-05-22
C17762,MG,Sudeste,18-24,2025-10-13
C17763,PR,Sul,25-34,2025-06-24
C17764,MG,Sudeste,25-34,2025-11-02
C17765,SP,Sudeste,55+,2025-09-14
C17766,MG,Sudeste,55+,2024-04-14
C17767,MG,Sudeste,25-34,2024-05-17
C17768,PA,Norte,25-34,2022-11-07
C17769,SP,Sudeste,35-44,2023-08-11
C17770,SP,Sudeste,55+,2024-09-20
C17771,BA,Nordeste,25-34,2023-09-13
C17772,RS,Sul,35-44,2025-03-17
C17773,MG,Sudeste,18-24,2025-08-14
C17774,SP,Sudeste,55+,2022-05-27
C17775,MG,Sudeste,45-54,2022-06-18
C17776,RS,Sul,25-34,2024-06-29
C17777,GO,Centro-Oeste,25-34,2025-06-09
C17778,SC,Sul,25-34,2022-07-13
C17779,CE,Nordeste,35-44,2023-01-30
C17780,SP,Sudeste,25-34,2024-04-29
C17781,RJ,Sudeste,35-44,2024-11-21
C17782,BA,Nordeste,25-34,2024-04-09
C17783,RS,Sul,35-44,2025-04-11
C17784,SP,Sudeste,25-34,2025-10-18
C17785,SP,Sudeste,25-34,2025-11-01
C17786,CE,Nordeste,45-54,2025-03-05
C17787,SP,Sudeste,25-34,2024-09-27
C17788,PR,Sul,25-34,2024-08-03
C17789,MG,Sudeste,25-34,2024-11-19
C17790,DF,Centro-Oeste,55+,2025-06-11
C17791,SP,Sudeste,18-24,2023-09-27
C17792,SP,Sudeste,25-34,2023-04-03
C17793,PA,Norte,25-34,2022-07-04
C17794,PE,Nordeste,25-34,2024-01-29
C17795,ES,Sudeste,45-54,2022-05-21
C17796,MG,Sudeste,55+,2025-07-04
C17797,MG,Sudeste,25-34,2025-09-23
C17798,SP,Sudeste,55+,2023-07-16
C17799,MG,Sudeste,25-34,2023-05-18
C17800,SP,Sudeste,25-34,2024-04-25
C17801,SP,Sudeste,25-34,2025-07-10
C17802,SP,Sudeste,35-44,2025-06-26
C17803,PR,Sul,35-44,2025-09-04
C17804,SP,Sudeste,35-44,2024-08-15
C17805,SP,Sudeste,25-34,2023-07-19
C17806,SP,Sudeste,35-44,2023-09-08
C17807,SC,Sul,45-54,2024-02-28
C17808,SP,Sudeste,45-54,2025-04-10
C17809,PA,Norte,35-44,2025-03-16
C17810,SP,Sudeste,55+,2024-01-07
C17811,SP,Sudeste,35-44,2025-02-21
C17812,RJ,Sudeste,35-44,2023-01-04
C17813,MG,Sudeste,35-44,2025-07-26
C17814,PR,Sul,18-24,2025-03-21
C17815,SP,Sudeste,25-34,2024-04-13
C17816,PA,Norte,25-34,2025-05-17
C17817,MG,Sudeste,18-24,2024-08-02
C17818,PR,Sul,45-54,2023-03-31
C17819,CE,Nordeste,35-44,2024-10-28
C17820,DF,Centro-Oeste,35-44,2025-11-17
C17821,SP,Sudeste,45-54,2025-01-15
C17822,RJ,Sudeste,35-44,2023-04-21
C17823,ES,Sudeste,45-54,2023-03-11
C17824,PR,Sul,35-44,2024-02-27
C17825,RJ,Sudeste,45-54,2024-10-25
C17826,RJ,Sudeste,18-24,2023-03-18
C17827,SP,Sudeste,55+,2025-01-30
C17828,SP,Sudeste,35-44,2024-02-04
C17829,SP,Sudeste,35-44,2022-10-30
C17830,MG,Sudeste,25-34,2024-07-30
C17831,RJ,Sudeste,55+,2022-10-31
C17832,PE,Nordeste,45-54,2025-07-07
C17833,GO,Centro-Oeste,35-44,2023-11-13
C17834,PR,Sul,45-54,2023-09-08
C17835,PE,Nordeste,35-44,2025-07-08
C17836,RJ,Sudeste,18-24,2024-03-23
C17837,PR,Sul,25-34,2022-07-31
C17838,SP,Sudeste,25-34,2023-02-08
C17839,CE,Nordeste,35-44,2023-02-09
C17840,SC,Sul,45-54,2025-11-05
C17841,SP,Sudeste,25-34,2023-07-25
C17842,SC,Sul,45-54,2025-07-31
C17843,RJ,Sudeste,25-34,2024-05-30
C17844,RJ,Sudeste,35-44,2025-03-05
C17845,PR,Sul,25-34,2025-02-09
C17846,SP,Sudeste,35-44,2025-02-10
C17847,SP,Sudeste,45-54,2022-12-07
C17848,GO,Centro-Oeste,25-34,2025-01-21
C17849,SP,Sudeste,35-44,2022-07-05
C17850,GO,Centro-Oeste,35-44,2025-06-02
C17851,MG,Sudeste,25-34,2023-07-09
C17852,RJ,Sudeste,25-34,2025-04-06
C17853,PR,Sul,25-34,2023-10-20
C17854,PR,Sul,18-24,2023-04-27
C17855,SP,Sudeste,35-44,2025-03-31
C17856,SP,Sudeste,35-44,2023-09-15
C17857,RJ,Sudeste,45-54,2024-02-21
C17858,RJ,Sudeste,25-34,2023-05-31
C17859,RJ,Sudeste,35-44,2025-07-29
C17860,SP,Sudeste,35-44,2023-08-17
C17861,BA,Nordeste,18-24,2024-12-25
C17862,MG,Sudeste,18-24,2023-02-25
C17863,RN,Nordeste,25-34,2025-11-09
C17864,SP,Sudeste,35-44,2025-11-01
C17865,SP,Sudeste,55+,2024-02-15
C17866,RS,Sul,35-44,2024-06-13
C17867,PE,Nordeste,35-44,2022-08-29
C17868,RS,Sul,35-44,2024-11-04
C17869,MG,Sudeste,25-34,2025-12-20
C17870,SP,Sudeste,18-24,2024-08-15
C17871,BA,Nordeste,25-34,2025-04-16
C17872,MG,Sudeste,25-34,2024-02-21
C17873,PR,Sul,25-34,2025-06-25
C17874,DF,Centro-Oeste,35-44,2023-08-22
C17875,RJ,Sudeste,35-44,2025-12-15
C17876,RJ,Sudeste,25-34,2024-08-29
C17877,PR,Sul,25-34,2024-04-21
C17878,RJ,Sudeste,25-34,2023-04-23
C17879,SP,Sudeste,35-44,2025-02-21
C17880,ES,Sudeste,35-44,2024-12-04
C17881,PA,Norte,45-54,2024-06-18
C17882,ES,Sudeste,25-34,2025-03-15
C17883,SP,Sudeste,25-34,2022-06-05
C17884,PR,Sul,35-44,2025-01-08
C17885,SP,Sudeste,35-44,2023-10-14
C17886,RN,Nordeste,25-34,2022-12-24
C17887,PR,Sul,18-24,2023-09-08
C17888,SC,Sul,55+,2022-08-06
C17889,PR,Sul,55+,2023-10-23
C17890,SP,Sudeste,45-54,2024-11-07
C17891,SC,Sul,55+,2025-11-03
C17892,CE,Nordeste,45-54,2024-05-04
C17893,RJ,Sudeste,35-44,2022-12-17
C17894,RJ,Sudeste,45-54,2024-07-02
C17895,RS,Sul,35-44,2024-11-02
C17896,RJ,Sudeste,45-54,2025-12-19
C17897,PR,Sul,45-54,2024-12-12
C17898,RJ,Sudeste,45-54,2022-03-04
C17899,SP,Sudeste,25-34,2024-02-07
C17900,SC,Sul,25-34,2024-02-20
C17901,SP,Sudeste,45-54,2025-01-01
C17902,SP,Sudeste,25-34,2025-05-31
C17903,RS,Sul,45-54,2023-10-06
C17904,MG,Sudeste,35-44,2024-07-01
C17905,PR,Sul,25-34,2025-08-05
C17906,SP,Sudeste,25-34,2022-06-21
C17907,RS,Sul,35-44,2023-02-14
C17908,SP,Sudeste,25-34,2023-10-05
C17909,RJ,Sudeste,25-34,2023-04-27
C17910,DF,Centro-Oeste,45-54,2022-09-19
C17911,DF,Centro-Oeste,55+,2023-10-22
C17912,SP,Sudeste,25-34,2025-08-14
C17913,SP,Sudeste,25-34,2023-03-31
C17914,PR,Sul,45-54,2024-12-11
C17915,RJ,Sudeste,18-24,2023-07-17
C17916,RJ,Sudeste,35-44,2022-03-02
C17917,PE,Nordeste,45-54,2022-07-06
C17918,SP,Sudeste,35-44,2023-08-16
C17919,SP,Sudeste,55+,2025-01-03
C17920,SP,Sudeste,35-44,2023-01-28
C17921,PA,Norte,45-54,2025-04-20
C17922,CE,Nordeste,25-34,2022-11-12
C17923,SC,Sul,35-44,2025-07-06
C17924,AM,Norte,35-44,2024-09-07
C17925,RJ,Sudeste,25-34,2023-10-14
C17926,RJ,Sudeste,35-44,2025-03-15
C17927,RJ,Sudeste,25-34,2025-05-02
C17928,SC,Sul,55+,2025-03-01
C17929,DF,Centro-Oeste,35-44,2024-04-06
C17930,SP,Sudeste,25-34,2024-10-22
C17931,RJ,Sudeste,55+,2025-07-04
C17932,RJ,Sudeste,25-34,2024-09-02
C17933,BA,Nordeste,35-44,2025-09-30
C17934,SP,Sudeste,25-34,2022-03-15
C17935,RJ,Sudeste,18-24,2023-08-06
C17936,RJ,Sudeste,18-24,2022-09-25
C17937,BA,Nordeste,45-54,2023-07-30
C17938,PE,Nordeste,35-44,2022-07-05
C17939,SP,Sudeste,45-54,2024-06-26
C17940,SC,Sul,45-54,2025-12-20
C17941,MG,Sudeste,25-34,2024-03-31
C17942,PA,Norte,25-34,2024-05-17
C17943,PR,Sul,35-44,2025-06-05
C17944,SC,Sul,18-24,2024-08-25
C17945,PR,Sul,35-44,2024-08-20
C17946,SP,Sudeste,25-34,2025-02-06
C17947,SP,Sudeste,45-54,2022-11-27
C17948,RN,Nordeste,25-34,2025-04-12
C17949,SP,Sudeste,35-44,2025-05-16
C17950,SP,Sudeste,25-34,2025-10-02
C17951,SC,Sul,25-34,2024-07-09
C17952,PR,Sul,25-34,2025-03-17
C17953,BA,Nordeste,25-34,2025-12-23
C17954,SP,Sudeste,35-44,2025-09-14
C17955,SP,Sudeste,25-34,2025-04-28
C17956,SP,Sudeste,25-34,2024-03-01
C17957,MG,Sudeste,25-34,2023-10-17
C17958,SP,Sudeste,55+,2025-07-26
C17959,RJ,Sudeste,25-34,2024-09-11
C17960,SC,Sul,35-44,2022-11-30
C17961,GO,Centro-Oeste,45-54,2025-01-07
C17962,RJ,Sudeste,45-54,2025-02-07
C17963,DF,Centro-Oeste,35-44,2024-11-29
C17964,SP,Sudeste,35-44,2025-09-23
C17965,DF,Centro-Oeste,18-24,2024-01-17
C17966,SP,Sudeste,55+,2023-03-11
C17967,SP,Sudeste,55+,2025-05-20
C17968,RS,Sul,25-34,2024-10-15
C17969,SP,Sudeste,45-54,2022-02-24
C17970,PE,Nordeste,25-34,2022-09-27
C17971,SP,Sudeste,35-44,2023-09-27
C17972,SP,Sudeste,25-34,2024-07-27
C17973,CE,Nordeste,55+,2024-10-15
C17974,SP,Sudeste,55+,2025-10-20
C17975,BA,Nordeste,55+,2025-03-10
C17976,PA,Norte,45-54,2025-06-28
C17977,SP,Sudeste,55+,2024-06-07
C17978,CE,Nordeste,45-54,2025-06-03
C17979,CE,Nordeste,35-44,2025-10-06
C17980,RJ,Sudeste,55+,2025-03-10
C17981,RJ,Sudeste,25-34,2025-06-15
C17982,RJ,Sudeste,45-54,2022-12-25
C17983,BA,Nordeste,25-34,2025-03-28
C17984,RJ,Sudeste,35-44,2025-11-04
C17985,ES,Sudeste,18-24,2022-04-27
C17986,RS,Sul,35-44,2023-01-27
C17987,MG,Sudeste,45-54,2022-06-01
C17988,SP,Sudeste,45-54,2024-12-07
C17989,SP,Sudeste,25-34,2024-06-22
C17990,ES,Sudeste,35-44,2022-08-29
C17991,DF,Centro-Oeste,35-44,2025-02-03
C17992,SC,Sul,35-44,2023-09-21
C17993,GO,Centro-Oeste,35-44,2025-02-18
C17994,RJ,Sudeste,55+,2024-10-30
C17995,SP,Sudeste,25-34,2025-01-28
C17996,RJ,Sudeste,18-24,2025-01-18
C17997,AM,Norte,25-34,2024-10-01
C17998,ES,Sudeste,18-24,2023-09-18
C17999,PE,Nordeste,25-34,2025-05-01
C18000,RJ,Sudeste,35-44,2024-01-02
